
CH32V006F8U.elf:     file format elf32-littleriscv
CH32V006F8U.elf
architecture: riscv:rv32, flags 0x00000112:
EXEC_P, HAS_SYMS, D_PAGED
start address 0x00000000

Program Header:
0x70000003 off    0x00035e27 vaddr 0x00000000 paddr 0x00000000 align 2**0
         filesz 0x00000030 memsz 0x00000000 flags r--
    LOAD off    0x00001000 vaddr 0x00000000 paddr 0x00000000 align 2**12
         filesz 0x00006ac0 memsz 0x00006ac0 flags r-x
    LOAD off    0x00008000 vaddr 0x20000000 paddr 0x00006ac0 align 2**12
         filesz 0x00000144 memsz 0x00000b90 flags rw-
    LOAD off    0x00000e00 vaddr 0x20001e00 paddr 0x20001e00 align 2**12
         filesz 0x00000000 memsz 0x00000200 flags rw-

Sections:
Idx Name          Size      VMA       LMA       File off  Algn
  0 .init         000000a8  00000000  00000000  00001000  2**2
                  CONTENTS, ALLOC, LOAD, READONLY, CODE
  1 .text         00006a18  000000a8  000000a8  000010a8  2**3
                  CONTENTS, ALLOC, LOAD, READONLY, CODE
  2 .fini         00000000  00006ac0  00006ac0  00008144  2**0
                  CONTENTS, ALLOC, LOAD, CODE
  3 .dalign       00000000  20000000  20000000  00008144  2**0
                  CONTENTS
  4 .dlalign      00000000  00006ac0  00006ac0  00008144  2**0
                  CONTENTS
  5 .data         00000144  20000000  00006ac0  00008000  2**2
                  CONTENTS, ALLOC, LOAD, DATA
  6 .bss          00000a4c  20000144  00006c04  00008144  2**2
                  ALLOC
  7 .stack        00000200  20001e00  20001e00  00008e00  2**0
                  ALLOC
  8 .debug_info   0000eca5  00000000  00000000  00008144  2**0
                  CONTENTS, READONLY, DEBUGGING, OCTETS
  9 .debug_abbrev 00002e9d  00000000  00000000  00016de9  2**0
                  CONTENTS, READONLY, DEBUGGING, OCTETS
 10 .debug_loclists 000061d3  00000000  00000000  00019c86  2**0
                  CONTENTS, READONLY, DEBUGGING, OCTETS
 11 .debug_aranges 00000dc8  00000000  00000000  0001fe60  2**3
                  CONTENTS, READONLY, DEBUGGING, OCTETS
 12 .debug_rnglists 00000fc3  00000000  00000000  00020c28  2**0
                  CONTENTS, READONLY, DEBUGGING, OCTETS
 13 .debug_line   00010151  00000000  00000000  00021beb  2**0
                  CONTENTS, READONLY, DEBUGGING, OCTETS
 14 .debug_str    000038d1  00000000  00000000  00031d3c  2**0
                  CONTENTS, READONLY, DEBUGGING, OCTETS
 15 .debug_line_str 000007e9  00000000  00000000  0003560d  2**0
                  CONTENTS, READONLY, DEBUGGING, OCTETS
 16 .comment      00000031  00000000  00000000  00035df6  2**0
                  CONTENTS, READONLY
 17 .riscv.attributes 00000030  00000000  00000000  00035e27  2**0
                  CONTENTS, READONLY
 18 .debug_frame  00001ebc  00000000  00000000  00035e58  2**2
                  CONTENTS, READONLY, DEBUGGING, OCTETS
SYMBOL TABLE:
00000000 l    d  .init	00000000 .init
000000a8 l    d  .text	00000000 .text
00006ac0 l    d  .fini	00000000 .fini
20000000 l    d  .dalign	00000000 .dalign
00006ac0 l    d  .dlalign	00000000 .dlalign
20000000 l    d  .data	00000000 .data
20000144 l    d  .bss	00000000 .bss
20001e00 l    d  .stack	00000000 .stack
00000000 l    d  .debug_info	00000000 .debug_info
00000000 l    d  .debug_abbrev	00000000 .debug_abbrev
00000000 l    d  .debug_loclists	00000000 .debug_loclists
00000000 l    d  .debug_aranges	00000000 .debug_aranges
00000000 l    d  .debug_rnglists	00000000 .debug_rnglists
00000000 l    d  .debug_line	00000000 .debug_line
00000000 l    d  .debug_str	00000000 .debug_str
00000000 l    d  .debug_line_str	00000000 .debug_line_str
00000000 l    d  .comment	00000000 .comment
00000000 l    d  .riscv.attributes	00000000 .riscv.attributes
00000000 l    d  .debug_frame	00000000 .debug_frame
00000000 l    df *ABS*	00000000 startup_ch32v00X.o
00000000 l    df *ABS*	00000000 save-restore.o
00000000 l    df *ABS*	00000000 div.o
00000000 l    df *ABS*	00000000 lib_a-memcpy-asm.o
00000000 l    df *ABS*	00000000 lib_a-memset.o
00000000 l    df *ABS*	00000000 lib_a-memmove.o
00000000 l    df *ABS*	00000000 ADC_k.c
00000000 l    df *ABS*	00000000 Buzzer_k.c
000004ae l     F .text	0000009a Buzzer_StartNext
2000018a l     O .bss	00000001 buzzer_head
20000189 l     O .bss	00000001 buzzer_tail
20000188 l     O .bss	00000001 buzzer_playing
2000018c l     O .bss	00000028 buzzer_queue
20000180 l     O .bss	00000004 buzzer_ccr
20000184 l     O .bss	00000004 buzzer_ms
00000000 l    df *ABS*	00000000 Encoder_k.c
200001c0 l     O .bss	00000004 Encoder_CNT
200001b4 l     O .bss	00000004 Encoder_Step_Value
200001bc l     O .bss	00000004 Encoder_CNT_MAX
200001b8 l     O .bss	00000004 Encoder_CNT_MIN
00000000 l    df *ABS*	00000000 Key_k.c
000006ee l     F .text	0000003e Key_Init
0000072c l     F .text	000000e0 Key_Scan
00000000 l    df *ABS*	00000000 OLED.c
200001c4 l     O .bss	00000401 data.0
00000000 l    df *ABS*	00000000 PID.c
00000000 l    df *ABS*	00000000 Timer_k.c
00000000 l    df *ABS*	00000000 WS2812_k.c
20000a48 l     O .bss	0000001e data2send
00000000 l    df *ABS*	00000000 ch32v00X_it.c
00000000 l    df *ABS*	00000000 main.c
00000000 l    df *ABS*	00000000 system_ch32v00X.c
00000000 l    df *ABS*	00000000 ch32v00X_adc.c
00000000 l    df *ABS*	00000000 ch32v00X_dma.c
00000000 l    df *ABS*	00000000 ch32v00X_exti.c
00000000 l    df *ABS*	00000000 ch32v00X_gpio.c
00000000 l    df *ABS*	00000000 ch32v00X_i2c.c
00000000 l    df *ABS*	00000000 ch32v00X_misc.c
00000000 l    df *ABS*	00000000 ch32v00X_rcc.c
20000084 l     O .data	00000010 PBHBPrescTable
20000070 l     O .data	00000014 ADCPrescTable
00000000 l    df *ABS*	00000000 ch32v00X_spi.c
00000000 l    df *ABS*	00000000 ch32v00X_tim.c
00000000 l    df *ABS*	00000000 ch32v00X_usart.c
00000000 l    df *ABS*	00000000 debug.c
20000b8e l     O .bss	00000001 p_us
20000b8c l     O .bss	00000002 p_ms
20000094 l     O .data	00000004 curbrk.0
00000000 l    df *ABS*	00000000 lib_a-s_round.o
00000000 l    df *ABS*	00000000 lib_a-wf_log.o
00000000 l    df *ABS*	00000000 lib_a-ef_log.o
00000000 l    df *ABS*	00000000 lib_a-sf_nan.o
00000000 l    df *ABS*	00000000 adddf3.o
00000000 l    df *ABS*	00000000 muldf3.o
00000000 l    df *ABS*	00000000 subdf3.o
00000000 l    df *ABS*	00000000 fixunsdfsi.o
00000000 l    df *ABS*	00000000 floatunsidf.o
00000000 l    df *ABS*	00000000 addsf3.o
00000000 l    df *ABS*	00000000 divsf3.o
00000000 l    df *ABS*	00000000 eqsf2.o
00000000 l    df *ABS*	00000000 gesf2.o
00000000 l    df *ABS*	00000000 lesf2.o
00000000 l    df *ABS*	00000000 mulsf3.o
00000000 l    df *ABS*	00000000 subsf3.o
00000000 l    df *ABS*	00000000 unordsf2.o
00000000 l    df *ABS*	00000000 fixunssfsi.o
00000000 l    df *ABS*	00000000 floatsisf.o
00000000 l    df *ABS*	00000000 floatunsisf.o
00000000 l    df *ABS*	00000000 extendsfdf2.o
00000000 l    df *ABS*	00000000 truncdfsf2.o
00000000 l    df *ABS*	00000000 _clzsi2.o
00000000 l    df *ABS*	00000000 lib_a-errno.o
00000000 l    df *ABS*	00000000 lib_a-vsprintf.o
00000000 l    df *ABS*	00000000 lib_a-nano-svfprintf.o
00000000 l    df *ABS*	00000000 lib_a-nano-vfprintf_i.o
00000000 l    df *ABS*	00000000 lib_a-memchr.o
00000000 l    df *ABS*	00000000 lib_a-nano-freer.o
00000000 l    df *ABS*	00000000 lib_a-nano-mallocr.o
00005d9c l     F .text	0000004c sbrk_aligned
00000000 l    df *ABS*	00000000 lib_a-nano-reallocr.o
00000000 l    df *ABS*	00000000 lib_a-sbrkr.o
00000000 l    df *ABS*	00000000 lib_a-mlock.o
00000000 l    df *ABS*	00000000 lib_a-nano-msizer.o
00000000 l    df *ABS*	00000000 lib_a-lock.o
00000000 l    df *ABS*	00000000 OLED_Data.c
00000000 l    df *ABS*	00000000 lib_a-impure.o
20000098 l     O .data	00000060 impure_data
00001958  w      .text	00000000 OPCM_IRQHandler
00002624 g     F .text	00000016 TIM_TimeBaseStructInit
00005f9e g     F .text	00000014 _malloc_usable_size_r
20000b30 g     O .bss	00000038 vin_mf
20000000 g     O .data	00000010 Key_Enable
00002816 g     F .text	00000028 TIM_SetCompare2
00001bfc g     F .text	00000014 DMA_Cmd
00000cc0 g     F .text	0000006e OLED_ShowNum
20000a88 g     O .bss	00000038 Iout_mf
000027b6 g     F .text	00000020 TIM_CCxCmd
200008f8 g       .data	00000000 __global_pointer$
000055fc g     F .text	00000012 vsprintf
00001958  w      .text	00000000 TIM1_CC_IRQHandler
0000243e g     F .text	00000004 SPI_I2S_SendData
000013b6 g     F .text	00000010 HardFault_Handler
00006240 g     O .text	000005f0 OLED_F8x16
00005f98 g     F .text	00000006 __malloc_unlock
00002a06 g     F .text	000000ae round
00001a64 g     F .text	00000012 ADC_DMACmd
000006de g     F .text	00000006 BSP_Encoder_Set_Step_Value
00004604 g     F .text	00000344 .hidden __divsf3
00001958  w      .text	00000000 SysTick_Handler
0000225e g     F .text	00000062 NVIC_Init
00001958  w      .text	00000000 PVD_IRQHandler
00000160 g     F .text	00000026 memmove
20000154 g     O .bss	0000000c ADC_Regular_Data
000013b4 g     F .text	00000002 NMI_Handler
000055c4 g     F .text	0000000a __errno
20000ac0 g     O .bss	00000038 Iin_mf
20000a68 g     O .bss	00000010 Temperature_Limit
00002ab4 g     F .text	0000006c logf
2000014c g     O .bss	00000004 errno
20000144 g       .bss	00000000 _sbss
00000200 g       *ABS*	00000000 __stack_size
00000844 g     F .text	0000006c OLED_IO_Init
00002980 g     F .text	0000005c USART_Printf_Init
00001bc4 g     F .text	00000038 DMA_Init
00004db2 g     F .text	00000380 .hidden __subsf3
000000b2 g     F .text	0000000a .hidden __riscv_restore_2
000026b2 g     F .text	00000016 TIM_CtrlPWMOutputs
0000013a g     F .text	00000016 memcpy
00001404 g     F .text	00000096 OLED_UI_Init
00001a54 g     F .text	00000010 ADC_Cmd
00000a12 g     F .text	000000ba OLED_Init
00001d22 g     F .text	000000a2 GPIO_PinRemapConfig
000056de g     F .text	0000025c _svfprintf_r
00000fca g     F .text	000000b2 PID_Position_Calc
000023d2 g     F .text	0000001e RCC_PB2PeriphResetCmd
0000127c g     F .text	000000c2 BSP_WS2812_Set_Color
0000265c g     F .text	00000056 TIM_Cmd
00002b20 g     F .text	000002d0 __ieee754_logf
000000c4 g     F .text	0000002c .hidden __hidden___udivsi3
2000006c g     O .data	00000004 SystemCoreClock
000055ce g     F .text	0000002e _vsiprintf_r
00000d2e g     F .text	000000ba OLED_ShowFloatNum
000000c4 g     F .text	0000002c .hidden __udivsi3
000000a8 g       .init	00000000 _einit
00002866 g     F .text	0000000c TIM_ClearITPendingBit
20000010 g     O .data	00000010 Key_Encoder
00000b40 g     F .text	00000106 OLED_ShowImage
00004a3a g     F .text	00000098 .hidden __lesf2
000041de g     F .text	00000058 .hidden __fixunsdfsi
00001c98 g     F .text	00000076 GPIO_Init
000022c0 g     F .text	00000016 RCC_ADCCLKConfig
20000b88 g     O .bss	00000004 NVIC_Priority_Group
00001958  w      .text	00000000 SPI1_IRQHandler
0000290e g     F .text	00000014 USART_Cmd
00005f6a g     F .text	00000028 _sbrk_r
000000a8 g     F .text	0000000a .hidden __riscv_save_1
0000107c g     F .text	000000fa BSP_TIM1_Init
20000020 g     O .data	0000003c PID_Voltage
000000b2 g     F .text	0000000a .hidden __riscv_restore_0
00001958  w      .text	00000000 AWU_IRQHandler
00002590 g     F .text	00000094 TIM_OC3Init
0000063e g     F .text	0000009a EXTI7_0_IRQHandler
0000535a g     F .text	000000a6 .hidden __extendsfdf2
00002dfa g     F .text	000006fc .hidden __adddf3
00004948 g     F .text	0000005c .hidden __nesf2
20001e00 g       .stack	00000000 _heap_end
00005ef8 g     F .text	00000072 _realloc_r
00002442 g     F .text	0000000a SPI_I2S_GetFlagStatus
00001958  w      .text	00000000 DMA1_Channel4_IRQHandler
00001a8e g     F .text	0000008c ADC_RegularChannelConfig
000055fc g     F .text	00000012 vsiprintf
000021fe g     F .text	00000004 I2C_SendData
00004236 g     F .text	00000070 .hidden __floatunsidf
00001958  w      .text	00000000 ADC1_IRQHandler
000029dc g     F .text	0000002a _sbrk
0000080c g     F .text	0000001c BSP_Key_Init
000020ec g     F .text	000000de I2C_Init
000005b2 g     F .text	0000008c BSP_Encoder_Init
00001c8c g     F .text	0000000c EXTI_ClearITPendingBit
20000b90 g       .bss	00000000 _ebss
00001752 g     F .text	00000072 BSP_Key_Task
000008b0 g     F .text	000000e0 HAL_I2C_Master_Transmit
00001958  w      .text	00000000 DMA1_Channel7_IRQHandler
00001a76 g     F .text	00000018 ADC_SoftwareStartConvCmd
00002778 g     F .text	0000003e TIM_OC3PreloadConfig
00000c46 g     F .text	0000003a OLED_ShowChar
000027ee g     F .text	00000028 TIM_SetAutoreload
00000428 g     F .text	00000074 Mean_Filter_Update
00002922 g     F .text	00000030 Delay_Init
20000150 g     O .bss	00000001 __lock___malloc_recursive_mutex
20000160 g     O .bss	00000020 ADC_Value
00002396 g     F .text	0000001e RCC_PB2PeriphClockCmd
00001de6 g     F .text	00000306 GPIO_IPD_Unused
000049a4 g     F .text	00000096 .hidden __gtsf2
00001d1a g     F .text	00000004 GPIO_SetBits
00000c80 g     F .text	00000040 OLED_ShowString
000026da g     F .text	00000058 TIM_ARRPreloadConfig
000000f0 g     F .text	00000008 .hidden __umodsi3
000021ca g     F .text	0000001a I2C_GenerateSTART
00001958  w      .text	00000000 I2C1_EV_IRQHandler
00005fb4 g     F .text	00000002 __retarget_lock_release_recursive
0000560e g     F .text	000000d0 __ssputs_r
000022d6 g     F .text	000000a2 RCC_GetClocksFreq
00001958  w      .text	00000000 DMA1_Channel6_IRQHandler
0000555c g     F .text	00000068 .hidden __clzsi2
00000e1e g     F .text	0000003a OLED_DrawPoint
00005ce6 g     F .text	00000018 memchr
00002872 g     F .text	0000009c USART_Init
00005cfe g     F .text	0000009e _free_r
00000386 g     F .text	000000a2 BSP_ADC_Loop
00001958  w      .text	00000000 RCC_IRQHandler
20000648 g     O .bss	00000400 OLED_DisplayBuf
00001958  w      .text	00000000 TIM1_TRG_COM_IRQHandler
00001958  w      .text	00000000 DMA1_Channel1_IRQHandler
00001252 g     F .text	0000002a BSP_WS2812_Reset
00000000 g       .init	00000000 _start
00002226 g     F .text	00000032 I2C_GetFlagStatus
0000149a g     F .text	000001a2 OLED_Data_Update
00002378 g     F .text	0000001e RCC_HBPeriphClockCmd
00002732 g     F .text	00000046 TIM_OC2PreloadConfig
000051c0 g     F .text	000000d4 .hidden __floatsisf
000023b4 g     F .text	0000001e RCC_PB1PeriphClockCmd
000026c8 g     F .text	00000012 TIM_ITConfig
000024b8 g     F .text	000000d8 TIM_OC2Init
00001c10 g     F .text	00000062 EXTI_Init
00004948 g     F .text	0000005c .hidden __eqsf2
00000e58 g     F .text	00000164 OLED_DrawLine
00001d1e g     F .text	00000004 GPIO_ResetBits
000027d6 g     F .text	00000018 TIM_SelectOutputTrigger
0000049c g     F .text	00000012 Mean_Filter_Init
00000186 g     F .text	00000170 BSP_ADC_Init
20000000 g       .dalign	00000000 _data_vma
00001230 g     F .text	0000000e BSP_PWM_DAC_Set_CCR
0000283e g     F .text	00000028 TIM_SetCompare3
20000af8 g     O .bss	00000038 vout_mf
000009b0 g     F .text	0000004a OLED_WriteData
00001dc4 g     F .text	00000022 GPIO_EXTILineConfig
00006004 g     O .text	0000023a OLED_F6x8
000034f6 g     F .text	0000057e .hidden __muldf3
00002202 g     F .text	0000000e I2C_Send7bitAddress
00000acc g     F .text	00000074 OLED_ClearArea
00005f92 g     F .text	00000006 __malloc_lock
00001c72 g     F .text	0000001a EXTI_GetITStatus
00000a04 g     F .text	0000000e OLED_Clear
00000de8 g     F .text	00000036 OLED_Printf
00005fb2 g     F .text	00000002 __retarget_lock_acquire_recursive
00000150 g     F .text	00000010 memset
000006e4 g     F .text	0000000a BSP_EncoderCNT_Set_Range
00001700 g     F .text	00000052 main
0000133e g     F .text	00000076 BSP_WS2812_Init
00004a3a g     F .text	00000098 .hidden __ltsf2
0000163c g     F .text	000000c4 System_Init
00005400 g     F .text	0000015c .hidden __truncdfsf2
00005de8 g     F .text	00000110 _malloc_r
00001958  w      .text	00000000 DMA1_Channel5_IRQHandler
000000bc g     F .text	00000058 .hidden __divsi3
00002952 g     F .text	0000002e Delay_Ms
000017c4 g     F .text	0000006c BSP_TIM1_IQR_Callback
00004ad2 g     F .text	000002e0 .hidden __mulsf3
00001b1a g     F .text	00000018 ADC_BufferCmd
00000548 g     F .text	0000004e Buzzer_Play
00002424 g     F .text	0000001a SPI_Cmd
00001830 g     F .text	000000c2 SystemInit
0000692c g     O .text	00000100 .hidden __clz_tab
00000000 g       .init	00000000 _sinit
000049a4 g     F .text	00000096 .hidden __gesf2
000013c6 g     F .text	0000003e Warning_Trigger_Update
000055ce g     F .text	0000002e _vsprintf_r
00001958  w      .text	00000000 DMA1_Channel3_IRQHandler
200005c8 g     O .bss	00000080 String
00002df0 g     F .text	0000000a nanf
0000593a g     F .text	00000100 _printf_common
200000f8 g     O .data	00000004 _impure_ptr
0000123e g     F .text	00000014 TIM1_UP_IRQHandler
000009fa g     F .text	0000000a OLED_Update
000006d8 g     F .text	00000006 BSP_Encoder_Set_Cnt
000056de g     F .text	0000025c _svfiprintf_r
00001958  w      .text	00000000 WWDG_IRQHandler
20000b68 g     O .bss	00000020 dp
00001958  w      .text	00000000 TIM2_IRQHandler
20002000 g       .stack	00000000 _eusrstack
000000a8 g     F .text	0000000a .hidden __riscv_save_2
00001958  w      .text	00000000 SW_Handler
000019dc g     F .text	0000002a ADC_DeInit
0000263a g     F .text	00000022 TIM_OCStructInit
00001958  w      .text	00000000 TIM1_BRK_IRQHandler
00001a06 g     F .text	0000004e ADC_Init
00000828 g     F .text	0000001c BSP_Key_Scan
20000144 g       .data	00000000 _edata
00000596 g     F .text	0000001c BSP_Buzzer_Task
20000b90 g       .bss	00000000 _end
00005132 g     F .text	0000003c .hidden __unordsf2
0000244c g     F .text	0000006c TIM_TimeBaseInit
00006ac0 g       .dlalign	00000000 _data_lma
00001958  w      .text	00000000 USART2_IRQHandler
000002f6 g     F .text	00000090 NTC_GetTemperature
000018f2 g     F .text	00000066 SystemCoreClockUpdate
00005294 g     F .text	000000c6 .hidden __floatunsisf
00000114 g     F .text	00000024 .hidden __modsi3
00001958  w      .text	00000000 DMA1_Channel2_IRQHandler
2000005c g     O .data	00000010 HBPrescTable
0000195a  w      .text	00000000 handle_reset
0000516e g     F .text	00000052 .hidden __fixunssfsi
00000fbc g     F .text	0000000e PID_Reset
00001958  w      .text	00000000 FLASH_IRQHandler
000000a8 g     F .text	0000000a .hidden __riscv_save_0
00001958  w      .text	00000000 USART1_IRQHandler
00005a3a g     F .text	000002ac _printf_i
00001176 g     F .text	000000ba BSP_TIM2_Init
20000144 g     O .bss	00000004 __malloc_sbrk_start
00002210 g     F .text	00000016 I2C_CheckEvent
000021e4 g     F .text	0000001a I2C_GenerateSTOP
00001958  w      .text	00000000 I2C1_ER_IRQHandler
000023f0 g     F .text	00000034 SPI_Init
00002258 g     F .text	00000006 NVIC_PriorityGroupConfig
00001b32 g     F .text	00000092 DMA_DeInit
20000148 g     O .bss	00000004 __malloc_free_list
000000b2 g     F .text	0000000a .hidden __riscv_restore_1
00003a74 g     F .text	0000076a .hidden __subdf3
20000a78 g     O .bss	00000010 Input_Power_Limit
00001d0e g     F .text	0000000c GPIO_ReadInputDataBit
000042a6 g     F .text	0000035e .hidden __addsf3
00000990 g     F .text	00000020 OLED_WriteCommand



Disassembly of section .init:

00000000 <_sinit>:
   0:	15b0106f          	j	195a <handle_reset>
   4:	00000000          	.word	0x00000000
   8:	000013b4          	.word	0x000013b4
   c:	000013b6          	.word	0x000013b6
	...
  30:	00001958          	.word	0x00001958
  34:	00000000          	.word	0x00000000
  38:	00001958          	.word	0x00001958
  3c:	00000000          	.word	0x00000000
  40:	00001958          	.word	0x00001958
  44:	00001958          	.word	0x00001958
  48:	00001958          	.word	0x00001958
  4c:	00001958          	.word	0x00001958
  50:	0000063e          	.word	0x0000063e
  54:	00001958          	.word	0x00001958
  58:	00001958          	.word	0x00001958
  5c:	00001958          	.word	0x00001958
  60:	00001958          	.word	0x00001958
  64:	00001958          	.word	0x00001958
  68:	00001958          	.word	0x00001958
  6c:	00001958          	.word	0x00001958
  70:	00001958          	.word	0x00001958
  74:	00001958          	.word	0x00001958
  78:	00001958          	.word	0x00001958
  7c:	00001958          	.word	0x00001958
  80:	00001958          	.word	0x00001958
  84:	00001958          	.word	0x00001958
  88:	00001958          	.word	0x00001958
  8c:	0000123e          	.word	0x0000123e
  90:	00001958          	.word	0x00001958
  94:	00001958          	.word	0x00001958
  98:	00001958          	.word	0x00001958
  9c:	00001958          	.word	0x00001958
  a0:	00001958          	.word	0x00001958
  a4:	0000                	unimp
	...

Disassembly of section .text:

000000a8 <__riscv_save_0>:
      a8:	1151                	addi	sp,sp,-12
      aa:	c026                	sw	s1,0(sp)
      ac:	c222                	sw	s0,4(sp)
      ae:	c406                	sw	ra,8(sp)
      b0:	8282                	jr	t0

000000b2 <__riscv_restore_0>:
      b2:	4482                	lw	s1,0(sp)
      b4:	4412                	lw	s0,4(sp)
      b6:	40a2                	lw	ra,8(sp)
      b8:	0131                	addi	sp,sp,12
      ba:	8082                	ret

000000bc <__divsi3>:
      bc:	02054e63          	bltz	a0,f8 <__umodsi3+0x8>
      c0:	0405c363          	bltz	a1,106 <__umodsi3+0x16>

000000c4 <__hidden___udivsi3>:
      c4:	862e                	mv	a2,a1
      c6:	85aa                	mv	a1,a0
      c8:	557d                	li	a0,-1
      ca:	c215                	beqz	a2,ee <__hidden___udivsi3+0x2a>
      cc:	4685                	li	a3,1
      ce:	00b67863          	bgeu	a2,a1,de <__hidden___udivsi3+0x1a>
      d2:	00c05663          	blez	a2,de <__hidden___udivsi3+0x1a>
      d6:	0606                	slli	a2,a2,0x1
      d8:	0686                	slli	a3,a3,0x1
      da:	feb66ce3          	bltu	a2,a1,d2 <__hidden___udivsi3+0xe>
      de:	4501                	li	a0,0
      e0:	00c5e463          	bltu	a1,a2,e8 <__hidden___udivsi3+0x24>
      e4:	8d91                	sub	a1,a1,a2
      e6:	8d55                	or	a0,a0,a3
      e8:	8285                	srli	a3,a3,0x1
      ea:	8205                	srli	a2,a2,0x1
      ec:	faf5                	bnez	a3,e0 <__hidden___udivsi3+0x1c>
      ee:	8082                	ret

000000f0 <__umodsi3>:
      f0:	8286                	mv	t0,ra
      f2:	3fc9                	jal	c4 <__hidden___udivsi3>
      f4:	852e                	mv	a0,a1
      f6:	8282                	jr	t0
      f8:	40a00533          	neg	a0,a0
      fc:	00b04763          	bgtz	a1,10a <__umodsi3+0x1a>
     100:	40b005b3          	neg	a1,a1
     104:	b7c1                	j	c4 <__hidden___udivsi3>
     106:	40b005b3          	neg	a1,a1
     10a:	8286                	mv	t0,ra
     10c:	3f65                	jal	c4 <__hidden___udivsi3>
     10e:	40a00533          	neg	a0,a0
     112:	8282                	jr	t0

00000114 <__modsi3>:
     114:	8286                	mv	t0,ra
     116:	0005c763          	bltz	a1,124 <__modsi3+0x10>
     11a:	00054963          	bltz	a0,12c <__modsi3+0x18>
     11e:	375d                	jal	c4 <__hidden___udivsi3>
     120:	852e                	mv	a0,a1
     122:	8282                	jr	t0
     124:	40b005b3          	neg	a1,a1
     128:	fe055be3          	bgez	a0,11e <__modsi3+0xa>
     12c:	40a00533          	neg	a0,a0
     130:	3f51                	jal	c4 <__hidden___udivsi3>
     132:	40b00533          	neg	a0,a1
     136:	8282                	jr	t0
	...

0000013a <memcpy>:
     13a:	832a                	mv	t1,a0
     13c:	ca09                	beqz	a2,14e <memcpy+0x14>
     13e:	00058383          	lb	t2,0(a1)
     142:	00730023          	sb	t2,0(t1)
     146:	167d                	addi	a2,a2,-1
     148:	0305                	addi	t1,t1,1
     14a:	0585                	addi	a1,a1,1
     14c:	fa6d                	bnez	a2,13e <memcpy+0x4>
     14e:	8082                	ret

00000150 <memset>:
     150:	832a                	mv	t1,a0
     152:	c611                	beqz	a2,15e <memset+0xe>
     154:	00b30023          	sb	a1,0(t1)
     158:	167d                	addi	a2,a2,-1
     15a:	0305                	addi	t1,t1,1
     15c:	fe65                	bnez	a2,154 <memset+0x4>
     15e:	8082                	ret

00000160 <memmove>:
     160:	c215                	beqz	a2,184 <memmove+0x24>
     162:	832a                	mv	t1,a0
     164:	4685                	li	a3,1
     166:	00b56763          	bltu	a0,a1,174 <memmove+0x14>
     16a:	56fd                	li	a3,-1
     16c:	fff60713          	addi	a4,a2,-1
     170:	933a                	add	t1,t1,a4
     172:	95ba                	add	a1,a1,a4
     174:	00058383          	lb	t2,0(a1)
     178:	00730023          	sb	t2,0(t1)
     17c:	167d                	addi	a2,a2,-1
     17e:	9336                	add	t1,t1,a3
     180:	95b6                	add	a1,a1,a3
     182:	fa6d                	bnez	a2,174 <memmove+0x14>
     184:	8082                	ret

00000186 <BSP_ADC_Init>:
     186:	f23ff2ef          	jal	t0,a8 <__riscv_save_0>
     18a:	715d                	addi	sp,sp,-80
     18c:	4661                	li	a2,24
     18e:	4581                	li	a1,0
     190:	0068                	addi	a0,sp,12
     192:	c002                	sw	zero,0(sp)
     194:	c202                	sw	zero,4(sp)
     196:	c402                	sw	zero,8(sp)
     198:	3f65                	jal	150 <memset>
     19a:	02c00613          	li	a2,44
     19e:	4581                	li	a1,0
     1a0:	1048                	addi	a0,sp,36
     1a2:	377d                	jal	150 <memset>
     1a4:	4585                	li	a1,1
     1a6:	03400513          	li	a0,52
     1aa:	1ec020ef          	jal	ra,2396 <RCC_PB2PeriphClockCmd>
     1ae:	4585                	li	a1,1
     1b0:	20000513          	li	a0,512
     1b4:	1e2020ef          	jal	ra,2396 <RCC_PB2PeriphClockCmd>
     1b8:	4585                	li	a1,1
     1ba:	4505                	li	a0,1
     1bc:	1bc020ef          	jal	ra,2378 <RCC_HBPeriphClockCmd>
     1c0:	6511                	lui	a0,0x4
     1c2:	0fe020ef          	jal	ra,22c0 <RCC_ADCCLKConfig>
     1c6:	40011437          	lui	s0,0x40011
     1ca:	4799                	li	a5,6
     1cc:	4485                	li	s1,1
     1ce:	858a                	mv	a1,sp
     1d0:	80040513          	addi	a0,s0,-2048 # 40010800 <_eusrstack+0x2000e800>
     1d4:	807c                	sh	a5,0(sp)
     1d6:	c226                	sw	s1,4(sp)
     1d8:	c402                	sw	zero,8(sp)
     1da:	2bf010ef          	jal	ra,1c98 <GPIO_Init>
     1de:	4741                	li	a4,16
     1e0:	858a                	mv	a1,sp
     1e2:	40011537          	lui	a0,0x40011
     1e6:	8078                	sh	a4,0(sp)
     1e8:	2b1010ef          	jal	ra,1c98 <GPIO_Init>
     1ec:	4731                	li	a4,12
     1ee:	858a                	mv	a1,sp
     1f0:	40040513          	addi	a0,s0,1024
     1f4:	8078                	sh	a4,0(sp)
     1f6:	40012437          	lui	s0,0x40012
     1fa:	29f010ef          	jal	ra,1c98 <GPIO_Init>
     1fe:	40040513          	addi	a0,s0,1024 # 40012400 <_eusrstack+0x20010400>
     202:	7da010ef          	jal	ra,19dc <ADC_DeInit>
     206:	000e0737          	lui	a4,0xe0
     20a:	4799                	li	a5,6
     20c:	006c                	addi	a1,sp,12
     20e:	40040513          	addi	a0,s0,1024
     212:	cc3a                	sw	a4,24(sp)
     214:	02f10023          	sb	a5,32(sp)
     218:	ca26                	sw	s1,20(sp)
     21a:	c826                	sw	s1,16(sp)
     21c:	c602                	sw	zero,12(sp)
     21e:	400204b7          	lui	s1,0x40020
     222:	ce02                	sw	zero,28(sp)
     224:	7e2010ef          	jal	ra,1a06 <ADC_Init>
     228:	00848513          	addi	a0,s1,8 # 40020008 <_eusrstack+0x2001e008>
     22c:	107010ef          	jal	ra,1b32 <DMA_DeInit>
     230:	4799                	li	a5,6
     232:	d83e                	sw	a5,48(sp)
     234:	08000793          	li	a5,128
     238:	dc3e                	sw	a5,56(sp)
     23a:	10000793          	li	a5,256
     23e:	44c40713          	addi	a4,s0,1100
     242:	de3e                	sw	a5,60(sp)
     244:	40000793          	li	a5,1024
     248:	d23a                	sw	a4,36(sp)
     24a:	c0be                	sw	a5,64(sp)
     24c:	02000793          	li	a5,32
     250:	85c18713          	addi	a4,gp,-1956 # 20000154 <ADC_Regular_Data>
     254:	c2be                	sw	a5,68(sp)
     256:	104c                	addi	a1,sp,36
     258:	678d                	lui	a5,0x3
     25a:	00848513          	addi	a0,s1,8
     25e:	d43a                	sw	a4,40(sp)
     260:	c4be                	sw	a5,72(sp)
     262:	d602                	sw	zero,44(sp)
     264:	da02                	sw	zero,52(sp)
     266:	c682                	sw	zero,76(sp)
     268:	15d010ef          	jal	ra,1bc4 <DMA_Init>
     26c:	00848513          	addi	a0,s1,8
     270:	4585                	li	a1,1
     272:	18b010ef          	jal	ra,1bfc <DMA_Cmd>
     276:	40040513          	addi	a0,s0,1024
     27a:	4689                	li	a3,2
     27c:	4605                	li	a2,1
     27e:	4581                	li	a1,0
     280:	00f010ef          	jal	ra,1a8e <ADC_RegularChannelConfig>
     284:	40040513          	addi	a0,s0,1024
     288:	4689                	li	a3,2
     28a:	460d                	li	a2,3
     28c:	4589                	li	a1,2
     28e:	001010ef          	jal	ra,1a8e <ADC_RegularChannelConfig>
     292:	40040513          	addi	a0,s0,1024
     296:	4689                	li	a3,2
     298:	4609                	li	a2,2
     29a:	4585                	li	a1,1
     29c:	7f2010ef          	jal	ra,1a8e <ADC_RegularChannelConfig>
     2a0:	40040513          	addi	a0,s0,1024
     2a4:	4689                	li	a3,2
     2a6:	4611                	li	a2,4
     2a8:	458d                	li	a1,3
     2aa:	7e4010ef          	jal	ra,1a8e <ADC_RegularChannelConfig>
     2ae:	40040513          	addi	a0,s0,1024
     2b2:	4689                	li	a3,2
     2b4:	4615                	li	a2,5
     2b6:	4591                	li	a1,4
     2b8:	7d6010ef          	jal	ra,1a8e <ADC_RegularChannelConfig>
     2bc:	469d                	li	a3,7
     2be:	4619                	li	a2,6
     2c0:	40040513          	addi	a0,s0,1024
     2c4:	45a1                	li	a1,8
     2c6:	7c8010ef          	jal	ra,1a8e <ADC_RegularChannelConfig>
     2ca:	40040513          	addi	a0,s0,1024
     2ce:	4585                	li	a1,1
     2d0:	794010ef          	jal	ra,1a64 <ADC_DMACmd>
     2d4:	40040513          	addi	a0,s0,1024
     2d8:	4585                	li	a1,1
     2da:	041010ef          	jal	ra,1b1a <ADC_BufferCmd>
     2de:	40040513          	addi	a0,s0,1024
     2e2:	4585                	li	a1,1
     2e4:	770010ef          	jal	ra,1a54 <ADC_Cmd>
     2e8:	4585                	li	a1,1
     2ea:	40040513          	addi	a0,s0,1024
     2ee:	788010ef          	jal	ra,1a76 <ADC_SoftwareStartConvCmd>
     2f2:	6161                	addi	sp,sp,80
     2f4:	bb7d                	j	b2 <__riscv_restore_0>

000002f6 <NTC_GetTemperature>:
     2f6:	fff50793          	addi	a5,a0,-1 # 40010fff <_eusrstack+0x2000efff>
     2fa:	07c2                	slli	a5,a5,0x10
     2fc:	6705                	lui	a4,0x1
     2fe:	83c1                	srli	a5,a5,0x10
     300:	1775                	addi	a4,a4,-3 # ffd <PID_Position_Calc+0x33>
     302:	06f76e63          	bltu	a4,a5,37e <NTC_GetTemperature+0x88>
     306:	da3ff2ef          	jal	t0,a8 <__riscv_save_0>
     30a:	1161                	addi	sp,sp,-8
     30c:	789040ef          	jal	ra,5294 <__floatunsisf>
     310:	6799                	lui	a5,0x6
     312:	fbc7a583          	lw	a1,-68(a5) # 5fbc <__retarget_lock_release_recursive+0x8>
     316:	6499                	lui	s1,0x6
     318:	6419                	lui	s0,0x6
     31a:	2ea040ef          	jal	ra,4604 <__divsf3>
     31e:	fc04a583          	lw	a1,-64(s1) # 5fc0 <__retarget_lock_release_recursive+0xc>
     322:	7b0040ef          	jal	ra,4ad2 <__mulsf3>
     326:	fc442583          	lw	a1,-60(s0) # 5fc4 <__retarget_lock_release_recursive+0x10>
     32a:	c02a                	sw	a0,0(sp)
     32c:	7a6040ef          	jal	ra,4ad2 <__mulsf3>
     330:	4582                	lw	a1,0(sp)
     332:	c22a                	sw	a0,4(sp)
     334:	fc04a503          	lw	a0,-64(s1)
     338:	27b040ef          	jal	ra,4db2 <__subsf3>
     33c:	85aa                	mv	a1,a0
     33e:	4512                	lw	a0,4(sp)
     340:	2c4040ef          	jal	ra,4604 <__divsf3>
     344:	fc442583          	lw	a1,-60(s0)
     348:	2bc040ef          	jal	ra,4604 <__divsf3>
     34c:	768020ef          	jal	ra,2ab4 <logf>
     350:	6799                	lui	a5,0x6
     352:	fc87a583          	lw	a1,-56(a5) # 5fc8 <__retarget_lock_release_recursive+0x14>
     356:	77c040ef          	jal	ra,4ad2 <__mulsf3>
     35a:	6799                	lui	a5,0x6
     35c:	fcc7a583          	lw	a1,-52(a5) # 5fcc <__retarget_lock_release_recursive+0x18>
     360:	747030ef          	jal	ra,42a6 <__addsf3>
     364:	6799                	lui	a5,0x6
     366:	85aa                	mv	a1,a0
     368:	fd07a503          	lw	a0,-48(a5) # 5fd0 <__retarget_lock_release_recursive+0x1c>
     36c:	298040ef          	jal	ra,4604 <__divsf3>
     370:	6799                	lui	a5,0x6
     372:	fd47a583          	lw	a1,-44(a5) # 5fd4 <__retarget_lock_release_recursive+0x20>
     376:	23d040ef          	jal	ra,4db2 <__subsf3>
     37a:	0121                	addi	sp,sp,8
     37c:	bb1d                	j	b2 <__riscv_restore_0>
     37e:	6799                	lui	a5,0x6
     380:	fb87a503          	lw	a0,-72(a5) # 5fb8 <__retarget_lock_release_recursive+0x4>
     384:	8082                	ret

00000386 <BSP_ADC_Loop>:
     386:	d23ff2ef          	jal	t0,a8 <__riscv_save_0>
     38a:	85c18493          	addi	s1,gp,-1956 # 20000154 <ADC_Regular_Data>
     38e:	208a                	lhu	a0,0(s1)
     390:	1141                	addi	sp,sp,-16
     392:	62f040ef          	jal	ra,51c0 <__floatsisf>
     396:	6799                	lui	a5,0x6
     398:	fd87a583          	lw	a1,-40(a5) # 5fd8 <__retarget_lock_release_recursive+0x24>
     39c:	86818413          	addi	s0,gp,-1944 # 20000160 <ADC_Value>
     3a0:	732040ef          	jal	ra,4ad2 <__mulsf3>
     3a4:	c008                	sw	a0,0(s0)
     3a6:	c62a                	sw	a0,12(sp)
     3a8:	20aa                	lhu	a0,2(s1)
     3aa:	617040ef          	jal	ra,51c0 <__floatsisf>
     3ae:	6719                	lui	a4,0x6
     3b0:	fdc72583          	lw	a1,-36(a4) # 5fdc <__retarget_lock_release_recursive+0x28>
     3b4:	71e040ef          	jal	ra,4ad2 <__mulsf3>
     3b8:	c048                	sw	a0,4(s0)
     3ba:	c42a                	sw	a0,8(sp)
     3bc:	20ca                	lhu	a0,4(s1)
     3be:	603040ef          	jal	ra,51c0 <__floatsisf>
     3c2:	6799                	lui	a5,0x6
     3c4:	fd87a583          	lw	a1,-40(a5) # 5fd8 <__retarget_lock_release_recursive+0x24>
     3c8:	70a040ef          	jal	ra,4ad2 <__mulsf3>
     3cc:	c448                	sw	a0,12(s0)
     3ce:	c22a                	sw	a0,4(sp)
     3d0:	20ea                	lhu	a0,6(s1)
     3d2:	5ef040ef          	jal	ra,51c0 <__floatsisf>
     3d6:	6719                	lui	a4,0x6
     3d8:	fe072583          	lw	a1,-32(a4) # 5fe0 <__retarget_lock_release_recursive+0x2c>
     3dc:	6f6040ef          	jal	ra,4ad2 <__mulsf3>
     3e0:	77b040ef          	jal	ra,535a <__extendsfdf2>
     3e4:	6719                	lui	a4,0x6
     3e6:	fe872603          	lw	a2,-24(a4) # 5fe8 <__retarget_lock_release_recursive+0x34>
     3ea:	fec72683          	lw	a3,-20(a4)
     3ee:	20d020ef          	jal	ra,2dfa <__adddf3>
     3f2:	00e050ef          	jal	ra,5400 <__truncdfsf2>
     3f6:	c808                	sw	a0,16(s0)
     3f8:	c02a                	sw	a0,0(sp)
     3fa:	248a                	lhu	a0,8(s1)
     3fc:	3ded                	jal	2f6 <NTC_GetTemperature>
     3fe:	cc08                	sw	a0,24(s0)
     400:	24aa                	lhu	a0,10(s1)
     402:	693040ef          	jal	ra,5294 <__floatunsisf>
     406:	42a2                	lw	t0,8(sp)
     408:	4332                	lw	t1,12(sp)
     40a:	cc48                	sw	a0,28(s0)
     40c:	8596                	mv	a1,t0
     40e:	851a                	mv	a0,t1
     410:	6c2040ef          	jal	ra,4ad2 <__mulsf3>
     414:	4702                	lw	a4,0(sp)
     416:	4792                	lw	a5,4(sp)
     418:	c408                	sw	a0,8(s0)
     41a:	85ba                	mv	a1,a4
     41c:	853e                	mv	a0,a5
     41e:	6b4040ef          	jal	ra,4ad2 <__mulsf3>
     422:	c848                	sw	a0,20(s0)
     424:	0141                	addi	sp,sp,16
     426:	b171                	j	b2 <__riscv_restore_0>

00000428 <Mean_Filter_Update>:
     428:	c81ff2ef          	jal	t0,a8 <__riscv_save_0>
     42c:	03054783          	lbu	a5,48(a0)
     430:	1161                	addi	sp,sp,-8
     432:	842a                	mv	s0,a0
     434:	84ae                	mv	s1,a1
     436:	e395                	bnez	a5,45a <Mean_Filter_Update+0x32>
     438:	87aa                	mv	a5,a0
     43a:	02850713          	addi	a4,a0,40
     43e:	c384                	sw	s1,0(a5)
     440:	0791                	addi	a5,a5,4
     442:	fef71ee3          	bne	a4,a5,43e <Mean_Filter_Update+0x16>
     446:	6799                	lui	a5,0x6
     448:	fe47a583          	lw	a1,-28(a5) # 5fe4 <__retarget_lock_release_recursive+0x30>
     44c:	8526                	mv	a0,s1
     44e:	684040ef          	jal	ra,4ad2 <__mulsf3>
     452:	4785                	li	a5,1
     454:	d448                	sw	a0,44(s0)
     456:	02f40823          	sb	a5,48(s0)
     45a:	341e                	lhu	a5,40(s0)
     45c:	5448                	lw	a0,44(s0)
     45e:	00279713          	slli	a4,a5,0x2
     462:	9722                	add	a4,a4,s0
     464:	430c                	lw	a1,0(a4)
     466:	c23e                	sw	a5,4(sp)
     468:	c03a                	sw	a4,0(sp)
     46a:	149040ef          	jal	ra,4db2 <__subsf3>
     46e:	4702                	lw	a4,0(sp)
     470:	85a6                	mv	a1,s1
     472:	c304                	sw	s1,0(a4)
     474:	633030ef          	jal	ra,42a6 <__addsf3>
     478:	4792                	lw	a5,4(sp)
     47a:	d448                	sw	a0,44(s0)
     47c:	4725                	li	a4,9
     47e:	0785                	addi	a5,a5,1
     480:	07c2                	slli	a5,a5,0x10
     482:	83c1                	srli	a5,a5,0x10
     484:	00f77363          	bgeu	a4,a5,48a <Mean_Filter_Update+0x62>
     488:	4781                	li	a5,0
     48a:	b41e                	sh	a5,40(s0)
     48c:	6799                	lui	a5,0x6
     48e:	fe47a583          	lw	a1,-28(a5) # 5fe4 <__retarget_lock_release_recursive+0x30>
     492:	172040ef          	jal	ra,4604 <__divsf3>
     496:	d848                	sw	a0,52(s0)
     498:	0121                	addi	sp,sp,8
     49a:	b921                	j	b2 <__riscv_restore_0>

0000049c <Mean_Filter_Init>:
     49c:	00000793          	li	a5,0
     4a0:	02051423          	sh	zero,40(a0)
     4a4:	d55c                	sw	a5,44(a0)
     4a6:	02050823          	sb	zero,48(a0)
     4aa:	d95c                	sw	a5,52(a0)
     4ac:	8082                	ret

000004ae <Buzzer_StartNext>:
     4ae:	bfbff2ef          	jal	t0,a8 <__riscv_save_0>
     4b2:	8921c703          	lbu	a4,-1902(gp) # 2000018a <buzzer_head>
     4b6:	8911c783          	lbu	a5,-1903(gp) # 20000189 <buzzer_tail>
     4ba:	1171                	addi	sp,sp,-4
     4bc:	00f71c63          	bne	a4,a5,4d4 <Buzzer_StartNext+0x26>
     4c0:	4601                	li	a2,0
     4c2:	4591                	li	a1,4
     4c4:	40000537          	lui	a0,0x40000
     4c8:	2ee020ef          	jal	ra,27b6 <TIM_CCxCmd>
     4cc:	88018823          	sb	zero,-1904(gp) # 20000188 <buzzer_playing>
     4d0:	0111                	addi	sp,sp,4
     4d2:	b6c5                	j	b2 <__riscv_restore_0>
     4d4:	8921c783          	lbu	a5,-1902(gp) # 2000018a <buzzer_head>
     4d8:	8921c503          	lbu	a0,-1902(gp) # 2000018a <buzzer_head>
     4dc:	4595                	li	a1,5
     4de:	0ff7f793          	zext.b	a5,a5
     4e2:	0505                	addi	a0,a0,1 # 40000001 <_eusrstack+0x1fffe001>
     4e4:	c03e                	sw	a5,0(sp)
     4e6:	313d                	jal	114 <__modsi3>
     4e8:	4782                	lw	a5,0(sp)
     4ea:	0ff57513          	zext.b	a0,a0
     4ee:	88a18923          	sb	a0,-1902(gp) # 2000018a <buzzer_head>
     4f2:	078e                	slli	a5,a5,0x3
     4f4:	89418413          	addi	s0,gp,-1900 # 2000018c <buzzer_queue>
     4f8:	943e                	add	s0,s0,a5
     4fa:	400c                	lw	a1,0(s0)
     4fc:	000f4537          	lui	a0,0xf4
     500:	24050513          	addi	a0,a0,576 # f4240 <_data_lma+0xed780>
     504:	36c1                	jal	c4 <__hidden___udivsi3>
     506:	01051593          	slli	a1,a0,0x10
     50a:	c02a                	sw	a0,0(sp)
     50c:	81c1                	srli	a1,a1,0x10
     50e:	40000537          	lui	a0,0x40000
     512:	2dc020ef          	jal	ra,27ee <TIM_SetAutoreload>
     516:	4782                	lw	a5,0(sp)
     518:	4054                	lw	a3,4(s0)
     51a:	8385                	srli	a5,a5,0x1
     51c:	88f1a423          	sw	a5,-1912(gp) # 20000180 <buzzer_ccr>
     520:	88d1a623          	sw	a3,-1908(gp) # 20000184 <buzzer_ms>
     524:	4785                	li	a5,1
     526:	88f18823          	sb	a5,-1904(gp) # 20000188 <buzzer_playing>
     52a:	8881a583          	lw	a1,-1912(gp) # 20000180 <buzzer_ccr>
     52e:	40000537          	lui	a0,0x40000
     532:	05c2                	slli	a1,a1,0x10
     534:	81c1                	srli	a1,a1,0x10
     536:	2e0020ef          	jal	ra,2816 <TIM_SetCompare2>
     53a:	4605                	li	a2,1
     53c:	4591                	li	a1,4
     53e:	40000537          	lui	a0,0x40000
     542:	274020ef          	jal	ra,27b6 <TIM_CCxCmd>
     546:	b769                	j	4d0 <Buzzer_StartNext+0x22>

00000548 <Buzzer_Play>:
     548:	b61ff2ef          	jal	t0,a8 <__riscv_save_0>
     54c:	1171                	addi	sp,sp,-4
     54e:	c02a                	sw	a0,0(sp)
     550:	c129                	beqz	a0,592 <Buzzer_Play+0x4a>
     552:	84ae                	mv	s1,a1
     554:	cd9d                	beqz	a1,592 <Buzzer_Play+0x4a>
     556:	8911c503          	lbu	a0,-1903(gp) # 20000189 <buzzer_tail>
     55a:	4595                	li	a1,5
     55c:	0505                	addi	a0,a0,1 # 40000001 <_eusrstack+0x1fffe001>
     55e:	3e5d                	jal	114 <__modsi3>
     560:	8921c783          	lbu	a5,-1902(gp) # 2000018a <buzzer_head>
     564:	0ff57693          	zext.b	a3,a0
     568:	02f68563          	beq	a3,a5,592 <Buzzer_Play+0x4a>
     56c:	8911c703          	lbu	a4,-1903(gp) # 20000189 <buzzer_tail>
     570:	4602                	lw	a2,0(sp)
     572:	89418793          	addi	a5,gp,-1900 # 2000018c <buzzer_queue>
     576:	070e                	slli	a4,a4,0x3
     578:	973e                	add	a4,a4,a5
     57a:	c310                	sw	a2,0(a4)
     57c:	8911c703          	lbu	a4,-1903(gp) # 20000189 <buzzer_tail>
     580:	88d188a3          	sb	a3,-1903(gp) # 20000189 <buzzer_tail>
     584:	070e                	slli	a4,a4,0x3
     586:	97ba                	add	a5,a5,a4
     588:	c3c4                	sw	s1,4(a5)
     58a:	8901c783          	lbu	a5,-1904(gp) # 20000188 <buzzer_playing>
     58e:	e391                	bnez	a5,592 <Buzzer_Play+0x4a>
     590:	3f39                	jal	4ae <Buzzer_StartNext>
     592:	0111                	addi	sp,sp,4
     594:	be39                	j	b2 <__riscv_restore_0>

00000596 <BSP_Buzzer_Task>:
     596:	8901c783          	lbu	a5,-1904(gp) # 20000188 <buzzer_playing>
     59a:	cb99                	beqz	a5,5b0 <BSP_Buzzer_Task+0x1a>
     59c:	88c1a703          	lw	a4,-1908(gp) # 20000184 <buzzer_ms>
     5a0:	177d                	addi	a4,a4,-1
     5a2:	88e1a623          	sw	a4,-1908(gp) # 20000184 <buzzer_ms>
     5a6:	88c1a783          	lw	a5,-1908(gp) # 20000184 <buzzer_ms>
     5aa:	00f04363          	bgtz	a5,5b0 <BSP_Buzzer_Task+0x1a>
     5ae:	b701                	j	4ae <Buzzer_StartNext>
     5b0:	8082                	ret

000005b2 <BSP_Encoder_Init>:
     5b2:	af7ff2ef          	jal	t0,a8 <__riscv_save_0>
     5b6:	fdc10113          	addi	sp,sp,-36
     5ba:	4585                	li	a1,1
     5bc:	03100513          	li	a0,49
     5c0:	c402                	sw	zero,8(sp)
     5c2:	c602                	sw	zero,12(sp)
     5c4:	c802                	sw	zero,16(sp)
     5c6:	ca02                	sw	zero,20(sp)
     5c8:	cc02                	sw	zero,24(sp)
     5ca:	ce02                	sw	zero,28(sp)
     5cc:	d002                	sw	zero,32(sp)
     5ce:	c002                	sw	zero,0(sp)
     5d0:	c202                	sw	zero,4(sp)
     5d2:	5c5010ef          	jal	ra,2396 <RCC_PB2PeriphClockCmd>
     5d6:	4405                	li	s0,1
     5d8:	04800793          	li	a5,72
     5dc:	002c                	addi	a1,sp,8
     5de:	40011537          	lui	a0,0x40011
     5e2:	c83e                	sw	a5,16(sp)
     5e4:	8460                	sh	s0,8(sp)
     5e6:	c622                	sw	s0,12(sp)
     5e8:	6b0010ef          	jal	ra,1c98 <GPIO_Init>
     5ec:	40011537          	lui	a0,0x40011
     5f0:	002c                	addi	a1,sp,8
     5f2:	40050513          	addi	a0,a0,1024 # 40011400 <_eusrstack+0x2000f400>
     5f6:	8460                	sh	s0,8(sp)
     5f8:	6a0010ef          	jal	ra,1c98 <GPIO_Init>
     5fc:	4581                	li	a1,0
     5fe:	4509                	li	a0,2
     600:	7c4010ef          	jal	ra,1dc4 <GPIO_EXTILineConfig>
     604:	47b1                	li	a5,12
     606:	0848                	addi	a0,sp,20
     608:	ca22                	sw	s0,20(sp)
     60a:	ce3e                	sw	a5,28(sp)
     60c:	d022                	sw	s0,32(sp)
     60e:	cc02                	sw	zero,24(sp)
     610:	600010ef          	jal	ra,1c10 <EXTI_Init>
     614:	47d1                	li	a5,20
     616:	850a                	mv	a0,sp
     618:	c222                	sw	s0,4(sp)
     61a:	807c                	sh	a5,0(sp)
     61c:	00010123          	sb	zero,2(sp)
     620:	43f010ef          	jal	ra,225e <NVIC_Init>
     624:	8c81a783          	lw	a5,-1848(gp) # 200001c0 <Encoder_CNT>
     628:	00000713          	li	a4,0
     62c:	c398                	sw	a4,0(a5)
     62e:	6719                	lui	a4,0x6
     630:	fd072703          	lw	a4,-48(a4) # 5fd0 <__retarget_lock_release_recursive+0x1c>
     634:	8ae1ae23          	sw	a4,-1860(gp) # 200001b4 <Encoder_Step_Value>
     638:	02410113          	addi	sp,sp,36
     63c:	bc9d                	j	b2 <__riscv_restore_0>

0000063e <EXTI7_0_IRQHandler>:
     63e:	7179                	addi	sp,sp,-48
     640:	ca2a                	sw	a0,20(sp)
     642:	4505                	li	a0,1
     644:	d606                	sw	ra,44(sp)
     646:	d416                	sw	t0,40(sp)
     648:	d21a                	sw	t1,36(sp)
     64a:	d01e                	sw	t2,32(sp)
     64c:	ce22                	sw	s0,28(sp)
     64e:	cc26                	sw	s1,24(sp)
     650:	c82e                	sw	a1,16(sp)
     652:	c632                	sw	a2,12(sp)
     654:	c436                	sw	a3,8(sp)
     656:	c23a                	sw	a4,4(sp)
     658:	c03e                	sw	a5,0(sp)
     65a:	618010ef          	jal	ra,1c72 <EXTI_GetITStatus>
     65e:	c121                	beqz	a0,69e <EXTI7_0_IRQHandler+0x60>
     660:	4505                	li	a0,1
     662:	62a010ef          	jal	ra,1c8c <EXTI_ClearITPendingBit>
     666:	40011537          	lui	a0,0x40011
     66a:	4585                	li	a1,1
     66c:	40050513          	addi	a0,a0,1024 # 40011400 <_eusrstack+0x2000f400>
     670:	69e010ef          	jal	ra,1d0e <GPIO_ReadInputDataBit>
     674:	8bc1a583          	lw	a1,-1860(gp) # 200001b4 <Encoder_Step_Value>
     678:	8c81a483          	lw	s1,-1848(gp) # 200001c0 <Encoder_CNT>
     67c:	e121                	bnez	a0,6bc <EXTI7_0_IRQHandler+0x7e>
     67e:	4088                	lw	a0,0(s1)
     680:	427030ef          	jal	ra,42a6 <__addsf3>
     684:	8c81a403          	lw	s0,-1848(gp) # 200001c0 <Encoder_CNT>
     688:	c088                	sw	a0,0(s1)
     68a:	4008                	lw	a0,0(s0)
     68c:	8c41a583          	lw	a1,-1852(gp) # 200001bc <Encoder_CNT_MAX>
     690:	314040ef          	jal	ra,49a4 <__gesf2>
     694:	02a05863          	blez	a0,6c4 <EXTI7_0_IRQHandler+0x86>
     698:	8c41a783          	lw	a5,-1852(gp) # 200001bc <Encoder_CNT_MAX>
     69c:	c01c                	sw	a5,0(s0)
     69e:	4472                	lw	s0,28(sp)
     6a0:	50b2                	lw	ra,44(sp)
     6a2:	52a2                	lw	t0,40(sp)
     6a4:	5312                	lw	t1,36(sp)
     6a6:	5382                	lw	t2,32(sp)
     6a8:	44e2                	lw	s1,24(sp)
     6aa:	4552                	lw	a0,20(sp)
     6ac:	45c2                	lw	a1,16(sp)
     6ae:	4632                	lw	a2,12(sp)
     6b0:	46a2                	lw	a3,8(sp)
     6b2:	4712                	lw	a4,4(sp)
     6b4:	4782                	lw	a5,0(sp)
     6b6:	6145                	addi	sp,sp,48
     6b8:	30200073          	mret
     6bc:	4088                	lw	a0,0(s1)
     6be:	6f4040ef          	jal	ra,4db2 <__subsf3>
     6c2:	b7c9                	j	684 <EXTI7_0_IRQHandler+0x46>
     6c4:	4008                	lw	a0,0(s0)
     6c6:	8c01a583          	lw	a1,-1856(gp) # 200001b8 <Encoder_CNT_MIN>
     6ca:	370040ef          	jal	ra,4a3a <__lesf2>
     6ce:	fc0558e3          	bgez	a0,69e <EXTI7_0_IRQHandler+0x60>
     6d2:	8c01a783          	lw	a5,-1856(gp) # 200001b8 <Encoder_CNT_MIN>
     6d6:	b7d9                	j	69c <EXTI7_0_IRQHandler+0x5e>

000006d8 <BSP_Encoder_Set_Cnt>:
     6d8:	8ca1a423          	sw	a0,-1848(gp) # 200001c0 <Encoder_CNT>
     6dc:	8082                	ret

000006de <BSP_Encoder_Set_Step_Value>:
     6de:	8aa1ae23          	sw	a0,-1860(gp) # 200001b4 <Encoder_Step_Value>
     6e2:	8082                	ret

000006e4 <BSP_EncoderCNT_Set_Range>:
     6e4:	8cb1a223          	sw	a1,-1852(gp) # 200001bc <Encoder_CNT_MAX>
     6e8:	8ca1a023          	sw	a0,-1856(gp) # 200001b8 <Encoder_CNT_MIN>
     6ec:	8082                	ret

000006ee <Key_Init>:
     6ee:	9bbff2ef          	jal	t0,a8 <__riscv_save_0>
     6f2:	1151                	addi	sp,sp,-12
     6f4:	842a                	mv	s0,a0
     6f6:	4585                	li	a1,1
     6f8:	02000513          	li	a0,32
     6fc:	49b010ef          	jal	ra,2396 <RCC_PB2PeriphClockCmd>
     700:	04800793          	li	a5,72
     704:	c43e                	sw	a5,8(sp)
     706:	205e                	lhu	a5,4(s0)
     708:	4008                	lw	a0,0(s0)
     70a:	858a                	mv	a1,sp
     70c:	807c                	sh	a5,0(sp)
     70e:	4785                	li	a5,1
     710:	c23e                	sw	a5,4(sp)
     712:	00011123          	sh	zero,2(sp)
     716:	582010ef          	jal	ra,1c98 <GPIO_Init>
     71a:	00041323          	sh	zero,6(s0)
     71e:	00042423          	sw	zero,8(s0)
     722:	00040623          	sb	zero,12(s0)
     726:	0131                	addi	sp,sp,12
     728:	98bff06f          	j	b2 <__riscv_restore_0>

0000072c <Key_Scan>:
     72c:	97dff2ef          	jal	t0,a8 <__riscv_save_0>
     730:	214e                	lhu	a1,4(a0)
     732:	842a                	mv	s0,a0
     734:	4108                	lw	a0,0(a0)
     736:	5d8010ef          	jal	ra,1d0e <GPIO_ReadInputDataBit>
     73a:	441c                	lw	a5,8(s0)
     73c:	4711                	li	a4,4
     73e:	02f76363          	bltu	a4,a5,764 <Key_Scan+0x38>
     742:	6719                	lui	a4,0x6
     744:	078a                	slli	a5,a5,0x2
     746:	ff070713          	addi	a4,a4,-16 # 5ff0 <__retarget_lock_release_recursive+0x3c>
     74a:	97ba                	add	a5,a5,a4
     74c:	439c                	lw	a5,0(a5)
     74e:	8782                	jr	a5
     750:	e10d                	bnez	a0,772 <Key_Scan+0x46>
     752:	207e                	lhu	a5,6(s0)
     754:	03100713          	li	a4,49
     758:	0785                	addi	a5,a5,1
     75a:	07c2                	slli	a5,a5,0x10
     75c:	83c1                	srli	a5,a5,0x10
     75e:	00f76563          	bltu	a4,a5,768 <Key_Scan+0x3c>
     762:	a07e                	sh	a5,6(s0)
     764:	94fff06f          	j	b2 <__riscv_restore_0>
     768:	00041323          	sh	zero,6(s0)
     76c:	4785                	li	a5,1
     76e:	c41c                	sw	a5,8(s0)
     770:	bfd5                	j	764 <Key_Scan+0x38>
     772:	00041323          	sh	zero,6(s0)
     776:	b7fd                	j	764 <Key_Scan+0x38>
     778:	ed09                	bnez	a0,792 <Key_Scan+0x66>
     77a:	207e                	lhu	a5,6(s0)
     77c:	1f300713          	li	a4,499
     780:	0785                	addi	a5,a5,1
     782:	07c2                	slli	a5,a5,0x10
     784:	83c1                	srli	a5,a5,0x10
     786:	fcf77ee3          	bgeu	a4,a5,762 <Key_Scan+0x36>
     78a:	00041323          	sh	zero,6(s0)
     78e:	4791                	li	a5,4
     790:	bff9                	j	76e <Key_Scan+0x42>
     792:	00041323          	sh	zero,6(s0)
     796:	4789                	li	a5,2
     798:	bfd9                	j	76e <Key_Scan+0x42>
     79a:	207e                	lhu	a5,6(s0)
     79c:	0785                	addi	a5,a5,1
     79e:	07c2                	slli	a5,a5,0x10
     7a0:	83c1                	srli	a5,a5,0x10
     7a2:	e909                	bnez	a0,7b4 <Key_Scan+0x88>
     7a4:	03100713          	li	a4,49
     7a8:	faf77de3          	bgeu	a4,a5,762 <Key_Scan+0x36>
     7ac:	00041323          	sh	zero,6(s0)
     7b0:	478d                	li	a5,3
     7b2:	bf75                	j	76e <Key_Scan+0x42>
     7b4:	06300713          	li	a4,99
     7b8:	faf775e3          	bgeu	a4,a5,762 <Key_Scan+0x36>
     7bc:	4785                	li	a5,1
     7be:	00041323          	sh	zero,6(s0)
     7c2:	a45c                	sb	a5,12(s0)
     7c4:	00042423          	sw	zero,8(s0)
     7c8:	bf71                	j	764 <Key_Scan+0x38>
     7ca:	4785                	li	a5,1
     7cc:	faf513e3          	bne	a0,a5,772 <Key_Scan+0x46>
     7d0:	207e                	lhu	a5,6(s0)
     7d2:	03100713          	li	a4,49
     7d6:	0785                	addi	a5,a5,1
     7d8:	07c2                	slli	a5,a5,0x10
     7da:	83c1                	srli	a5,a5,0x10
     7dc:	f8f773e3          	bgeu	a4,a5,762 <Key_Scan+0x36>
     7e0:	00041323          	sh	zero,6(s0)
     7e4:	b448                	sb	a0,13(s0)
     7e6:	bff9                	j	7c4 <Key_Scan+0x98>
     7e8:	4785                	li	a5,1
     7ea:	00f51d63          	bne	a0,a5,804 <Key_Scan+0xd8>
     7ee:	207e                	lhu	a5,6(s0)
     7f0:	03100713          	li	a4,49
     7f4:	0785                	addi	a5,a5,1
     7f6:	07c2                	slli	a5,a5,0x10
     7f8:	83c1                	srli	a5,a5,0x10
     7fa:	f6f774e3          	bgeu	a4,a5,762 <Key_Scan+0x36>
     7fe:	00041323          	sh	zero,6(s0)
     802:	b7c9                	j	7c4 <Key_Scan+0x98>
     804:	00041323          	sh	zero,6(s0)
     808:	a47c                	sb	a5,14(s0)
     80a:	bfa9                	j	764 <Key_Scan+0x38>

0000080c <BSP_Key_Init>:
     80c:	89dff2ef          	jal	t0,a8 <__riscv_save_0>
     810:	20000537          	lui	a0,0x20000
     814:	01050513          	addi	a0,a0,16 # 20000010 <Key_Encoder>
     818:	3dd9                	jal	6ee <Key_Init>
     81a:	20000537          	lui	a0,0x20000
     81e:	00050513          	mv	a0,a0
     822:	35f1                	jal	6ee <Key_Init>
     824:	88fff06f          	j	b2 <__riscv_restore_0>

00000828 <BSP_Key_Scan>:
     828:	881ff2ef          	jal	t0,a8 <__riscv_save_0>
     82c:	20000537          	lui	a0,0x20000
     830:	01050513          	addi	a0,a0,16 # 20000010 <Key_Encoder>
     834:	3de5                	jal	72c <Key_Scan>
     836:	20000537          	lui	a0,0x20000
     83a:	00050513          	mv	a0,a0
     83e:	35fd                	jal	72c <Key_Scan>
     840:	873ff06f          	j	b2 <__riscv_restore_0>

00000844 <OLED_IO_Init>:
     844:	865ff2ef          	jal	t0,a8 <__riscv_save_0>
     848:	1111                	addi	sp,sp,-28
     84a:	0c800513          	li	a0,200
     84e:	104020ef          	jal	ra,2952 <Delay_Ms>
     852:	4585                	li	a1,1
     854:	00200537          	lui	a0,0x200
     858:	35d010ef          	jal	ra,23b4 <RCC_PB1PeriphClockCmd>
     85c:	4585                	li	a1,1
     85e:	4541                	li	a0,16
     860:	337010ef          	jal	ra,2396 <RCC_PB2PeriphClockCmd>
     864:	4799                	li	a5,6
     866:	c03e                	sw	a5,0(sp)
     868:	4785                	li	a5,1
     86a:	c23e                	sw	a5,4(sp)
     86c:	858a                	mv	a1,sp
     86e:	47f1                	li	a5,28
     870:	40011537          	lui	a0,0x40011
     874:	c43e                	sw	a5,8(sp)
     876:	c602                	sw	zero,12(sp)
     878:	c802                	sw	zero,16(sp)
     87a:	ca02                	sw	zero,20(sp)
     87c:	cc02                	sw	zero,24(sp)
     87e:	41a010ef          	jal	ra,1c98 <GPIO_Init>
     882:	000c37b7          	lui	a5,0xc3
     886:	50078793          	addi	a5,a5,1280 # c3500 <_data_lma+0xbca40>
     88a:	c63e                	sw	a5,12(sp)
     88c:	400007b7          	lui	a5,0x40000
     890:	c83e                	sw	a5,16(sp)
     892:	40005537          	lui	a0,0x40005
     896:	040007b7          	lui	a5,0x4000
     89a:	ca3e                	sw	a5,20(sp)
     89c:	006c                	addi	a1,sp,12
     89e:	6791                	lui	a5,0x4
     8a0:	40050513          	addi	a0,a0,1024 # 40005400 <_eusrstack+0x20003400>
     8a4:	84fc                	sh	a5,24(sp)
     8a6:	047010ef          	jal	ra,20ec <I2C_Init>
     8aa:	0171                	addi	sp,sp,28
     8ac:	807ff06f          	j	b2 <__riscv_restore_0>

000008b0 <HAL_I2C_Master_Transmit>:
     8b0:	ff8ff2ef          	jal	t0,a8 <__riscv_save_0>
     8b4:	1161                	addi	sp,sp,-8
     8b6:	c22a                	sw	a0,4(sp)
     8b8:	842e                	mv	s0,a1
     8ba:	c032                	sw	a2,0(sp)
     8bc:	400054b7          	lui	s1,0x40005
     8c0:	400057b7          	lui	a5,0x40005
     8c4:	000205b7          	lui	a1,0x20
     8c8:	40078513          	addi	a0,a5,1024 # 40005400 <_eusrstack+0x20003400>
     8cc:	15b010ef          	jal	ra,2226 <I2C_GetFlagStatus>
     8d0:	f965                	bnez	a0,8c0 <HAL_I2C_Master_Transmit+0x10>
     8d2:	4585                	li	a1,1
     8d4:	40048513          	addi	a0,s1,1024 # 40005400 <_eusrstack+0x20003400>
     8d8:	0f3010ef          	jal	ra,21ca <I2C_GenerateSTART>
     8dc:	000304b7          	lui	s1,0x30
     8e0:	00148593          	addi	a1,s1,1 # 30001 <_data_lma+0x29541>
     8e4:	400054b7          	lui	s1,0x40005
     8e8:	40048513          	addi	a0,s1,1024 # 40005400 <_eusrstack+0x20003400>
     8ec:	125010ef          	jal	ra,2210 <I2C_CheckEvent>
     8f0:	000307b7          	lui	a5,0x30
     8f4:	00178593          	addi	a1,a5,1 # 30001 <_data_lma+0x29541>
     8f8:	d575                	beqz	a0,8e4 <HAL_I2C_Master_Transmit+0x34>
     8fa:	4592                	lw	a1,4(sp)
     8fc:	40048513          	addi	a0,s1,1024
     900:	4601                	li	a2,0
     902:	000704b7          	lui	s1,0x70
     906:	0fd010ef          	jal	ra,2202 <I2C_Send7bitAddress>
     90a:	08248493          	addi	s1,s1,130 # 70082 <_data_lma+0x695c2>
     90e:	40005537          	lui	a0,0x40005
     912:	85a6                	mv	a1,s1
     914:	40050513          	addi	a0,a0,1024 # 40005400 <_eusrstack+0x20003400>
     918:	0f9010ef          	jal	ra,2210 <I2C_CheckEvent>
     91c:	d96d                	beqz	a0,90e <HAL_I2C_Master_Transmit+0x5e>
     91e:	4782                	lw	a5,0(sp)
     920:	17fd                	addi	a5,a5,-1
     922:	01079493          	slli	s1,a5,0x10
     926:	4782                	lw	a5,0(sp)
     928:	80c1                	srli	s1,s1,0x10
     92a:	eb99                	bnez	a5,940 <HAL_I2C_Master_Transmit+0x90>
     92c:	40005537          	lui	a0,0x40005
     930:	4585                	li	a1,1
     932:	40050513          	addi	a0,a0,1024 # 40005400 <_eusrstack+0x20003400>
     936:	0af010ef          	jal	ra,21e4 <I2C_GenerateSTOP>
     93a:	0121                	addi	sp,sp,8
     93c:	f76ff06f          	j	b2 <__riscv_restore_0>
     940:	200c                	lbu	a1,0(s0)
     942:	40005537          	lui	a0,0x40005
     946:	40050513          	addi	a0,a0,1024 # 40005400 <_eusrstack+0x20003400>
     94a:	0b5010ef          	jal	ra,21fe <I2C_SendData>
     94e:	0405                	addi	s0,s0,1
     950:	000705b7          	lui	a1,0x70
     954:	cc99                	beqz	s1,972 <HAL_I2C_Master_Transmit+0xc2>
     956:	08058593          	addi	a1,a1,128 # 70080 <_data_lma+0x695c0>
     95a:	40005537          	lui	a0,0x40005
     95e:	40050513          	addi	a0,a0,1024 # 40005400 <_eusrstack+0x20003400>
     962:	0af010ef          	jal	ra,2210 <I2C_CheckEvent>
     966:	000707b7          	lui	a5,0x70
     96a:	08078593          	addi	a1,a5,128 # 70080 <_data_lma+0x695c0>
     96e:	d575                	beqz	a0,95a <HAL_I2C_Master_Transmit+0xaa>
     970:	a831                	j	98c <HAL_I2C_Master_Transmit+0xdc>
     972:	08458593          	addi	a1,a1,132
     976:	40005537          	lui	a0,0x40005
     97a:	40050513          	addi	a0,a0,1024 # 40005400 <_eusrstack+0x20003400>
     97e:	093010ef          	jal	ra,2210 <I2C_CheckEvent>
     982:	000707b7          	lui	a5,0x70
     986:	08478593          	addi	a1,a5,132 # 70084 <_data_lma+0x695c4>
     98a:	d575                	beqz	a0,976 <HAL_I2C_Master_Transmit+0xc6>
     98c:	c026                	sw	s1,0(sp)
     98e:	bf41                	j	91e <HAL_I2C_Master_Transmit+0x6e>

00000990 <OLED_WriteCommand>:
     990:	f18ff2ef          	jal	t0,a8 <__riscv_save_0>
     994:	1171                	addi	sp,sp,-4
     996:	80c8                	sb	a0,1(sp)
     998:	858a                	mv	a1,sp
     99a:	06400693          	li	a3,100
     99e:	4609                	li	a2,2
     9a0:	07800513          	li	a0,120
     9a4:	00010023          	sb	zero,0(sp)
     9a8:	3721                	jal	8b0 <HAL_I2C_Master_Transmit>
     9aa:	0111                	addi	sp,sp,4
     9ac:	f06ff06f          	j	b2 <__riscv_restore_0>

000009b0 <OLED_WriteData>:
     9b0:	40000793          	li	a5,1024
     9b4:	04b7e163          	bltu	a5,a1,9f6 <OLED_WriteData+0x46>
     9b8:	ef0ff2ef          	jal	t0,a8 <__riscv_save_0>
     9bc:	842e                	mv	s0,a1
     9be:	862e                	mv	a2,a1
     9c0:	85aa                	mv	a1,a0
     9c2:	20000537          	lui	a0,0x20000
     9c6:	04000793          	li	a5,64
     9ca:	200004b7          	lui	s1,0x20000
     9ce:	1c550513          	addi	a0,a0,453 # 200001c5 <data.0+0x1>
     9d2:	1cf48223          	sb	a5,452(s1) # 200001c4 <data.0>
     9d6:	f64ff0ef          	jal	ra,13a <memcpy>
     9da:	00140613          	addi	a2,s0,1
     9de:	0642                	slli	a2,a2,0x10
     9e0:	06400693          	li	a3,100
     9e4:	8241                	srli	a2,a2,0x10
     9e6:	1c448593          	addi	a1,s1,452
     9ea:	07800513          	li	a0,120
     9ee:	35c9                	jal	8b0 <HAL_I2C_Master_Transmit>
     9f0:	4501                	li	a0,0
     9f2:	ec0ff06f          	j	b2 <__riscv_restore_0>
     9f6:	4505                	li	a0,1
     9f8:	8082                	ret

000009fa <OLED_Update>:
     9fa:	40000593          	li	a1,1024
     9fe:	d5018513          	addi	a0,gp,-688 # 20000648 <OLED_DisplayBuf>
     a02:	b77d                	j	9b0 <OLED_WriteData>

00000a04 <OLED_Clear>:
     a04:	40000613          	li	a2,1024
     a08:	4581                	li	a1,0
     a0a:	d5018513          	addi	a0,gp,-688 # 20000648 <OLED_DisplayBuf>
     a0e:	f42ff06f          	j	150 <memset>

00000a12 <OLED_Init>:
     a12:	e96ff2ef          	jal	t0,a8 <__riscv_save_0>
     a16:	353d                	jal	844 <OLED_IO_Init>
     a18:	0ae00513          	li	a0,174
     a1c:	3f95                	jal	990 <OLED_WriteCommand>
     a1e:	0d500513          	li	a0,213
     a22:	37bd                	jal	990 <OLED_WriteCommand>
     a24:	0b000513          	li	a0,176
     a28:	37a5                	jal	990 <OLED_WriteCommand>
     a2a:	0a800513          	li	a0,168
     a2e:	378d                	jal	990 <OLED_WriteCommand>
     a30:	03f00513          	li	a0,63
     a34:	3fb1                	jal	990 <OLED_WriteCommand>
     a36:	0d300513          	li	a0,211
     a3a:	3f99                	jal	990 <OLED_WriteCommand>
     a3c:	4501                	li	a0,0
     a3e:	3f89                	jal	990 <OLED_WriteCommand>
     a40:	02100513          	li	a0,33
     a44:	37b1                	jal	990 <OLED_WriteCommand>
     a46:	4501                	li	a0,0
     a48:	37a1                	jal	990 <OLED_WriteCommand>
     a4a:	07f00513          	li	a0,127
     a4e:	3789                	jal	990 <OLED_WriteCommand>
     a50:	02200513          	li	a0,34
     a54:	3f35                	jal	990 <OLED_WriteCommand>
     a56:	4501                	li	a0,0
     a58:	3f25                	jal	990 <OLED_WriteCommand>
     a5a:	451d                	li	a0,7
     a5c:	3f15                	jal	990 <OLED_WriteCommand>
     a5e:	02000513          	li	a0,32
     a62:	373d                	jal	990 <OLED_WriteCommand>
     a64:	4501                	li	a0,0
     a66:	372d                	jal	990 <OLED_WriteCommand>
     a68:	04000513          	li	a0,64
     a6c:	3715                	jal	990 <OLED_WriteCommand>
     a6e:	0a000513          	li	a0,160
     a72:	3f39                	jal	990 <OLED_WriteCommand>
     a74:	0c000513          	li	a0,192
     a78:	3f21                	jal	990 <OLED_WriteCommand>
     a7a:	0da00513          	li	a0,218
     a7e:	3f09                	jal	990 <OLED_WriteCommand>
     a80:	4549                	li	a0,18
     a82:	3739                	jal	990 <OLED_WriteCommand>
     a84:	08100513          	li	a0,129
     a88:	3721                	jal	990 <OLED_WriteCommand>
     a8a:	0ff00513          	li	a0,255
     a8e:	3709                	jal	990 <OLED_WriteCommand>
     a90:	0d900513          	li	a0,217
     a94:	3df5                	jal	990 <OLED_WriteCommand>
     a96:	0f100513          	li	a0,241
     a9a:	3ddd                	jal	990 <OLED_WriteCommand>
     a9c:	0db00513          	li	a0,219
     aa0:	3dc5                	jal	990 <OLED_WriteCommand>
     aa2:	03000513          	li	a0,48
     aa6:	35ed                	jal	990 <OLED_WriteCommand>
     aa8:	0a400513          	li	a0,164
     aac:	35d5                	jal	990 <OLED_WriteCommand>
     aae:	0a600513          	li	a0,166
     ab2:	3df9                	jal	990 <OLED_WriteCommand>
     ab4:	08d00513          	li	a0,141
     ab8:	3de1                	jal	990 <OLED_WriteCommand>
     aba:	4551                	li	a0,20
     abc:	3dd1                	jal	990 <OLED_WriteCommand>
     abe:	0af00513          	li	a0,175
     ac2:	35f9                	jal	990 <OLED_WriteCommand>
     ac4:	3781                	jal	a04 <OLED_Clear>
     ac6:	3f15                	jal	9fa <OLED_Update>
     ac8:	deaff06f          	j	b2 <__riscv_restore_0>

00000acc <OLED_ClearArea>:
     acc:	96ae                	add	a3,a3,a1
     ace:	962a                	add	a2,a2,a0
     ad0:	07f00393          	li	t2,127
     ad4:	d5018293          	addi	t0,gp,-688 # 20000648 <OLED_DisplayBuf>
     ad8:	06d5c063          	blt	a1,a3,b38 <OLED_ClearArea+0x6c>
     adc:	8082                	ret
     ade:	01079413          	slli	s0,a5,0x10
     ae2:	8041                	srli	s0,s0,0x10
     ae4:	0083ea63          	bltu	t2,s0,af8 <OLED_ClearArea+0x2c>
     ae8:	03f00493          	li	s1,63
     aec:	00b4e663          	bltu	s1,a1,af8 <OLED_ClearArea+0x2c>
     af0:	979a                	add	a5,a5,t1
     af2:	2384                	lbu	s1,0(a5)
     af4:	8cf9                	and	s1,s1,a4
     af6:	a384                	sb	s1,0(a5)
     af8:	0405                	addi	s0,s0,1
     afa:	01041793          	slli	a5,s0,0x10
     afe:	87c1                	srai	a5,a5,0x10
     b00:	fcc7cfe3          	blt	a5,a2,ade <OLED_ClearArea+0x12>
     b04:	0585                	addi	a1,a1,1
     b06:	05c2                	slli	a1,a1,0x10
     b08:	85c1                	srai	a1,a1,0x10
     b0a:	02d5d363          	bge	a1,a3,b30 <OLED_ClearArea+0x64>
     b0e:	0075f793          	andi	a5,a1,7
     b12:	4705                	li	a4,1
     b14:	4035d313          	srai	t1,a1,0x3
     b18:	00f71733          	sll	a4,a4,a5
     b1c:	fff74713          	not	a4,a4
     b20:	05c2                	slli	a1,a1,0x10
     b22:	031e                	slli	t1,t1,0x7
     b24:	0ff77713          	zext.b	a4,a4
     b28:	87aa                	mv	a5,a0
     b2a:	81c1                	srli	a1,a1,0x10
     b2c:	9316                	add	t1,t1,t0
     b2e:	bfc9                	j	b00 <OLED_ClearArea+0x34>
     b30:	4412                	lw	s0,4(sp)
     b32:	4482                	lw	s1,0(sp)
     b34:	0121                	addi	sp,sp,8
     b36:	8082                	ret
     b38:	1161                	addi	sp,sp,-8
     b3a:	c222                	sw	s0,4(sp)
     b3c:	c026                	sw	s1,0(sp)
     b3e:	bfc1                	j	b0e <OLED_ClearArea+0x42>

00000b40 <OLED_ShowImage>:
     b40:	d68ff2ef          	jal	t0,a8 <__riscv_save_0>
     b44:	1101                	addi	sp,sp,-32
     b46:	842e                	mv	s0,a1
     b48:	84b6                	mv	s1,a3
     b4a:	cc3a                	sw	a4,24(sp)
     b4c:	c02a                	sw	a0,0(sp)
     b4e:	c232                	sw	a2,4(sp)
     b50:	3fb5                	jal	acc <OLED_ClearArea>
     b52:	fff48693          	addi	a3,s1,-1
     b56:	41f6d793          	srai	a5,a3,0x1f
     b5a:	8b9d                	andi	a5,a5,7
     b5c:	97b6                	add	a5,a5,a3
     b5e:	878d                	srai	a5,a5,0x3
     b60:	c83e                	sw	a5,16(sp)
     b62:	41f45713          	srai	a4,s0,0x1f
     b66:	800007b7          	lui	a5,0x80000
     b6a:	8b1d                	andi	a4,a4,7
     b6c:	079d                	addi	a5,a5,7 # 80000007 <_eusrstack+0x5fffe007>
     b6e:	9722                	add	a4,a4,s0
     b70:	8fe1                	and	a5,a5,s0
     b72:	870d                	srai	a4,a4,0x3
     b74:	0007d663          	bgez	a5,b80 <OLED_ShowImage+0x40>
     b78:	17fd                	addi	a5,a5,-1
     b7a:	ff87e793          	ori	a5,a5,-8
     b7e:	0785                	addi	a5,a5,1
     b80:	07c2                	slli	a5,a5,0x10
     b82:	87c1                	srai	a5,a5,0x10
     b84:	00878693          	addi	a3,a5,8
     b88:	06c2                	slli	a3,a3,0x10
     b8a:	86c1                	srai	a3,a3,0x10
     b8c:	fff70613          	addi	a2,a4,-1
     b90:	00044363          	bltz	s0,b96 <OLED_ShowImage+0x56>
     b94:	863a                	mv	a2,a4
     b96:	01061713          	slli	a4,a2,0x10
     b9a:	8741                	srai	a4,a4,0x10
     b9c:	c63a                	sw	a4,12(sp)
     b9e:	8736                	mv	a4,a3
     ba0:	00044363          	bltz	s0,ba6 <OLED_ShowImage+0x66>
     ba4:	873e                	mv	a4,a5
     ba6:	01071493          	slli	s1,a4,0x10
     baa:	84c1                	srai	s1,s1,0x10
     bac:	47a1                	li	a5,8
     bae:	8f85                	sub	a5,a5,s1
     bb0:	d5018713          	addi	a4,gp,-688 # 20000648 <OLED_DisplayBuf>
     bb4:	c43e                	sw	a5,8(sp)
     bb6:	4681                	li	a3,0
     bb8:	4781                	li	a5,0
     bba:	ce3a                	sw	a4,28(sp)
     bbc:	4732                	lw	a4,12(sp)
     bbe:	4672                	lw	a2,28(sp)
     bc0:	4581                	li	a1,0
     bc2:	00f70333          	add	t1,a4,a5
     bc6:	4702                	lw	a4,0(sp)
     bc8:	00130393          	addi	t2,t1,1
     bcc:	00739293          	slli	t0,t2,0x7
     bd0:	9716                	add	a4,a4,t0
     bd2:	9732                	add	a4,a4,a2
     bd4:	4612                	lw	a2,4(sp)
     bd6:	02f607b3          	mul	a5,a2,a5
     bda:	4662                	lw	a2,24(sp)
     bdc:	97b2                	add	a5,a5,a2
     bde:	00731613          	slli	a2,t1,0x7
     be2:	ca32                	sw	a2,20(sp)
     be4:	a091                	j	c28 <OLED_ShowImage+0xe8>
     be6:	4602                	lw	a2,0(sp)
     be8:	07f00513          	li	a0,127
     bec:	962e                	add	a2,a2,a1
     bee:	02c56a63          	bltu	a0,a2,c22 <OLED_ShowImage+0xe2>
     bf2:	461d                	li	a2,7
     bf4:	00666d63          	bltu	a2,t1,c0e <OLED_ShowImage+0xce>
     bf8:	4652                	lw	a2,20(sp)
     bfa:	40570533          	sub	a0,a4,t0
     bfe:	9532                	add	a0,a0,a2
     c00:	2390                	lbu	a2,0(a5)
     c02:	00961633          	sll	a2,a2,s1
     c06:	8432                	mv	s0,a2
     c08:	2110                	lbu	a2,0(a0)
     c0a:	8e41                	or	a2,a2,s0
     c0c:	a110                	sb	a2,0(a0)
     c0e:	461d                	li	a2,7
     c10:	00766963          	bltu	a2,t2,c22 <OLED_ShowImage+0xe2>
     c14:	2390                	lbu	a2,0(a5)
     c16:	4522                	lw	a0,8(sp)
     c18:	40a65633          	sra	a2,a2,a0
     c1c:	2308                	lbu	a0,0(a4)
     c1e:	8e49                	or	a2,a2,a0
     c20:	a310                	sb	a2,0(a4)
     c22:	0585                	addi	a1,a1,1
     c24:	0705                	addi	a4,a4,1
     c26:	0785                	addi	a5,a5,1
     c28:	4512                	lw	a0,4(sp)
     c2a:	0ff5f613          	zext.b	a2,a1
     c2e:	faa66ce3          	bltu	a2,a0,be6 <OLED_ShowImage+0xa6>
     c32:	4742                	lw	a4,16(sp)
     c34:	0685                	addi	a3,a3,1
     c36:	0ff6f693          	zext.b	a3,a3
     c3a:	87b6                	mv	a5,a3
     c3c:	f8d750e3          	bge	a4,a3,bbc <OLED_ShowImage+0x7c>
     c40:	6105                	addi	sp,sp,32
     c42:	c70ff06f          	j	b2 <__riscv_restore_0>

00000c46 <OLED_ShowChar>:
     c46:	c62ff2ef          	jal	t0,a8 <__riscv_save_0>
     c4a:	47a1                	li	a5,8
     c4c:	00f69d63          	bne	a3,a5,c66 <OLED_ShowChar+0x20>
     c50:	1601                	addi	a2,a2,-32
     c52:	6719                	lui	a4,0x6
     c54:	0612                	slli	a2,a2,0x4
     c56:	24070713          	addi	a4,a4,576 # 6240 <OLED_F8x16>
     c5a:	9732                	add	a4,a4,a2
     c5c:	46c1                	li	a3,16
     c5e:	4621                	li	a2,8
     c60:	35c5                	jal	b40 <OLED_ShowImage>
     c62:	c50ff06f          	j	b2 <__riscv_restore_0>
     c66:	4799                	li	a5,6
     c68:	fef69de3          	bne	a3,a5,c62 <OLED_ShowChar+0x1c>
     c6c:	1601                	addi	a2,a2,-32
     c6e:	02d606b3          	mul	a3,a2,a3
     c72:	6719                	lui	a4,0x6
     c74:	00470713          	addi	a4,a4,4 # 6004 <OLED_F6x8>
     c78:	4619                	li	a2,6
     c7a:	9736                	add	a4,a4,a3
     c7c:	46a1                	li	a3,8
     c7e:	b7cd                	j	c60 <OLED_ShowChar+0x1a>

00000c80 <OLED_ShowString>:
     c80:	c28ff2ef          	jal	t0,a8 <__riscv_save_0>
     c84:	1151                	addi	sp,sp,-12
     c86:	872a                	mv	a4,a0
     c88:	87b2                	mv	a5,a2
     c8a:	84b6                	mv	s1,a3
     c8c:	4401                	li	s0,0
     c8e:	008786b3          	add	a3,a5,s0
     c92:	00068603          	lb	a2,0(a3)
     c96:	e601                	bnez	a2,c9e <OLED_ShowString+0x1e>
     c98:	0131                	addi	sp,sp,12
     c9a:	c18ff06f          	j	b2 <__riscv_restore_0>
     c9e:	02940533          	mul	a0,s0,s1
     ca2:	86a6                	mv	a3,s1
     ca4:	c43e                	sw	a5,8(sp)
     ca6:	c23a                	sw	a4,4(sp)
     ca8:	c02e                	sw	a1,0(sp)
     caa:	0405                	addi	s0,s0,1
     cac:	0ff47413          	zext.b	s0,s0
     cb0:	953a                	add	a0,a0,a4
     cb2:	0542                	slli	a0,a0,0x10
     cb4:	8541                	srai	a0,a0,0x10
     cb6:	3f41                	jal	c46 <OLED_ShowChar>
     cb8:	47a2                	lw	a5,8(sp)
     cba:	4712                	lw	a4,4(sp)
     cbc:	4582                	lw	a1,0(sp)
     cbe:	bfc1                	j	c8e <OLED_ShowString+0xe>

00000cc0 <OLED_ShowNum>:
     cc0:	be8ff2ef          	jal	t0,a8 <__riscv_save_0>
     cc4:	1131                	addi	sp,sp,-20
     cc6:	82aa                	mv	t0,a0
     cc8:	c02e                	sw	a1,0(sp)
     cca:	c232                	sw	a2,4(sp)
     ccc:	8336                	mv	t1,a3
     cce:	84ba                	mv	s1,a4
     cd0:	4781                	li	a5,0
     cd2:	0067e563          	bltu	a5,t1,cdc <OLED_ShowNum+0x1c>
     cd6:	0151                	addi	sp,sp,20
     cd8:	bdaff06f          	j	b2 <__riscv_restore_0>
     cdc:	02978433          	mul	s0,a5,s1
     ce0:	40f30733          	sub	a4,t1,a5
     ce4:	177d                	addi	a4,a4,-1
     ce6:	4585                	li	a1,1
     ce8:	56fd                	li	a3,-1
     cea:	4629                	li	a2,10
     cec:	9416                	add	s0,s0,t0
     cee:	0442                	slli	s0,s0,0x10
     cf0:	8441                	srai	s0,s0,0x10
     cf2:	177d                	addi	a4,a4,-1
     cf4:	02d71a63          	bne	a4,a3,d28 <OLED_ShowNum+0x68>
     cf8:	4512                	lw	a0,4(sp)
     cfa:	c81a                	sw	t1,16(sp)
     cfc:	c616                	sw	t0,12(sp)
     cfe:	c43e                	sw	a5,8(sp)
     d00:	bc4ff0ef          	jal	ra,c4 <__hidden___udivsi3>
     d04:	45a9                	li	a1,10
     d06:	beaff0ef          	jal	ra,f0 <__umodsi3>
     d0a:	03050613          	addi	a2,a0,48
     d0e:	4582                	lw	a1,0(sp)
     d10:	0662                	slli	a2,a2,0x18
     d12:	86a6                	mv	a3,s1
     d14:	8661                	srai	a2,a2,0x18
     d16:	8522                	mv	a0,s0
     d18:	373d                	jal	c46 <OLED_ShowChar>
     d1a:	47a2                	lw	a5,8(sp)
     d1c:	4342                	lw	t1,16(sp)
     d1e:	42b2                	lw	t0,12(sp)
     d20:	0785                	addi	a5,a5,1
     d22:	0ff7f793          	zext.b	a5,a5
     d26:	b775                	j	cd2 <OLED_ShowNum+0x12>
     d28:	02c585b3          	mul	a1,a1,a2
     d2c:	b7d9                	j	cf2 <OLED_ShowNum+0x32>

00000d2e <OLED_ShowFloatNum>:
     d2e:	b7aff2ef          	jal	t0,a8 <__riscv_save_0>
     d32:	1111                	addi	sp,sp,-28
     d34:	c42a                	sw	a0,8(sp)
     d36:	c02e                	sw	a1,0(sp)
     d38:	8532                	mv	a0,a2
     d3a:	85b6                	mv	a1,a3
     d3c:	84b6                	mv	s1,a3
     d3e:	c23a                	sw	a4,4(sp)
     d40:	c63e                	sw	a5,12(sp)
     d42:	ca32                	sw	a2,20(sp)
     d44:	49a030ef          	jal	ra,41de <__fixunsdfsi>
     d48:	c82a                	sw	a0,16(sp)
     d4a:	4ec030ef          	jal	ra,4236 <__floatunsidf>
     d4e:	4352                	lw	t1,20(sp)
     d50:	862a                	mv	a2,a0
     d52:	86ae                	mv	a3,a1
     d54:	851a                	mv	a0,t1
     d56:	85a6                	mv	a1,s1
     d58:	51d020ef          	jal	ra,3a74 <__subdf3>
     d5c:	02814403          	lbu	s0,40(sp)
     d60:	46b2                	lw	a3,12(sp)
     d62:	84ae                	mv	s1,a1
     d64:	872a                	mv	a4,a0
     d66:	4785                	li	a5,1
     d68:	567d                	li	a2,-1
     d6a:	45a9                	li	a1,10
     d6c:	16fd                	addi	a3,a3,-1
     d6e:	06c69a63          	bne	a3,a2,de2 <OLED_ShowFloatNum+0xb4>
     d72:	853e                	mv	a0,a5
     d74:	cc3e                	sw	a5,24(sp)
     d76:	ca3a                	sw	a4,20(sp)
     d78:	4be030ef          	jal	ra,4236 <__floatunsidf>
     d7c:	4752                	lw	a4,20(sp)
     d7e:	86a6                	mv	a3,s1
     d80:	863a                	mv	a2,a4
     d82:	774020ef          	jal	ra,34f6 <__muldf3>
     d86:	481010ef          	jal	ra,2a06 <round>
     d8a:	454030ef          	jal	ra,41de <__fixunsdfsi>
     d8e:	47e2                	lw	a5,24(sp)
     d90:	ca2a                	sw	a0,20(sp)
     d92:	85be                	mv	a1,a5
     d94:	b30ff0ef          	jal	ra,c4 <__hidden___udivsi3>
     d98:	47c2                	lw	a5,16(sp)
     d9a:	4692                	lw	a3,4(sp)
     d9c:	4582                	lw	a1,0(sp)
     d9e:	00f50633          	add	a2,a0,a5
     da2:	4522                	lw	a0,8(sp)
     da4:	8722                	mv	a4,s0
     da6:	3f29                	jal	cc0 <OLED_ShowNum>
     da8:	4792                	lw	a5,4(sp)
     daa:	8424                	lhu	s1,8(sp)
     dac:	4582                	lw	a1,0(sp)
     dae:	02878533          	mul	a0,a5,s0
     db2:	86a2                	mv	a3,s0
     db4:	02e00613          	li	a2,46
     db8:	9526                	add	a0,a0,s1
     dba:	0542                	slli	a0,a0,0x10
     dbc:	8541                	srai	a0,a0,0x10
     dbe:	3561                	jal	c46 <OLED_ShowChar>
     dc0:	4792                	lw	a5,4(sp)
     dc2:	46b2                	lw	a3,12(sp)
     dc4:	4652                	lw	a2,20(sp)
     dc6:	00178713          	addi	a4,a5,1
     dca:	02e40733          	mul	a4,s0,a4
     dce:	4582                	lw	a1,0(sp)
     dd0:	00e48533          	add	a0,s1,a4
     dd4:	0542                	slli	a0,a0,0x10
     dd6:	8722                	mv	a4,s0
     dd8:	8541                	srai	a0,a0,0x10
     dda:	35dd                	jal	cc0 <OLED_ShowNum>
     ddc:	0171                	addi	sp,sp,28
     dde:	ad4ff06f          	j	b2 <__riscv_restore_0>
     de2:	02b787b3          	mul	a5,a5,a1
     de6:	b759                	j	d6c <OLED_ShowFloatNum+0x3e>

00000de8 <OLED_Printf>:
     de8:	1101                	addi	sp,sp,-32
     dea:	c822                	sw	s0,16(sp)
     dec:	c626                	sw	s1,12(sp)
     dee:	c02a                	sw	a0,0(sp)
     df0:	c22e                	sw	a1,4(sp)
     df2:	84b2                	mv	s1,a2
     df4:	85b6                	mv	a1,a3
     df6:	0830                	addi	a2,sp,24
     df8:	cd018513          	addi	a0,gp,-816 # 200005c8 <String>
     dfc:	ca06                	sw	ra,20(sp)
     dfe:	cc3a                	sw	a4,24(sp)
     e00:	ce3e                	sw	a5,28(sp)
     e02:	c432                	sw	a2,8(sp)
     e04:	7f8040ef          	jal	ra,55fc <vsiprintf>
     e08:	4592                	lw	a1,4(sp)
     e0a:	4502                	lw	a0,0(sp)
     e0c:	86a6                	mv	a3,s1
     e0e:	cd018613          	addi	a2,gp,-816 # 200005c8 <String>
     e12:	35bd                	jal	c80 <OLED_ShowString>
     e14:	40d2                	lw	ra,20(sp)
     e16:	4442                	lw	s0,16(sp)
     e18:	44b2                	lw	s1,12(sp)
     e1a:	6105                	addi	sp,sp,32
     e1c:	8082                	ret

00000e1e <OLED_DrawPoint>:
     e1e:	01051713          	slli	a4,a0,0x10
     e22:	8341                	srli	a4,a4,0x10
     e24:	07f00793          	li	a5,127
     e28:	02e7e763          	bltu	a5,a4,e56 <OLED_DrawPoint+0x38>
     e2c:	01059793          	slli	a5,a1,0x10
     e30:	83c1                	srli	a5,a5,0x10
     e32:	03f00713          	li	a4,63
     e36:	02f76063          	bltu	a4,a5,e56 <OLED_DrawPoint+0x38>
     e3a:	4035d713          	srai	a4,a1,0x3
     e3e:	071e                	slli	a4,a4,0x7
     e40:	d5018793          	addi	a5,gp,-688 # 20000648 <OLED_DisplayBuf>
     e44:	97ba                	add	a5,a5,a4
     e46:	953e                	add	a0,a0,a5
     e48:	2118                	lbu	a4,0(a0)
     e4a:	899d                	andi	a1,a1,7
     e4c:	4785                	li	a5,1
     e4e:	00b797b3          	sll	a5,a5,a1
     e52:	8fd9                	or	a5,a5,a4
     e54:	a11c                	sb	a5,0(a0)
     e56:	8082                	ret

00000e58 <OLED_DrawLine>:
     e58:	a50ff2ef          	jal	t0,a8 <__riscv_save_0>
     e5c:	1121                	addi	sp,sp,-24
     e5e:	c036                	sw	a3,0(sp)
     e60:	842a                	mv	s0,a0
     e62:	84ae                	mv	s1,a1
     e64:	02d59463          	bne	a1,a3,e8c <OLED_DrawLine+0x34>
     e68:	00a65963          	bge	a2,a0,e7a <OLED_DrawLine+0x22>
     e6c:	8432                	mv	s0,a2
     e6e:	862a                	mv	a2,a0
     e70:	00865563          	bge	a2,s0,e7a <OLED_DrawLine+0x22>
     e74:	0161                	addi	sp,sp,24
     e76:	a3cff06f          	j	b2 <__riscv_restore_0>
     e7a:	8522                	mv	a0,s0
     e7c:	85a6                	mv	a1,s1
     e7e:	0405                	addi	s0,s0,1
     e80:	c032                	sw	a2,0(sp)
     e82:	0442                	slli	s0,s0,0x10
     e84:	3f69                	jal	e1e <OLED_DrawPoint>
     e86:	4602                	lw	a2,0(sp)
     e88:	8441                	srai	s0,s0,0x10
     e8a:	b7dd                	j	e70 <OLED_DrawLine+0x18>
     e8c:	02c51363          	bne	a0,a2,eb2 <OLED_DrawLine+0x5a>
     e90:	4782                	lw	a5,0(sp)
     e92:	00b7d763          	bge	a5,a1,ea0 <OLED_DrawLine+0x48>
     e96:	84be                	mv	s1,a5
     e98:	c02e                	sw	a1,0(sp)
     e9a:	4782                	lw	a5,0(sp)
     e9c:	fc97cce3          	blt	a5,s1,e74 <OLED_DrawLine+0x1c>
     ea0:	85a6                	mv	a1,s1
     ea2:	8522                	mv	a0,s0
     ea4:	3fad                	jal	e1e <OLED_DrawPoint>
     ea6:	00148793          	addi	a5,s1,1
     eaa:	01079493          	slli	s1,a5,0x10
     eae:	84c1                	srai	s1,s1,0x10
     eb0:	b7ed                	j	e9a <OLED_DrawLine+0x42>
     eb2:	00a65663          	bge	a2,a0,ebe <OLED_DrawLine+0x66>
     eb6:	4482                	lw	s1,0(sp)
     eb8:	8432                	mv	s0,a2
     eba:	c02e                	sw	a1,0(sp)
     ebc:	862a                	mv	a2,a0
     ebe:	4782                	lw	a5,0(sp)
     ec0:	c602                	sw	zero,12(sp)
     ec2:	0097df63          	bge	a5,s1,ee0 <OLED_DrawLine+0x88>
     ec6:	409007b3          	neg	a5,s1
     eca:	01079493          	slli	s1,a5,0x10
     ece:	4782                	lw	a5,0(sp)
     ed0:	84c1                	srai	s1,s1,0x10
     ed2:	40f007b3          	neg	a5,a5
     ed6:	07c2                	slli	a5,a5,0x10
     ed8:	87c1                	srai	a5,a5,0x10
     eda:	c03e                	sw	a5,0(sp)
     edc:	4785                	li	a5,1
     ede:	c63e                	sw	a5,12(sp)
     ee0:	4782                	lw	a5,0(sp)
     ee2:	40860733          	sub	a4,a2,s0
     ee6:	409786b3          	sub	a3,a5,s1
     eea:	4785                	li	a5,1
     eec:	c23e                	sw	a5,4(sp)
     eee:	00d74963          	blt	a4,a3,f00 <OLED_DrawLine+0xa8>
     ef2:	4702                	lw	a4,0(sp)
     ef4:	c032                	sw	a2,0(sp)
     ef6:	c202                	sw	zero,4(sp)
     ef8:	863a                	mv	a2,a4
     efa:	8726                	mv	a4,s1
     efc:	84a2                	mv	s1,s0
     efe:	843a                	mv	s0,a4
     f00:	01041593          	slli	a1,s0,0x10
     f04:	81c1                	srli	a1,a1,0x10
     f06:	8e0d                	sub	a2,a2,a1
     f08:	8038                	lhu	a4,0(sp)
     f0a:	0642                	slli	a2,a2,0x10
     f0c:	8241                	srli	a2,a2,0x10
     f0e:	01049693          	slli	a3,s1,0x10
     f12:	00161513          	slli	a0,a2,0x1
     f16:	82c1                	srli	a3,a3,0x10
     f18:	01051793          	slli	a5,a0,0x10
     f1c:	40d70533          	sub	a0,a4,a3
     f20:	0642                	slli	a2,a2,0x10
     f22:	0542                	slli	a0,a0,0x10
     f24:	8641                	srai	a2,a2,0x10
     f26:	8541                	srai	a0,a0,0x10
     f28:	8e09                	sub	a2,a2,a0
     f2a:	83c1                	srli	a5,a5,0x10
     f2c:	0606                	slli	a2,a2,0x1
     f2e:	c83e                	sw	a5,16(sp)
     f30:	01061793          	slli	a5,a2,0x10
     f34:	83c1                	srli	a5,a5,0x10
     f36:	ca3e                	sw	a5,20(sp)
     f38:	47c2                	lw	a5,16(sp)
     f3a:	40e68733          	sub	a4,a3,a4
     f3e:	973e                	add	a4,a4,a5
     f40:	01071793          	slli	a5,a4,0x10
     f44:	87c1                	srai	a5,a5,0x10
     f46:	c43e                	sw	a5,8(sp)
     f48:	47b2                	lw	a5,12(sp)
     f4a:	c3bd                	beqz	a5,fb0 <OLED_DrawLine+0x158>
     f4c:	4792                	lw	a5,4(sp)
     f4e:	c3b9                	beqz	a5,f94 <OLED_DrawLine+0x13c>
     f50:	40d005b3          	neg	a1,a3
     f54:	05c2                	slli	a1,a1,0x10
     f56:	85c1                	srai	a1,a1,0x10
     f58:	8522                	mv	a0,s0
     f5a:	35d1                	jal	e1e <OLED_DrawPoint>
     f5c:	4782                	lw	a5,0(sp)
     f5e:	f0f4dbe3          	bge	s1,a5,e74 <OLED_DrawLine+0x1c>
     f62:	01049593          	slli	a1,s1,0x10
     f66:	81c1                	srli	a1,a1,0x10
     f68:	00158793          	addi	a5,a1,1
     f6c:	01079493          	slli	s1,a5,0x10
     f70:	47a2                	lw	a5,8(sp)
     f72:	8438                	lhu	a4,8(sp)
     f74:	84c1                	srai	s1,s1,0x10
     f76:	0207d563          	bgez	a5,fa0 <OLED_DrawLine+0x148>
     f7a:	47c2                	lw	a5,16(sp)
     f7c:	973e                	add	a4,a4,a5
     f7e:	01071793          	slli	a5,a4,0x10
     f82:	87c1                	srai	a5,a5,0x10
     f84:	c43e                	sw	a5,8(sp)
     f86:	47b2                	lw	a5,12(sp)
     f88:	c785                	beqz	a5,fb0 <OLED_DrawLine+0x158>
     f8a:	4792                	lw	a5,4(sp)
     f8c:	cf99                	beqz	a5,faa <OLED_DrawLine+0x152>
     f8e:	fff5c593          	not	a1,a1
     f92:	b7c9                	j	f54 <OLED_DrawLine+0xfc>
     f94:	40b005b3          	neg	a1,a1
     f98:	05c2                	slli	a1,a1,0x10
     f9a:	85c1                	srai	a1,a1,0x10
     f9c:	8526                	mv	a0,s1
     f9e:	bf75                	j	f5a <OLED_DrawLine+0x102>
     fa0:	0405                	addi	s0,s0,1
     fa2:	0442                	slli	s0,s0,0x10
     fa4:	47d2                	lw	a5,20(sp)
     fa6:	8441                	srai	s0,s0,0x10
     fa8:	bfd1                	j	f7c <OLED_DrawLine+0x124>
     faa:	408005b3          	neg	a1,s0
     fae:	b7ed                	j	f98 <OLED_DrawLine+0x140>
     fb0:	4792                	lw	a5,4(sp)
     fb2:	c399                	beqz	a5,fb8 <OLED_DrawLine+0x160>
     fb4:	85a6                	mv	a1,s1
     fb6:	b74d                	j	f58 <OLED_DrawLine+0x100>
     fb8:	85a2                	mv	a1,s0
     fba:	b7cd                	j	f9c <OLED_DrawLine+0x144>

00000fbc <PID_Reset>:
     fbc:	00000793          	li	a5,0
     fc0:	cd5c                	sw	a5,28(a0)
     fc2:	cd1c                	sw	a5,24(a0)
     fc4:	c95c                	sw	a5,20(a0)
     fc6:	d11c                	sw	a5,32(a0)
     fc8:	8082                	ret

00000fca <PID_Position_Calc>:
     fca:	8deff2ef          	jal	t0,a8 <__riscv_save_0>
     fce:	842a                	mv	s0,a0
     fd0:	852e                	mv	a0,a1
     fd2:	1161                	addi	sp,sp,-8
     fd4:	85b2                	mv	a1,a2
     fd6:	c810                	sw	a2,16(s0)
     fd8:	c448                	sw	a0,12(s0)
     fda:	5d9030ef          	jal	ra,4db2 <__subsf3>
     fde:	501c                	lw	a5,32(s0)
     fe0:	400c                	lw	a1,0(s0)
     fe2:	cc48                	sw	a0,28(s0)
     fe4:	c23e                	sw	a5,4(sp)
     fe6:	c02a                	sw	a0,0(sp)
     fe8:	2eb030ef          	jal	ra,4ad2 <__mulsf3>
     fec:	84aa                	mv	s1,a0
     fee:	404c                	lw	a1,4(s0)
     ff0:	4512                	lw	a0,4(sp)
     ff2:	2e1030ef          	jal	ra,4ad2 <__mulsf3>
     ff6:	85aa                	mv	a1,a0
     ff8:	8526                	mv	a0,s1
     ffa:	2ac030ef          	jal	ra,42a6 <__addsf3>
     ffe:	4c0c                	lw	a1,24(s0)
    1000:	84aa                	mv	s1,a0
    1002:	4502                	lw	a0,0(sp)
    1004:	5af030ef          	jal	ra,4db2 <__subsf3>
    1008:	440c                	lw	a1,8(s0)
    100a:	2c9030ef          	jal	ra,4ad2 <__mulsf3>
    100e:	85aa                	mv	a1,a0
    1010:	8526                	mv	a0,s1
    1012:	294030ef          	jal	ra,42a6 <__addsf3>
    1016:	4592                	lw	a1,4(sp)
    1018:	84aa                	mv	s1,a0
    101a:	d408                	sw	a0,40(s0)
    101c:	4502                	lw	a0,0(sp)
    101e:	288030ef          	jal	ra,42a6 <__addsf3>
    1022:	4782                	lw	a5,0(sp)
    1024:	584c                	lw	a1,52(s0)
    1026:	c22a                	sw	a0,4(sp)
    1028:	d008                	sw	a0,32(s0)
    102a:	cc1c                	sw	a5,24(s0)
    102c:	8526                	mv	a0,s1
    102e:	c02e                	sw	a1,0(sp)
    1030:	175030ef          	jal	ra,49a4 <__gesf2>
    1034:	00a05563          	blez	a0,103e <PID_Position_Calc+0x74>
    1038:	4582                	lw	a1,0(sp)
    103a:	d40c                	sw	a1,40(s0)
    103c:	a801                	j	104c <PID_Position_Calc+0x82>
    103e:	5c0c                	lw	a1,56(s0)
    1040:	8526                	mv	a0,s1
    1042:	c02e                	sw	a1,0(sp)
    1044:	1f7030ef          	jal	ra,4a3a <__lesf2>
    1048:	fe0548e3          	bltz	a0,1038 <PID_Position_Calc+0x6e>
    104c:	580c                	lw	a1,48(s0)
    104e:	4512                	lw	a0,4(sp)
    1050:	c02e                	sw	a1,0(sp)
    1052:	153030ef          	jal	ra,49a4 <__gesf2>
    1056:	4582                	lw	a1,0(sp)
    1058:	00a05763          	blez	a0,1066 <PID_Position_Calc+0x9c>
    105c:	d00c                	sw	a1,32(s0)
    105e:	5408                	lw	a0,40(s0)
    1060:	0121                	addi	sp,sp,8
    1062:	850ff06f          	j	b2 <__riscv_restore_0>
    1066:	800004b7          	lui	s1,0x80000
    106a:	4512                	lw	a0,4(sp)
    106c:	8cad                	xor	s1,s1,a1
    106e:	85a6                	mv	a1,s1
    1070:	1cb030ef          	jal	ra,4a3a <__lesf2>
    1074:	fe0555e3          	bgez	a0,105e <PID_Position_Calc+0x94>
    1078:	d004                	sw	s1,32(s0)
    107a:	b7d5                	j	105e <PID_Position_Calc+0x94>

0000107c <BSP_TIM1_Init>:
    107c:	82cff2ef          	jal	t0,a8 <__riscv_save_0>
    1080:	7179                	addi	sp,sp,-48
    1082:	4585                	li	a1,1
    1084:	4541                	li	a0,16
    1086:	310010ef          	jal	ra,2396 <RCC_PB2PeriphClockCmd>
    108a:	6405                	lui	s0,0x1
    108c:	80040513          	addi	a0,s0,-2048 # 800 <Key_Scan+0xd4>
    1090:	4585                	li	a1,1
    1092:	304010ef          	jal	ra,2396 <RCC_PB2PeriphClockCmd>
    1096:	47a1                	li	a5,8
    1098:	ca3e                	sw	a5,20(sp)
    109a:	4761                	li	a4,24
    109c:	4785                	li	a5,1
    109e:	084c                	addi	a1,sp,20
    10a0:	40011537          	lui	a0,0x40011
    10a4:	cc3e                	sw	a5,24(sp)
    10a6:	ce3a                	sw	a4,28(sp)
    10a8:	c402                	sw	zero,8(sp)
    10aa:	c602                	sw	zero,12(sp)
    10ac:	00011823          	sh	zero,16(sp)
    10b0:	d002                	sw	zero,32(sp)
    10b2:	d202                	sw	zero,36(sp)
    10b4:	d402                	sw	zero,40(sp)
    10b6:	d602                	sw	zero,44(sp)
    10b8:	3e1000ef          	jal	ra,1c98 <GPIO_Init>
    10bc:	02000713          	li	a4,32
    10c0:	82f8                	sh	a4,20(sp)
    10c2:	084c                	addi	a1,sp,20
    10c4:	4741                	li	a4,16
    10c6:	40011537          	lui	a0,0x40011
    10ca:	ce3a                	sw	a4,28(sp)
    10cc:	3cd000ef          	jal	ra,1c98 <GPIO_Init>
    10d0:	02000593          	li	a1,32
    10d4:	40011537          	lui	a0,0x40011
    10d8:	447000ef          	jal	ra,1d1e <GPIO_ResetBits>
    10dc:	0028                	addi	a0,sp,8
    10de:	95f40413          	addi	s0,s0,-1697
    10e2:	542010ef          	jal	ra,2624 <TIM_TimeBaseStructInit>
    10e6:	8660                	sh	s0,12(sp)
    10e8:	40013437          	lui	s0,0x40013
    10ec:	474d                	li	a4,19
    10ee:	002c                	addi	a1,sp,8
    10f0:	c0040513          	addi	a0,s0,-1024 # 40012c00 <_eusrstack+0x20010c00>
    10f4:	00e10823          	sb	a4,16(sp)
    10f8:	c402                	sw	zero,8(sp)
    10fa:	352010ef          	jal	ra,244c <TIM_TimeBaseInit>
    10fe:	1008                	addi	a0,sp,32
    1100:	53a010ef          	jal	ra,263a <TIM_OCStructInit>
    1104:	64c1                	lui	s1,0x10
    1106:	07048713          	addi	a4,s1,112 # 10070 <_data_lma+0x95b0>
    110a:	d03a                	sw	a4,32(sp)
    110c:	100c                	addi	a1,sp,32
    110e:	00fa0737          	lui	a4,0xfa0
    1112:	c0040513          	addi	a0,s0,-1024
    1116:	d23a                	sw	a4,36(sp)
    1118:	02011423          	sh	zero,40(sp)
    111c:	474010ef          	jal	ra,2590 <TIM_OC3Init>
    1120:	c0040513          	addi	a0,s0,-1024
    1124:	45a1                	li	a1,8
    1126:	652010ef          	jal	ra,2778 <TIM_OC3PreloadConfig>
    112a:	4585                	li	a1,1
    112c:	c0040513          	addi	a0,s0,-1024
    1130:	5aa010ef          	jal	ra,26da <TIM_ARRPreloadConfig>
    1134:	4785                	li	a5,1
    1136:	850a                	mv	a0,sp
    1138:	02348493          	addi	s1,s1,35
    113c:	c23e                	sw	a5,4(sp)
    113e:	c026                	sw	s1,0(sp)
    1140:	11e010ef          	jal	ra,225e <NVIC_Init>
    1144:	4605                	li	a2,1
    1146:	c0040513          	addi	a0,s0,-1024
    114a:	4585                	li	a1,1
    114c:	57c010ef          	jal	ra,26c8 <TIM_ITConfig>
    1150:	c0040513          	addi	a0,s0,-1024
    1154:	02000593          	li	a1,32
    1158:	67e010ef          	jal	ra,27d6 <TIM_SelectOutputTrigger>
    115c:	c0040513          	addi	a0,s0,-1024
    1160:	4585                	li	a1,1
    1162:	550010ef          	jal	ra,26b2 <TIM_CtrlPWMOutputs>
    1166:	4585                	li	a1,1
    1168:	c0040513          	addi	a0,s0,-1024
    116c:	4f0010ef          	jal	ra,265c <TIM_Cmd>
    1170:	6145                	addi	sp,sp,48
    1172:	f41fe06f          	j	b2 <__riscv_restore_0>

00001176 <BSP_TIM2_Init>:
    1176:	f33fe2ef          	jal	t0,a8 <__riscv_save_0>
    117a:	fd810113          	addi	sp,sp,-40
    117e:	4585                	li	a1,1
    1180:	4545                	li	a0,17
    1182:	c002                	sw	zero,0(sp)
    1184:	c202                	sw	zero,4(sp)
    1186:	00011423          	sh	zero,8(sp)
    118a:	c602                	sw	zero,12(sp)
    118c:	c802                	sw	zero,16(sp)
    118e:	ca02                	sw	zero,20(sp)
    1190:	cc02                	sw	zero,24(sp)
    1192:	ce02                	sw	zero,28(sp)
    1194:	d002                	sw	zero,32(sp)
    1196:	d202                	sw	zero,36(sp)
    1198:	1fe010ef          	jal	ra,2396 <RCC_PB2PeriphClockCmd>
    119c:	4585                	li	a1,1
    119e:	4505                	li	a0,1
    11a0:	214010ef          	jal	ra,23b4 <RCC_PB1PeriphClockCmd>
    11a4:	084e0537          	lui	a0,0x84e0
    11a8:	4585                	li	a1,1
    11aa:	050d                	addi	a0,a0,3 # 84e0003 <_data_lma+0x84d9543>
    11ac:	377000ef          	jal	ra,1d22 <GPIO_PinRemapConfig>
    11b0:	08000793          	li	a5,128
    11b4:	867c                	sh	a5,12(sp)
    11b6:	47e1                	li	a5,24
    11b8:	ca3e                	sw	a5,20(sp)
    11ba:	006c                	addi	a1,sp,12
    11bc:	4785                	li	a5,1
    11be:	40011537          	lui	a0,0x40011
    11c2:	c83e                	sw	a5,16(sp)
    11c4:	2d5000ef          	jal	ra,1c98 <GPIO_Init>
    11c8:	04700793          	li	a5,71
    11cc:	858a                	mv	a1,sp
    11ce:	c03e                	sw	a5,0(sp)
    11d0:	40000537          	lui	a0,0x40000
    11d4:	57f9                	li	a5,-2
    11d6:	827c                	sh	a5,4(sp)
    11d8:	00010423          	sb	zero,8(sp)
    11dc:	270010ef          	jal	ra,244c <TIM_TimeBaseInit>
    11e0:	0828                	addi	a0,sp,24
    11e2:	458010ef          	jal	ra,263a <TIM_OCStructInit>
    11e6:	67c1                	lui	a5,0x10
    11e8:	06078793          	addi	a5,a5,96 # 10060 <_data_lma+0x95a0>
    11ec:	082c                	addi	a1,sp,24
    11ee:	40000537          	lui	a0,0x40000
    11f2:	cc3e                	sw	a5,24(sp)
    11f4:	ce02                	sw	zero,28(sp)
    11f6:	02011023          	sh	zero,32(sp)
    11fa:	2be010ef          	jal	ra,24b8 <TIM_OC2Init>
    11fe:	45a1                	li	a1,8
    1200:	40000537          	lui	a0,0x40000
    1204:	52e010ef          	jal	ra,2732 <TIM_OC2PreloadConfig>
    1208:	4585                	li	a1,1
    120a:	40000537          	lui	a0,0x40000
    120e:	4cc010ef          	jal	ra,26da <TIM_ARRPreloadConfig>
    1212:	4585                	li	a1,1
    1214:	40000537          	lui	a0,0x40000
    1218:	444010ef          	jal	ra,265c <TIM_Cmd>
    121c:	0c800593          	li	a1,200
    1220:	3e800513          	li	a0,1000
    1224:	b24ff0ef          	jal	ra,548 <Buzzer_Play>
    1228:	02810113          	addi	sp,sp,40
    122c:	e87fe06f          	j	b2 <__riscv_restore_0>

00001230 <BSP_PWM_DAC_Set_CCR>:
    1230:	85aa                	mv	a1,a0
    1232:	40013537          	lui	a0,0x40013
    1236:	c0050513          	addi	a0,a0,-1024 # 40012c00 <_eusrstack+0x20010c00>
    123a:	6040106f          	j	283e <TIM_SetCompare3>

0000123e <TIM1_UP_IRQHandler>:
    123e:	40013537          	lui	a0,0x40013
    1242:	4585                	li	a1,1
    1244:	c0050513          	addi	a0,a0,-1024 # 40012c00 <_eusrstack+0x20010c00>
    1248:	61e010ef          	jal	ra,2866 <TIM_ClearITPendingBit>
    124c:	2ba5                	jal	17c4 <BSP_TIM1_IQR_Callback>
    124e:	30200073          	mret

00001252 <BSP_WS2812_Reset>:
    1252:	e57fe2ef          	jal	t0,a8 <__riscv_save_0>
    1256:	03200413          	li	s0,50
    125a:	4589                	li	a1,2
    125c:	40013537          	lui	a0,0x40013
    1260:	1e2010ef          	jal	ra,2442 <SPI_I2S_GetFlagStatus>
    1264:	d97d                	beqz	a0,125a <BSP_WS2812_Reset+0x8>
    1266:	147d                	addi	s0,s0,-1
    1268:	4581                	li	a1,0
    126a:	40013537          	lui	a0,0x40013
    126e:	0ff47413          	zext.b	s0,s0
    1272:	1cc010ef          	jal	ra,243e <SPI_I2S_SendData>
    1276:	f075                	bnez	s0,125a <BSP_WS2812_Reset+0x8>
    1278:	e3bfe06f          	j	b2 <__riscv_restore_0>

0000127c <BSP_WS2812_Set_Color>:
    127c:	e2dfe2ef          	jal	t0,a8 <__riscv_save_0>
    1280:	00851693          	slli	a3,a0,0x8
    1284:	00ff07b7          	lui	a5,0xff0
    1288:	8efd                	and	a3,a3,a5
    128a:	6741                	lui	a4,0x10
    128c:	01055793          	srli	a5,a0,0x10
    1290:	177d                	addi	a4,a4,-1 # ffff <_data_lma+0x953f>
    1292:	07a2                	slli	a5,a5,0x8
    1294:	8ff9                	and	a5,a5,a4
    1296:	8edd                	or	a3,a3,a5
    1298:	0ff57513          	zext.b	a0,a0
    129c:	8ec9                	or	a3,a3,a0
    129e:	1171                	addi	sp,sp,-4
    12a0:	15018513          	addi	a0,gp,336 # 20000a48 <data2send>
    12a4:	47e1                	li	a5,24
    12a6:	4701                	li	a4,0
    12a8:	4581                	li	a1,0
    12aa:	4401                	li	s0,0
    12ac:	15018493          	addi	s1,gp,336 # 20000a48 <data2send>
    12b0:	008003b7          	lui	t2,0x800
    12b4:	431d                	li	t1,7
    12b6:	0076f633          	and	a2,a3,t2
    12ba:	4299                	li	t0,6
    12bc:	e211                	bnez	a2,12c0 <BSP_WS2812_Set_Color+0x44>
    12be:	4285                	li	t0,1
    12c0:	4601                	li	a2,0
    12c2:	00567463          	bgeu	a2,t0,12ca <BSP_WS2812_Set_Color+0x4e>
    12c6:	00176713          	ori	a4,a4,1
    12ca:	0585                	addi	a1,a1,1
    12cc:	0ff5f593          	zext.b	a1,a1
    12d0:	00659763          	bne	a1,t1,12de <BSP_WS2812_Set_Color+0x62>
    12d4:	a118                	sb	a4,0(a0)
    12d6:	0405                	addi	s0,s0,1
    12d8:	0505                	addi	a0,a0,1 # 40013001 <_eusrstack+0x20011001>
    12da:	4701                	li	a4,0
    12dc:	4581                	li	a1,0
    12de:	0605                	addi	a2,a2,1
    12e0:	0706                	slli	a4,a4,0x1
    12e2:	0ff67613          	zext.b	a2,a2
    12e6:	0ff77713          	zext.b	a4,a4
    12ea:	fc661ce3          	bne	a2,t1,12c2 <BSP_WS2812_Set_Color+0x46>
    12ee:	17fd                	addi	a5,a5,-1 # feffff <_data_lma+0xfe953f>
    12f0:	0ff7f793          	zext.b	a5,a5
    12f4:	0686                	slli	a3,a3,0x1
    12f6:	f3e1                	bnez	a5,12b6 <BSP_WS2812_Set_Color+0x3a>
    12f8:	c599                	beqz	a1,1306 <BSP_WS2812_Set_Color+0x8a>
    12fa:	46a1                	li	a3,8
    12fc:	8e8d                	sub	a3,a3,a1
    12fe:	00d71733          	sll	a4,a4,a3
    1302:	a118                	sb	a4,0(a0)
    1304:	0405                	addi	s0,s0,1
    1306:	0442                	slli	s0,s0,0x10
    1308:	8041                	srli	s0,s0,0x10
    130a:	0087e663          	bltu	a5,s0,1316 <BSP_WS2812_Set_Color+0x9a>
    130e:	3791                	jal	1252 <BSP_WS2812_Reset>
    1310:	0111                	addi	sp,sp,4
    1312:	da1fe06f          	j	b2 <__riscv_restore_0>
    1316:	4589                	li	a1,2
    1318:	40013537          	lui	a0,0x40013
    131c:	c03e                	sw	a5,0(sp)
    131e:	124010ef          	jal	ra,2442 <SPI_I2S_GetFlagStatus>
    1322:	4782                	lw	a5,0(sp)
    1324:	d96d                	beqz	a0,1316 <BSP_WS2812_Set_Color+0x9a>
    1326:	00f48733          	add	a4,s1,a5
    132a:	230c                	lbu	a1,0(a4)
    132c:	40013537          	lui	a0,0x40013
    1330:	10e010ef          	jal	ra,243e <SPI_I2S_SendData>
    1334:	4782                	lw	a5,0(sp)
    1336:	0785                	addi	a5,a5,1
    1338:	0ff7f793          	zext.b	a5,a5
    133c:	b7f9                	j	130a <BSP_WS2812_Set_Color+0x8e>

0000133e <BSP_WS2812_Init>:
    133e:	d6bfe2ef          	jal	t0,a8 <__riscv_save_0>
    1342:	1101                	addi	sp,sp,-32
    1344:	4585                	li	a1,1
    1346:	4541                	li	a0,16
    1348:	c002                	sw	zero,0(sp)
    134a:	c202                	sw	zero,4(sp)
    134c:	c402                	sw	zero,8(sp)
    134e:	c602                	sw	zero,12(sp)
    1350:	c802                	sw	zero,16(sp)
    1352:	ca02                	sw	zero,20(sp)
    1354:	cc02                	sw	zero,24(sp)
    1356:	00011e23          	sh	zero,28(sp)
    135a:	03c010ef          	jal	ra,2396 <RCC_PB2PeriphClockCmd>
    135e:	4585                	li	a1,1
    1360:	6505                	lui	a0,0x1
    1362:	034010ef          	jal	ra,2396 <RCC_PB2PeriphClockCmd>
    1366:	04000793          	li	a5,64
    136a:	807c                	sh	a5,0(sp)
    136c:	47e1                	li	a5,24
    136e:	c43e                	sw	a5,8(sp)
    1370:	858a                	mv	a1,sp
    1372:	4785                	li	a5,1
    1374:	40011537          	lui	a0,0x40011
    1378:	c23e                	sw	a5,4(sp)
    137a:	11f000ef          	jal	ra,1c98 <GPIO_Init>
    137e:	0104c7b7          	lui	a5,0x104c
    1382:	c63e                	sw	a5,12(sp)
    1384:	020007b7          	lui	a5,0x2000
    1388:	ca3e                	sw	a5,20(sp)
    138a:	47c1                	li	a5,16
    138c:	cc3e                	sw	a5,24(sp)
    138e:	006c                	addi	a1,sp,12
    1390:	479d                	li	a5,7
    1392:	40013537          	lui	a0,0x40013
    1396:	86fc                	sh	a5,28(sp)
    1398:	c802                	sw	zero,16(sp)
    139a:	056010ef          	jal	ra,23f0 <SPI_Init>
    139e:	4585                	li	a1,1
    13a0:	40013537          	lui	a0,0x40013
    13a4:	080010ef          	jal	ra,2424 <SPI_Cmd>
    13a8:	356d                	jal	1252 <BSP_WS2812_Reset>
    13aa:	453d                	li	a0,15
    13ac:	3dc1                	jal	127c <BSP_WS2812_Set_Color>
    13ae:	6105                	addi	sp,sp,32
    13b0:	d03fe06f          	j	b2 <__riscv_restore_0>

000013b4 <NMI_Handler>:
    13b4:	a001                	j	13b4 <NMI_Handler>

000013b6 <HardFault_Handler>:
    13b6:	beef07b7          	lui	a5,0xbeef0
    13ba:	e000e737          	lui	a4,0xe000e
    13be:	08078793          	addi	a5,a5,128 # beef0080 <_eusrstack+0x9eeee080>
    13c2:	c73c                	sw	a5,72(a4)
    13c4:	a001                	j	13c4 <HardFault_Handler+0xe>

000013c6 <Warning_Trigger_Update>:
    13c6:	ce3fe2ef          	jal	t0,a8 <__riscv_save_0>
    13ca:	415c                	lw	a5,4(a0)
    13cc:	450c                	lw	a1,8(a0)
    13ce:	842a                	mv	s0,a0
    13d0:	4384                	lw	s1,0(a5)
    13d2:	8526                	mv	a0,s1
    13d4:	5d0030ef          	jal	ra,49a4 <__gesf2>
    13d8:	00a05863          	blez	a0,13e8 <Warning_Trigger_Update+0x22>
    13dc:	201c                	lbu	a5,0(s0)
    13de:	e399                	bnez	a5,13e4 <Warning_Trigger_Update+0x1e>
    13e0:	4785                	li	a5,1
    13e2:	a01c                	sb	a5,0(s0)
    13e4:	4505                	li	a0,1
    13e6:	a811                	j	13fa <Warning_Trigger_Update+0x34>
    13e8:	444c                	lw	a1,12(s0)
    13ea:	8526                	mv	a0,s1
    13ec:	64e030ef          	jal	ra,4a3a <__lesf2>
    13f0:	00055463          	bgez	a0,13f8 <Warning_Trigger_Update+0x32>
    13f4:	201c                	lbu	a5,0(s0)
    13f6:	e781                	bnez	a5,13fe <Warning_Trigger_Update+0x38>
    13f8:	4501                	li	a0,0
    13fa:	cb9fe06f          	j	b2 <__riscv_restore_0>
    13fe:	00040023          	sb	zero,0(s0)
    1402:	bfdd                	j	13f8 <Warning_Trigger_Update+0x32>

00001404 <OLED_UI_Init>:
    1404:	ca5fe2ef          	jal	t0,a8 <__riscv_save_0>
    1408:	669d                	lui	a3,0x7
    140a:	83068693          	addi	a3,a3,-2000 # 6830 <OLED_F8x16+0x5f0>
    140e:	4621                	li	a2,8
    1410:	4581                	li	a1,0
    1412:	4579                	li	a0,30
    1414:	9d5ff0ef          	jal	ra,de8 <OLED_Printf>
    1418:	669d                	lui	a3,0x7
    141a:	83468693          	addi	a3,a3,-1996 # 6834 <OLED_F8x16+0x5f4>
    141e:	4621                	li	a2,8
    1420:	4581                	li	a1,0
    1422:	04800513          	li	a0,72
    1426:	9c3ff0ef          	jal	ra,de8 <OLED_Printf>
    142a:	669d                	lui	a3,0x7
    142c:	83868693          	addi	a3,a3,-1992 # 6838 <OLED_F8x16+0x5f8>
    1430:	4621                	li	a2,8
    1432:	45d1                	li	a1,20
    1434:	07300513          	li	a0,115
    1438:	9b1ff0ef          	jal	ra,de8 <OLED_Printf>
    143c:	669d                	lui	a3,0x7
    143e:	83c68693          	addi	a3,a3,-1988 # 683c <OLED_F8x16+0x5fc>
    1442:	4621                	li	a2,8
    1444:	02000593          	li	a1,32
    1448:	07300513          	li	a0,115
    144c:	99dff0ef          	jal	ra,de8 <OLED_Printf>
    1450:	669d                	lui	a3,0x7
    1452:	84068693          	addi	a3,a3,-1984 # 6840 <OLED_F8x16+0x600>
    1456:	4621                	li	a2,8
    1458:	03000593          	li	a1,48
    145c:	07300513          	li	a0,115
    1460:	989ff0ef          	jal	ra,de8 <OLED_Printf>
    1464:	04000693          	li	a3,64
    1468:	03e00613          	li	a2,62
    146c:	4581                	li	a1,0
    146e:	03e00513          	li	a0,62
    1472:	9e7ff0ef          	jal	ra,e58 <OLED_DrawLine>
    1476:	23818513          	addi	a0,gp,568 # 20000b30 <vin_mf>
    147a:	822ff0ef          	jal	ra,49c <Mean_Filter_Init>
    147e:	20018513          	addi	a0,gp,512 # 20000af8 <vout_mf>
    1482:	81aff0ef          	jal	ra,49c <Mean_Filter_Init>
    1486:	1c818513          	addi	a0,gp,456 # 20000ac0 <Iin_mf>
    148a:	812ff0ef          	jal	ra,49c <Mean_Filter_Init>
    148e:	19018513          	addi	a0,gp,400 # 20000a88 <Iout_mf>
    1492:	80aff0ef          	jal	ra,49c <Mean_Filter_Init>
    1496:	c1dfe06f          	j	b2 <__riscv_restore_0>

0000149a <OLED_Data_Update>:
    149a:	c0ffe2ef          	jal	t0,a8 <__riscv_save_0>
    149e:	86818413          	addi	s0,gp,-1944 # 20000160 <ADC_Value>
    14a2:	400c                	lw	a1,0(s0)
    14a4:	1171                	addi	sp,sp,-4
    14a6:	23818513          	addi	a0,gp,568 # 20000b30 <vin_mf>
    14aa:	f7ffe0ef          	jal	ra,428 <Mean_Filter_Update>
    14ae:	444c                	lw	a1,12(s0)
    14b0:	20018513          	addi	a0,gp,512 # 20000af8 <vout_mf>
    14b4:	f75fe0ef          	jal	ra,428 <Mean_Filter_Update>
    14b8:	404c                	lw	a1,4(s0)
    14ba:	1c818513          	addi	a0,gp,456 # 20000ac0 <Iin_mf>
    14be:	f6bfe0ef          	jal	ra,428 <Mean_Filter_Update>
    14c2:	480c                	lw	a1,16(s0)
    14c4:	19018513          	addi	a0,gp,400 # 20000a88 <Iout_mf>
    14c8:	f61fe0ef          	jal	ra,428 <Mean_Filter_Update>
    14cc:	4c08                	lw	a0,24(s0)
    14ce:	4421                	li	s0,8
    14d0:	68b030ef          	jal	ra,535a <__extendsfdf2>
    14d4:	4799                	li	a5,6
    14d6:	862a                	mv	a2,a0
    14d8:	86ae                	mv	a3,a1
    14da:	4709                	li	a4,2
    14dc:	c03e                	sw	a5,0(sp)
    14de:	45a5                	li	a1,9
    14e0:	4785                	li	a5,1
    14e2:	4501                	li	a0,0
    14e4:	84bff0ef          	jal	ra,d2e <OLED_ShowFloatNum>
    14e8:	23818393          	addi	t2,gp,568 # 20000b30 <vin_mf>
    14ec:	0343a503          	lw	a0,52(t2) # 800034 <_data_lma+0x7f9574>
    14f0:	66b030ef          	jal	ra,535a <__extendsfdf2>
    14f4:	862a                	mv	a2,a0
    14f6:	86ae                	mv	a3,a1
    14f8:	4789                	li	a5,2
    14fa:	4709                	li	a4,2
    14fc:	45c5                	li	a1,17
    14fe:	4551                	li	a0,20
    1500:	c022                	sw	s0,0(sp)
    1502:	82dff0ef          	jal	ra,d2e <OLED_ShowFloatNum>
    1506:	1c818313          	addi	t1,gp,456 # 20000ac0 <Iin_mf>
    150a:	03432503          	lw	a0,52(t1)
    150e:	64d030ef          	jal	ra,535a <__extendsfdf2>
    1512:	862a                	mv	a2,a0
    1514:	86ae                	mv	a3,a1
    1516:	4709                	li	a4,2
    1518:	4789                	li	a5,2
    151a:	02000593          	li	a1,32
    151e:	4551                	li	a0,20
    1520:	c022                	sw	s0,0(sp)
    1522:	80dff0ef          	jal	ra,d2e <OLED_ShowFloatNum>
    1526:	1c818313          	addi	t1,gp,456 # 20000ac0 <Iin_mf>
    152a:	23818393          	addi	t2,gp,568 # 20000b30 <vin_mf>
    152e:	03432583          	lw	a1,52(t1)
    1532:	0343a503          	lw	a0,52(t2)
    1536:	59c030ef          	jal	ra,4ad2 <__mulsf3>
    153a:	621030ef          	jal	ra,535a <__extendsfdf2>
    153e:	862a                	mv	a2,a0
    1540:	86ae                	mv	a3,a1
    1542:	4789                	li	a5,2
    1544:	c022                	sw	s0,0(sp)
    1546:	4709                	li	a4,2
    1548:	03000593          	li	a1,48
    154c:	4551                	li	a0,20
    154e:	fe0ff0ef          	jal	ra,d2e <OLED_ShowFloatNum>
    1552:	27018313          	addi	t1,gp,624 # 20000b68 <dp>
    1556:	00434783          	lbu	a5,4(t1)
    155a:	cfd1                	beqz	a5,15f6 <OLED_Data_Update+0x15c>
    155c:	20018293          	addi	t0,gp,512 # 20000af8 <vout_mf>
    1560:	0342a503          	lw	a0,52(t0)
    1564:	19018493          	addi	s1,gp,400 # 20000a88 <Iout_mf>
    1568:	5f3030ef          	jal	ra,535a <__extendsfdf2>
    156c:	862a                	mv	a2,a0
    156e:	86ae                	mv	a3,a1
    1570:	4789                	li	a5,2
    1572:	4709                	li	a4,2
    1574:	45c5                	li	a1,17
    1576:	04600513          	li	a0,70
    157a:	c022                	sw	s0,0(sp)
    157c:	fb2ff0ef          	jal	ra,d2e <OLED_ShowFloatNum>
    1580:	58c8                	lw	a0,52(s1)
    1582:	5d9030ef          	jal	ra,535a <__extendsfdf2>
    1586:	862a                	mv	a2,a0
    1588:	86ae                	mv	a3,a1
    158a:	4709                	li	a4,2
    158c:	4789                	li	a5,2
    158e:	02000593          	li	a1,32
    1592:	04600513          	li	a0,70
    1596:	c022                	sw	s0,0(sp)
    1598:	f96ff0ef          	jal	ra,d2e <OLED_ShowFloatNum>
    159c:	20018293          	addi	t0,gp,512 # 20000af8 <vout_mf>
    15a0:	58cc                	lw	a1,52(s1)
    15a2:	0342a503          	lw	a0,52(t0)
    15a6:	52c030ef          	jal	ra,4ad2 <__mulsf3>
    15aa:	5b1030ef          	jal	ra,535a <__extendsfdf2>
    15ae:	862a                	mv	a2,a0
    15b0:	86ae                	mv	a3,a1
    15b2:	4789                	li	a5,2
    15b4:	4709                	li	a4,2
    15b6:	c022                	sw	s0,0(sp)
    15b8:	03000593          	li	a1,48
    15bc:	04600513          	li	a0,70
    15c0:	f6eff0ef          	jal	ra,d2e <OLED_ShowFloatNum>
    15c4:	27018313          	addi	t1,gp,624 # 20000b68 <dp>
    15c8:	00032783          	lw	a5,0(t1)
    15cc:	4709                	li	a4,2
    15ce:	00e79d63          	bne	a5,a4,15e8 <OLED_Data_Update+0x14e>
    15d2:	669d                	lui	a3,0x7
    15d4:	84468693          	addi	a3,a3,-1980 # 6844 <OLED_F8x16+0x604>
    15d8:	4619                	li	a2,6
    15da:	4581                	li	a1,0
    15dc:	4509                	li	a0,2
    15de:	80bff0ef          	jal	ra,de8 <OLED_Printf>
    15e2:	0111                	addi	sp,sp,4
    15e4:	acffe06f          	j	b2 <__riscv_restore_0>
    15e8:	4705                	li	a4,1
    15ea:	fee79ce3          	bne	a5,a4,15e2 <OLED_Data_Update+0x148>
    15ee:	669d                	lui	a3,0x7
    15f0:	84c68693          	addi	a3,a3,-1972 # 684c <OLED_F8x16+0x60c>
    15f4:	b7d5                	j	15d8 <OLED_Data_Update+0x13e>
    15f6:	00832503          	lw	a0,8(t1)
    15fa:	561030ef          	jal	ra,535a <__extendsfdf2>
    15fe:	862a                	mv	a2,a0
    1600:	86ae                	mv	a3,a1
    1602:	4709                	li	a4,2
    1604:	4789                	li	a5,2
    1606:	45c5                	li	a1,17
    1608:	04600513          	li	a0,70
    160c:	c022                	sw	s0,0(sp)
    160e:	f20ff0ef          	jal	ra,d2e <OLED_ShowFloatNum>
    1612:	27018313          	addi	t1,gp,624 # 20000b68 <dp>
    1616:	00c32503          	lw	a0,12(t1)
    161a:	541030ef          	jal	ra,535a <__extendsfdf2>
    161e:	86ae                	mv	a3,a1
    1620:	862a                	mv	a2,a0
    1622:	c022                	sw	s0,0(sp)
    1624:	4789                	li	a5,2
    1626:	4709                	li	a4,2
    1628:	02000593          	li	a1,32
    162c:	04600513          	li	a0,70
    1630:	efeff0ef          	jal	ra,d2e <OLED_ShowFloatNum>
    1634:	669d                	lui	a3,0x7
    1636:	85468693          	addi	a3,a3,-1964 # 6854 <OLED_F8x16+0x614>
    163a:	bf79                	j	15d8 <OLED_Data_Update+0x13e>

0000163c <System_Init>:
    163c:	a6dfe2ef          	jal	t0,a8 <__riscv_save_0>
    1640:	4505                	li	a0,1
    1642:	417000ef          	jal	ra,2258 <NVIC_PriorityGroupConfig>
    1646:	2475                	jal	18f2 <SystemCoreClockUpdate>
    1648:	2da010ef          	jal	ra,2922 <Delay_Init>
    164c:	6571                	lui	a0,0x1c
    164e:	20050513          	addi	a0,a0,512 # 1c200 <_data_lma+0x15740>
    1652:	32e010ef          	jal	ra,2980 <USART_Printf_Init>
    1656:	a27ff0ef          	jal	ra,107c <BSP_TIM1_Init>
    165a:	b1dff0ef          	jal	ra,1176 <BSP_TIM2_Init>
    165e:	ce1ff0ef          	jal	ra,133e <BSP_WS2812_Init>
    1662:	9aaff0ef          	jal	ra,80c <BSP_Key_Init>
    1666:	f4dfe0ef          	jal	ra,5b2 <BSP_Encoder_Init>
    166a:	b1dfe0ef          	jal	ra,186 <BSP_ADC_Init>
    166e:	ba4ff0ef          	jal	ra,a12 <OLED_Init>
    1672:	d93ff0ef          	jal	ra,1404 <OLED_UI_Init>
    1676:	6719                	lui	a4,0x6
    1678:	fe472703          	lw	a4,-28(a4) # 5fe4 <__retarget_lock_release_recursive+0x30>
    167c:	27018793          	addi	a5,gp,624 # 20000b68 <dp>
    1680:	cb98                	sw	a4,16(a5)
    1682:	671d                	lui	a4,0x7
    1684:	85c72403          	lw	s0,-1956(a4) # 685c <OLED_F8x16+0x61c>
    1688:	671d                	lui	a4,0x7
    168a:	86072703          	lw	a4,-1952(a4) # 6860 <OLED_F8x16+0x620>
    168e:	27818513          	addi	a0,gp,632 # 20000b70 <dp+0x8>
    1692:	cfd8                	sw	a4,28(a5)
    1694:	671d                	lui	a4,0x7
    1696:	86472703          	lw	a4,-1948(a4) # 6864 <OLED_F8x16+0x624>
    169a:	cbc0                	sw	s0,20(a5)
    169c:	00078223          	sb	zero,4(a5)
    16a0:	c798                	sw	a4,8(a5)
    16a2:	0007a023          	sw	zero,0(a5)
    16a6:	832ff0ef          	jal	ra,6d8 <BSP_Encoder_Set_Cnt>
    16aa:	6799                	lui	a5,0x6
    16ac:	fd07a503          	lw	a0,-48(a5) # 5fd0 <__retarget_lock_release_recursive+0x1c>
    16b0:	82eff0ef          	jal	ra,6de <BSP_Encoder_Set_Step_Value>
    16b4:	679d                	lui	a5,0x7
    16b6:	8687a583          	lw	a1,-1944(a5) # 6868 <OLED_F8x16+0x628>
    16ba:	8522                	mv	a0,s0
    16bc:	828ff0ef          	jal	ra,6e4 <BSP_EncoderCNT_Set_Range>
    16c0:	671d                	lui	a4,0x7
    16c2:	86c72703          	lw	a4,-1940(a4) # 686c <OLED_F8x16+0x62c>
    16c6:	18018793          	addi	a5,gp,384 # 20000a78 <Input_Power_Limit>
    16ca:	c7d8                	sw	a4,12(a5)
    16cc:	671d                	lui	a4,0x7
    16ce:	87072703          	lw	a4,-1936(a4) # 6870 <OLED_F8x16+0x630>
    16d2:	00078023          	sb	zero,0(a5)
    16d6:	c798                	sw	a4,8(a5)
    16d8:	87018713          	addi	a4,gp,-1936 # 20000168 <ADC_Value+0x8>
    16dc:	c3d8                	sw	a4,4(a5)
    16de:	671d                	lui	a4,0x7
    16e0:	87472703          	lw	a4,-1932(a4) # 6874 <OLED_F8x16+0x634>
    16e4:	17018793          	addi	a5,gp,368 # 20000a68 <Temperature_Limit>
    16e8:	c7d8                	sw	a4,12(a5)
    16ea:	671d                	lui	a4,0x7
    16ec:	87872703          	lw	a4,-1928(a4) # 6878 <OLED_F8x16+0x638>
    16f0:	00078023          	sb	zero,0(a5)
    16f4:	c798                	sw	a4,8(a5)
    16f6:	88018713          	addi	a4,gp,-1920 # 20000178 <ADC_Value+0x18>
    16fa:	c3d8                	sw	a4,4(a5)
    16fc:	9b7fe06f          	j	b2 <__riscv_restore_0>

00001700 <main>:
    1700:	9a9fe2ef          	jal	t0,a8 <__riscv_save_0>
    1704:	3f25                	jal	163c <System_Init>
    1706:	d95ff0ef          	jal	ra,149a <OLED_Data_Update>
    170a:	af0ff0ef          	jal	ra,9fa <OLED_Update>
    170e:	18018513          	addi	a0,gp,384 # 20000a78 <Input_Power_Limit>
    1712:	cb5ff0ef          	jal	ra,13c6 <Warning_Trigger_Update>
    1716:	c901                	beqz	a0,1726 <main+0x26>
    1718:	6505                	lui	a0,0x1
    171a:	06400593          	li	a1,100
    171e:	bb850513          	addi	a0,a0,-1096 # bb8 <OLED_ShowImage+0x78>
    1722:	e27fe0ef          	jal	ra,548 <Buzzer_Play>
    1726:	17018513          	addi	a0,gp,368 # 20000a68 <Temperature_Limit>
    172a:	c9dff0ef          	jal	ra,13c6 <Warning_Trigger_Update>
    172e:	cd11                	beqz	a0,174a <main+0x4a>
    1730:	6505                	lui	a0,0x1
    1732:	06400593          	li	a1,100
    1736:	bb850513          	addi	a0,a0,-1096 # bb8 <OLED_ShowImage+0x78>
    173a:	e0ffe0ef          	jal	ra,548 <Buzzer_Play>
    173e:	200007b7          	lui	a5,0x20000
    1742:	00078793          	mv	a5,a5
    1746:	4705                	li	a4,1
    1748:	a7d8                	sb	a4,12(a5)
    174a:	4529                	li	a0,10
    174c:	206010ef          	jal	ra,2952 <Delay_Ms>
    1750:	bf5d                	j	1706 <main+0x6>

00001752 <BSP_Key_Task>:
    1752:	957fe2ef          	jal	t0,a8 <__riscv_save_0>
    1756:	8d2ff0ef          	jal	ra,828 <BSP_Key_Scan>
    175a:	200007b7          	lui	a5,0x20000
    175e:	01078793          	addi	a5,a5,16 # 20000010 <Key_Encoder>
    1762:	27d8                	lbu	a4,12(a5)
    1764:	c319                	beqz	a4,176a <BSP_Key_Task+0x18>
    1766:	00078623          	sb	zero,12(a5)
    176a:	200007b7          	lui	a5,0x20000
    176e:	00078793          	mv	a5,a5
    1772:	27d8                	lbu	a4,12(a5)
    1774:	cb0d                	beqz	a4,17a6 <BSP_Key_Task+0x54>
    1776:	00078623          	sb	zero,12(a5) # 2000000c <Key_Enable+0xc>
    177a:	27018793          	addi	a5,gp,624 # 20000b68 <dp>
    177e:	23d8                	lbu	a4,4(a5)
    1780:	00173693          	seqz	a3,a4
    1784:	a3d4                	sb	a3,4(a5)
    1786:	e315                	bnez	a4,17aa <BSP_Key_Task+0x58>
    1788:	02000593          	li	a1,32
    178c:	40011537          	lui	a0,0x40011
    1790:	2369                	jal	1d1a <GPIO_SetBits>
    1792:	7d000513          	li	a0,2000
    1796:	0c800593          	li	a1,200
    179a:	daffe0ef          	jal	ra,548 <Buzzer_Play>
    179e:	00ff0537          	lui	a0,0xff0
    17a2:	adbff0ef          	jal	ra,127c <BSP_WS2812_Set_Color>
    17a6:	90dfe06f          	j	b2 <__riscv_restore_0>
    17aa:	0c800593          	li	a1,200
    17ae:	1b800513          	li	a0,440
    17b2:	d97fe0ef          	jal	ra,548 <Buzzer_Play>
    17b6:	40011537          	lui	a0,0x40011
    17ba:	02000593          	li	a1,32
    17be:	2385                	jal	1d1e <GPIO_ResetBits>
    17c0:	453d                	li	a0,15
    17c2:	b7c5                	j	17a2 <BSP_Key_Task+0x50>

000017c4 <BSP_TIM1_IQR_Callback>:
    17c4:	8e5fe2ef          	jal	t0,a8 <__riscv_save_0>
    17c8:	dcffe0ef          	jal	ra,596 <BSP_Buzzer_Task>
    17cc:	27018493          	addi	s1,gp,624 # 20000b68 <dp>
    17d0:	3749                	jal	1752 <BSP_Key_Task>
    17d2:	bb5fe0ef          	jal	ra,386 <BSP_ADC_Loop>
    17d6:	20dc                	lbu	a5,4(s1)
    17d8:	20000437          	lui	s0,0x20000
    17dc:	c7a9                	beqz	a5,1826 <BSP_TIM1_IQR_Callback+0x62>
    17de:	671d                	lui	a4,0x7
    17e0:	86818793          	addi	a5,gp,-1944 # 20000160 <ADC_Value>
    17e4:	87c72583          	lw	a1,-1924(a4) # 687c <OLED_F8x16+0x63c>
    17e8:	4b88                	lw	a0,16(a5)
    17ea:	2e8030ef          	jal	ra,4ad2 <__mulsf3>
    17ee:	86818793          	addi	a5,gp,-1944 # 20000160 <ADC_Value>
    17f2:	85aa                	mv	a1,a0
    17f4:	47c8                	lw	a0,12(a5)
    17f6:	5bc030ef          	jal	ra,4db2 <__subsf3>
    17fa:	448c                	lw	a1,8(s1)
    17fc:	862a                	mv	a2,a0
    17fe:	02040513          	addi	a0,s0,32 # 20000020 <PID_Voltage>
    1802:	fc8ff0ef          	jal	ra,fca <PID_Position_Calc>
    1806:	679d                	lui	a5,0x7
    1808:	02040413          	addi	s0,s0,32
    180c:	8807a583          	lw	a1,-1920(a5) # 6880 <OLED_F8x16+0x640>
    1810:	5408                	lw	a0,40(s0)
    1812:	295020ef          	jal	ra,42a6 <__addsf3>
    1816:	159030ef          	jal	ra,516e <__fixunssfsi>
    181a:	0542                	slli	a0,a0,0x10
    181c:	8141                	srli	a0,a0,0x10
    181e:	a13ff0ef          	jal	ra,1230 <BSP_PWM_DAC_Set_CCR>
    1822:	891fe06f          	j	b2 <__riscv_restore_0>
    1826:	02040513          	addi	a0,s0,32
    182a:	f92ff0ef          	jal	ra,fbc <PID_Reset>
    182e:	bfd5                	j	1822 <BSP_TIM1_IQR_Callback+0x5e>

00001830 <SystemInit>:
    1830:	879fe2ef          	jal	t0,a8 <__riscv_save_0>
    1834:	4689                	li	a3,2
    1836:	400227b7          	lui	a5,0x40022
    183a:	40021437          	lui	s0,0x40021
    183e:	c394                	sw	a3,0(a5)
    1840:	401c                	lw	a5,0(s0)
    1842:	68ff0737          	lui	a4,0x68ff0
    1846:	74c1                	lui	s1,0xffff0
    1848:	0017e793          	ori	a5,a5,1
    184c:	c01c                	sw	a5,0(s0)
    184e:	405c                	lw	a5,4(s0)
    1850:	14fd                	addi	s1,s1,-1 # fffeffff <_eusrstack+0xdffedfff>
    1852:	8ff9                	and	a5,a5,a4
    1854:	c05c                	sw	a5,4(s0)
    1856:	401c                	lw	a5,0(s0)
    1858:	fed70737          	lui	a4,0xfed70
    185c:	176d                	addi	a4,a4,-5 # fed6fffb <_eusrstack+0xded6dffb>
    185e:	8ff9                	and	a5,a5,a4
    1860:	00100737          	lui	a4,0x100
    1864:	8fd9                	or	a5,a5,a4
    1866:	c01c                	sw	a5,0(s0)
    1868:	401c                	lw	a5,0(s0)
    186a:	fffc0737          	lui	a4,0xfffc0
    186e:	177d                	addi	a4,a4,-1 # fffbffff <_eusrstack+0xdffbdfff>
    1870:	8ff9                	and	a5,a5,a4
    1872:	c01c                	sw	a5,0(s0)
    1874:	405c                	lw	a5,4(s0)
    1876:	8fe5                	and	a5,a5,s1
    1878:	c05c                	sw	a5,4(s0)
    187a:	009d07b7          	lui	a5,0x9d0
    187e:	c41c                	sw	a5,8(s0)
    1880:	4c1c                	lw	a5,24(s0)
    1882:	0207e793          	ori	a5,a5,32
    1886:	cc1c                	sw	a5,24(s0)
    1888:	400117b7          	lui	a5,0x40011
    188c:	40078793          	addi	a5,a5,1024 # 40011400 <_eusrstack+0x2000f400>
    1890:	4398                	lw	a4,0(a5)
    1892:	f0f77713          	andi	a4,a4,-241
    1896:	c398                	sw	a4,0(a5)
    1898:	4398                	lw	a4,0(a5)
    189a:	08076713          	ori	a4,a4,128
    189e:	c398                	sw	a4,0(a5)
    18a0:	cb94                	sw	a3,16(a5)
    18a2:	2391                	jal	1de6 <GPIO_IPD_Unused>
    18a4:	405c                	lw	a5,4(s0)
    18a6:	01000737          	lui	a4,0x1000
    18aa:	020006b7          	lui	a3,0x2000
    18ae:	c05c                	sw	a5,4(s0)
    18b0:	405c                	lw	a5,4(s0)
    18b2:	8fe5                	and	a5,a5,s1
    18b4:	c05c                	sw	a5,4(s0)
    18b6:	405c                	lw	a5,4(s0)
    18b8:	c05c                	sw	a5,4(s0)
    18ba:	401c                	lw	a5,0(s0)
    18bc:	8fd9                	or	a5,a5,a4
    18be:	c01c                	sw	a5,0(s0)
    18c0:	400217b7          	lui	a5,0x40021
    18c4:	4398                	lw	a4,0(a5)
    18c6:	8f75                	and	a4,a4,a3
    18c8:	df75                	beqz	a4,18c4 <SystemInit+0x94>
    18ca:	43d8                	lw	a4,4(a5)
    18cc:	400216b7          	lui	a3,0x40021
    18d0:	9b71                	andi	a4,a4,-4
    18d2:	c3d8                	sw	a4,4(a5)
    18d4:	43d8                	lw	a4,4(a5)
    18d6:	00276713          	ori	a4,a4,2
    18da:	c3d8                	sw	a4,4(a5)
    18dc:	4721                	li	a4,8
    18de:	42dc                	lw	a5,4(a3)
    18e0:	8bb1                	andi	a5,a5,12
    18e2:	fee79ee3          	bne	a5,a4,18de <SystemInit+0xae>
    18e6:	400227b7          	lui	a5,0x40022
    18ea:	4709                	li	a4,2
    18ec:	c398                	sw	a4,0(a5)
    18ee:	fc4fe06f          	j	b2 <__riscv_restore_0>

000018f2 <SystemCoreClockUpdate>:
    18f2:	40021737          	lui	a4,0x40021
    18f6:	435c                	lw	a5,4(a4)
    18f8:	46a1                	li	a3,8
    18fa:	8bb1                	andi	a5,a5,12
    18fc:	04d79463          	bne	a5,a3,1944 <SystemCoreClockUpdate+0x52>
    1900:	435c                	lw	a5,4(a4)
    1902:	02dc7537          	lui	a0,0x2dc7
    1906:	c0050513          	addi	a0,a0,-1024 # 2dc6c00 <_data_lma+0x2dc0140>
    190a:	400216b7          	lui	a3,0x40021
    190e:	42d8                	lw	a4,4(a3)
    1910:	200007b7          	lui	a5,0x20000
    1914:	05c78793          	addi	a5,a5,92 # 2000005c <HBPrescTable>
    1918:	8311                	srli	a4,a4,0x4
    191a:	8b3d                	andi	a4,a4,15
    191c:	97ba                	add	a5,a5,a4
    191e:	239c                	lbu	a5,0(a5)
    1920:	42d8                	lw	a4,4(a3)
    1922:	0ff7f593          	zext.b	a1,a5
    1926:	08077713          	andi	a4,a4,128
    192a:	00f557b3          	srl	a5,a0,a5
    192e:	e305                	bnez	a4,194e <SystemCoreClockUpdate+0x5c>
    1930:	f78fe2ef          	jal	t0,a8 <__riscv_save_0>
    1934:	f90fe0ef          	jal	ra,c4 <__hidden___udivsi3>
    1938:	20000737          	lui	a4,0x20000
    193c:	06a72623          	sw	a0,108(a4) # 2000006c <SystemCoreClock>
    1940:	f72fe06f          	j	b2 <__riscv_restore_0>
    1944:	016e3537          	lui	a0,0x16e3
    1948:	60050513          	addi	a0,a0,1536 # 16e3600 <_data_lma+0x16dcb40>
    194c:	bf7d                	j	190a <SystemCoreClockUpdate+0x18>
    194e:	20000737          	lui	a4,0x20000
    1952:	06f72623          	sw	a5,108(a4) # 2000006c <SystemCoreClock>
    1956:	8082                	ret

00001958 <ADC1_IRQHandler>:
    1958:	a001                	j	1958 <ADC1_IRQHandler>

0000195a <handle_reset>:
    195a:	1ffff197          	auipc	gp,0x1ffff
    195e:	f9e18193          	addi	gp,gp,-98 # 200008f8 <__global_pointer$>
    1962:	20000117          	auipc	sp,0x20000
    1966:	69e10113          	addi	sp,sp,1694 # 20002000 <_eusrstack>
    196a:	00005517          	auipc	a0,0x5
    196e:	15650513          	addi	a0,a0,342 # 6ac0 <_data_lma>
    1972:	1fffe597          	auipc	a1,0x1fffe
    1976:	68e58593          	addi	a1,a1,1678 # 20000000 <Key_Enable>
    197a:	84c18613          	addi	a2,gp,-1972 # 20000144 <__malloc_sbrk_start>
    197e:	00c5fa63          	bgeu	a1,a2,1992 <handle_reset+0x38>
    1982:	00052283          	lw	t0,0(a0)
    1986:	0055a023          	sw	t0,0(a1)
    198a:	0511                	addi	a0,a0,4
    198c:	0591                	addi	a1,a1,4
    198e:	fec5eae3          	bltu	a1,a2,1982 <handle_reset+0x28>
    1992:	84c18513          	addi	a0,gp,-1972 # 20000144 <__malloc_sbrk_start>
    1996:	29818593          	addi	a1,gp,664 # 20000b90 <_ebss>
    199a:	00b57763          	bgeu	a0,a1,19a8 <handle_reset+0x4e>
    199e:	00052023          	sw	zero,0(a0)
    19a2:	0511                	addi	a0,a0,4
    19a4:	feb56de3          	bltu	a0,a1,199e <handle_reset+0x44>
    19a8:	6289                	lui	t0,0x2
    19aa:	88028293          	addi	t0,t0,-1920 # 1880 <SystemInit+0x50>
    19ae:	30029073          	.4byte	0x30029073
    19b2:	428d                	li	t0,3
    19b4:	80429073          	.4byte	0x80429073
    19b8:	ffffe297          	auipc	t0,0xffffe
    19bc:	64828293          	addi	t0,t0,1608 # 0 <_sinit>
    19c0:	0032e293          	ori	t0,t0,3
    19c4:	30529073          	.4byte	0x30529073
    19c8:	e69ff0ef          	jal	ra,1830 <SystemInit>
    19cc:	00000297          	auipc	t0,0x0
    19d0:	d3428293          	addi	t0,t0,-716 # 1700 <main>
    19d4:	34129073          	.4byte	0x34129073
    19d8:	30200073          	mret

000019dc <ADC_DeInit>:
    19dc:	400127b7          	lui	a5,0x40012
    19e0:	40078793          	addi	a5,a5,1024 # 40012400 <_eusrstack+0x20010400>
    19e4:	02f51063          	bne	a0,a5,1a04 <ADC_DeInit+0x28>
    19e8:	ec0fe2ef          	jal	t0,a8 <__riscv_save_0>
    19ec:	4585                	li	a1,1
    19ee:	20000513          	li	a0,512
    19f2:	1e1000ef          	jal	ra,23d2 <RCC_PB2PeriphResetCmd>
    19f6:	4581                	li	a1,0
    19f8:	20000513          	li	a0,512
    19fc:	1d7000ef          	jal	ra,23d2 <RCC_PB2PeriphResetCmd>
    1a00:	eb2fe06f          	j	b2 <__riscv_restore_0>
    1a04:	8082                	ret

00001a06 <ADC_Init>:
    1a06:	4158                	lw	a4,4(a0)
    1a08:	fff107b7          	lui	a5,0xfff10
    1a0c:	eff78793          	addi	a5,a5,-257 # fff0feff <_eusrstack+0xdff0deff>
    1a10:	8f7d                	and	a4,a4,a5
    1a12:	41dc                	lw	a5,4(a1)
    1a14:	4194                	lw	a3,0(a1)
    1a16:	07a2                	slli	a5,a5,0x8
    1a18:	8fd5                	or	a5,a5,a3
    1a1a:	8fd9                	or	a5,a5,a4
    1a1c:	c15c                	sw	a5,4(a0)
    1a1e:	4518                	lw	a4,8(a0)
    1a20:	fff1f7b7          	lui	a5,0xfff1f
    1a24:	7fd78793          	addi	a5,a5,2045 # fff1f7fd <_eusrstack+0xdff1d7fd>
    1a28:	45d4                	lw	a3,12(a1)
    1a2a:	8f7d                	and	a4,a4,a5
    1a2c:	499c                	lw	a5,16(a1)
    1a2e:	8fd5                	or	a5,a5,a3
    1a30:	4594                	lw	a3,8(a1)
    1a32:	0686                	slli	a3,a3,0x1
    1a34:	8fd5                	or	a5,a5,a3
    1a36:	8fd9                	or	a5,a5,a4
    1a38:	c51c                	sw	a5,8(a0)
    1a3a:	5558                	lw	a4,44(a0)
    1a3c:	ff1007b7          	lui	a5,0xff100
    1a40:	17fd                	addi	a5,a5,-1 # ff0fffff <_eusrstack+0xdf0fdfff>
    1a42:	8f7d                	and	a4,a4,a5
    1a44:	29dc                	lbu	a5,20(a1)
    1a46:	17fd                	addi	a5,a5,-1
    1a48:	0ff7f793          	zext.b	a5,a5
    1a4c:	07d2                	slli	a5,a5,0x14
    1a4e:	8fd9                	or	a5,a5,a4
    1a50:	d55c                	sw	a5,44(a0)
    1a52:	8082                	ret

00001a54 <ADC_Cmd>:
    1a54:	451c                	lw	a5,8(a0)
    1a56:	c589                	beqz	a1,1a60 <ADC_Cmd+0xc>
    1a58:	0017e793          	ori	a5,a5,1
    1a5c:	c51c                	sw	a5,8(a0)
    1a5e:	8082                	ret
    1a60:	9bf9                	andi	a5,a5,-2
    1a62:	bfed                	j	1a5c <ADC_Cmd+0x8>

00001a64 <ADC_DMACmd>:
    1a64:	451c                	lw	a5,8(a0)
    1a66:	c589                	beqz	a1,1a70 <ADC_DMACmd+0xc>
    1a68:	1007e793          	ori	a5,a5,256
    1a6c:	c51c                	sw	a5,8(a0)
    1a6e:	8082                	ret
    1a70:	eff7f793          	andi	a5,a5,-257
    1a74:	bfe5                	j	1a6c <ADC_DMACmd+0x8>

00001a76 <ADC_SoftwareStartConvCmd>:
    1a76:	451c                	lw	a5,8(a0)
    1a78:	c591                	beqz	a1,1a84 <ADC_SoftwareStartConvCmd+0xe>
    1a7a:	00500737          	lui	a4,0x500
    1a7e:	8fd9                	or	a5,a5,a4
    1a80:	c51c                	sw	a5,8(a0)
    1a82:	8082                	ret
    1a84:	ffb00737          	lui	a4,0xffb00
    1a88:	177d                	addi	a4,a4,-1 # ffafffff <_eusrstack+0xdfafdfff>
    1a8a:	8ff9                	and	a5,a5,a4
    1a8c:	bfd5                	j	1a80 <ADC_SoftwareStartConvCmd+0xa>

00001a8e <ADC_RegularChannelConfig>:
    1a8e:	470d                	li	a4,3
    1a90:	02e58733          	mul	a4,a1,a4
    1a94:	01052303          	lw	t1,16(a0)
    1a98:	479d                	li	a5,7
    1a9a:	00e797b3          	sll	a5,a5,a4
    1a9e:	fff7c793          	not	a5,a5
    1aa2:	0067f7b3          	and	a5,a5,t1
    1aa6:	00e696b3          	sll	a3,a3,a4
    1aaa:	8edd                	or	a3,a3,a5
    1aac:	c914                	sw	a3,16(a0)
    1aae:	4799                	li	a5,6
    1ab0:	02c7e263          	bltu	a5,a2,1ad4 <ADC_RegularChannelConfig+0x46>
    1ab4:	4795                	li	a5,5
    1ab6:	167d                	addi	a2,a2,-1
    1ab8:	02f60633          	mul	a2,a2,a5
    1abc:	5958                	lw	a4,52(a0)
    1abe:	47fd                	li	a5,31
    1ac0:	00c797b3          	sll	a5,a5,a2
    1ac4:	fff7c793          	not	a5,a5
    1ac8:	8ff9                	and	a5,a5,a4
    1aca:	00c59633          	sll	a2,a1,a2
    1ace:	8e5d                	or	a2,a2,a5
    1ad0:	d950                	sw	a2,52(a0)
    1ad2:	8082                	ret
    1ad4:	47b1                	li	a5,12
    1ad6:	02c7e263          	bltu	a5,a2,1afa <ADC_RegularChannelConfig+0x6c>
    1ada:	4795                	li	a5,5
    1adc:	1665                	addi	a2,a2,-7
    1ade:	02f60633          	mul	a2,a2,a5
    1ae2:	5918                	lw	a4,48(a0)
    1ae4:	47fd                	li	a5,31
    1ae6:	00c797b3          	sll	a5,a5,a2
    1aea:	fff7c793          	not	a5,a5
    1aee:	8ff9                	and	a5,a5,a4
    1af0:	00c59633          	sll	a2,a1,a2
    1af4:	8e5d                	or	a2,a2,a5
    1af6:	d910                	sw	a2,48(a0)
    1af8:	8082                	ret
    1afa:	4795                	li	a5,5
    1afc:	164d                	addi	a2,a2,-13
    1afe:	02f60633          	mul	a2,a2,a5
    1b02:	5558                	lw	a4,44(a0)
    1b04:	47fd                	li	a5,31
    1b06:	00c797b3          	sll	a5,a5,a2
    1b0a:	fff7c793          	not	a5,a5
    1b0e:	8ff9                	and	a5,a5,a4
    1b10:	00c595b3          	sll	a1,a1,a2
    1b14:	8ddd                	or	a1,a1,a5
    1b16:	d54c                	sw	a1,44(a0)
    1b18:	8082                	ret

00001b1a <ADC_BufferCmd>:
    1b1a:	415c                	lw	a5,4(a0)
    1b1c:	c591                	beqz	a1,1b28 <ADC_BufferCmd+0xe>
    1b1e:	04000737          	lui	a4,0x4000
    1b22:	8fd9                	or	a5,a5,a4
    1b24:	c15c                	sw	a5,4(a0)
    1b26:	8082                	ret
    1b28:	fc000737          	lui	a4,0xfc000
    1b2c:	177d                	addi	a4,a4,-1 # fbffffff <_eusrstack+0xdbffdfff>
    1b2e:	8ff9                	and	a5,a5,a4
    1b30:	bfd5                	j	1b24 <ADC_BufferCmd+0xa>

00001b32 <DMA_DeInit>:
    1b32:	411c                	lw	a5,0(a0)
    1b34:	6741                	lui	a4,0x10
    1b36:	1779                	addi	a4,a4,-2 # fffe <_data_lma+0x953e>
    1b38:	8ff9                	and	a5,a5,a4
    1b3a:	c11c                	sw	a5,0(a0)
    1b3c:	00052023          	sw	zero,0(a0)
    1b40:	00052223          	sw	zero,4(a0)
    1b44:	00052423          	sw	zero,8(a0)
    1b48:	400207b7          	lui	a5,0x40020
    1b4c:	00052623          	sw	zero,12(a0)
    1b50:	00878713          	addi	a4,a5,8 # 40020008 <_eusrstack+0x2001e008>
    1b54:	00e51763          	bne	a0,a4,1b62 <DMA_DeInit+0x30>
    1b58:	43d8                	lw	a4,4(a5)
    1b5a:	00f76713          	ori	a4,a4,15
    1b5e:	c3d8                	sw	a4,4(a5)
    1b60:	8082                	ret
    1b62:	01c78713          	addi	a4,a5,28
    1b66:	00e51663          	bne	a0,a4,1b72 <DMA_DeInit+0x40>
    1b6a:	43d8                	lw	a4,4(a5)
    1b6c:	0f076713          	ori	a4,a4,240
    1b70:	b7fd                	j	1b5e <DMA_DeInit+0x2c>
    1b72:	03078713          	addi	a4,a5,48
    1b76:	00e51863          	bne	a0,a4,1b86 <DMA_DeInit+0x54>
    1b7a:	43d8                	lw	a4,4(a5)
    1b7c:	6685                	lui	a3,0x1
    1b7e:	f0068693          	addi	a3,a3,-256 # f00 <OLED_DrawLine+0xa8>
    1b82:	8f55                	or	a4,a4,a3
    1b84:	bfe9                	j	1b5e <DMA_DeInit+0x2c>
    1b86:	04478713          	addi	a4,a5,68
    1b8a:	00e51563          	bne	a0,a4,1b94 <DMA_DeInit+0x62>
    1b8e:	43d8                	lw	a4,4(a5)
    1b90:	66bd                	lui	a3,0xf
    1b92:	bfc5                	j	1b82 <DMA_DeInit+0x50>
    1b94:	05878713          	addi	a4,a5,88
    1b98:	00e51663          	bne	a0,a4,1ba4 <DMA_DeInit+0x72>
    1b9c:	43d8                	lw	a4,4(a5)
    1b9e:	000f06b7          	lui	a3,0xf0
    1ba2:	b7c5                	j	1b82 <DMA_DeInit+0x50>
    1ba4:	06c78713          	addi	a4,a5,108
    1ba8:	00e51663          	bne	a0,a4,1bb4 <DMA_DeInit+0x82>
    1bac:	43d8                	lw	a4,4(a5)
    1bae:	00f006b7          	lui	a3,0xf00
    1bb2:	bfc1                	j	1b82 <DMA_DeInit+0x50>
    1bb4:	08078713          	addi	a4,a5,128
    1bb8:	fae514e3          	bne	a0,a4,1b60 <DMA_DeInit+0x2e>
    1bbc:	43d8                	lw	a4,4(a5)
    1bbe:	0f0006b7          	lui	a3,0xf000
    1bc2:	b7c1                	j	1b82 <DMA_DeInit+0x50>

00001bc4 <DMA_Init>:
    1bc4:	4118                	lw	a4,0(a0)
    1bc6:	77e1                	lui	a5,0xffff8
    1bc8:	07bd                	addi	a5,a5,15 # ffff800f <_eusrstack+0xdfff600f>
    1bca:	5194                	lw	a3,32(a1)
    1bcc:	8f7d                	and	a4,a4,a5
    1bce:	459c                	lw	a5,8(a1)
    1bd0:	8fd5                	or	a5,a5,a3
    1bd2:	4994                	lw	a3,16(a1)
    1bd4:	8fd5                	or	a5,a5,a3
    1bd6:	49d4                	lw	a3,20(a1)
    1bd8:	8fd5                	or	a5,a5,a3
    1bda:	4d94                	lw	a3,24(a1)
    1bdc:	8fd5                	or	a5,a5,a3
    1bde:	4dd4                	lw	a3,28(a1)
    1be0:	8fd5                	or	a5,a5,a3
    1be2:	51d4                	lw	a3,36(a1)
    1be4:	8fd5                	or	a5,a5,a3
    1be6:	5594                	lw	a3,40(a1)
    1be8:	8fd5                	or	a5,a5,a3
    1bea:	8fd9                	or	a5,a5,a4
    1bec:	c11c                	sw	a5,0(a0)
    1bee:	45dc                	lw	a5,12(a1)
    1bf0:	c15c                	sw	a5,4(a0)
    1bf2:	419c                	lw	a5,0(a1)
    1bf4:	c51c                	sw	a5,8(a0)
    1bf6:	41dc                	lw	a5,4(a1)
    1bf8:	c55c                	sw	a5,12(a0)
    1bfa:	8082                	ret

00001bfc <DMA_Cmd>:
    1bfc:	411c                	lw	a5,0(a0)
    1bfe:	c589                	beqz	a1,1c08 <DMA_Cmd+0xc>
    1c00:	0017e793          	ori	a5,a5,1
    1c04:	c11c                	sw	a5,0(a0)
    1c06:	8082                	ret
    1c08:	6741                	lui	a4,0x10
    1c0a:	1779                	addi	a4,a4,-2 # fffe <_data_lma+0x953e>
    1c0c:	8ff9                	and	a5,a5,a4
    1c0e:	bfdd                	j	1c04 <DMA_Cmd+0x8>

00001c10 <EXTI_Init>:
    1c10:	4158                	lw	a4,4(a0)
    1c12:	410c                	lw	a1,0(a0)
    1c14:	4550                	lw	a2,12(a0)
    1c16:	400107b7          	lui	a5,0x40010
    1c1a:	40078793          	addi	a5,a5,1024 # 40010400 <_eusrstack+0x2000e400>
    1c1e:	973e                	add	a4,a4,a5
    1c20:	fff5c693          	not	a3,a1
    1c24:	c239                	beqz	a2,1c6a <EXTI_Init+0x5a>
    1c26:	4390                	lw	a2,0(a5)
    1c28:	8e75                	and	a2,a2,a3
    1c2a:	c390                	sw	a2,0(a5)
    1c2c:	43d0                	lw	a2,4(a5)
    1c2e:	8ef1                	and	a3,a3,a2
    1c30:	c3d4                	sw	a3,4(a5)
    1c32:	4314                	lw	a3,0(a4)
    1c34:	8ecd                	or	a3,a3,a1
    1c36:	c314                	sw	a3,0(a4)
    1c38:	4118                	lw	a4,0(a0)
    1c3a:	4790                	lw	a2,8(a5)
    1c3c:	fff74693          	not	a3,a4
    1c40:	8e75                	and	a2,a2,a3
    1c42:	c790                	sw	a2,8(a5)
    1c44:	47d0                	lw	a2,12(a5)
    1c46:	8ef1                	and	a3,a3,a2
    1c48:	c7d4                	sw	a3,12(a5)
    1c4a:	4514                	lw	a3,8(a0)
    1c4c:	4641                	li	a2,16
    1c4e:	00c69963          	bne	a3,a2,1c60 <EXTI_Init+0x50>
    1c52:	4794                	lw	a3,8(a5)
    1c54:	8ed9                	or	a3,a3,a4
    1c56:	c794                	sw	a3,8(a5)
    1c58:	47d4                	lw	a3,12(a5)
    1c5a:	8f55                	or	a4,a4,a3
    1c5c:	c7d8                	sw	a4,12(a5)
    1c5e:	8082                	ret
    1c60:	97b6                	add	a5,a5,a3
    1c62:	4394                	lw	a3,0(a5)
    1c64:	8f55                	or	a4,a4,a3
    1c66:	c398                	sw	a4,0(a5)
    1c68:	8082                	ret
    1c6a:	431c                	lw	a5,0(a4)
    1c6c:	8ff5                	and	a5,a5,a3
    1c6e:	c31c                	sw	a5,0(a4)
    1c70:	8082                	ret

00001c72 <EXTI_GetITStatus>:
    1c72:	400107b7          	lui	a5,0x40010
    1c76:	40078793          	addi	a5,a5,1024 # 40010400 <_eusrstack+0x2000e400>
    1c7a:	4394                	lw	a3,0(a5)
    1c7c:	4bdc                	lw	a5,20(a5)
    1c7e:	872a                	mv	a4,a0
    1c80:	8d7d                	and	a0,a0,a5
    1c82:	c501                	beqz	a0,1c8a <EXTI_GetITStatus+0x18>
    1c84:	8ef9                	and	a3,a3,a4
    1c86:	00d03533          	snez	a0,a3
    1c8a:	8082                	ret

00001c8c <EXTI_ClearITPendingBit>:
    1c8c:	400107b7          	lui	a5,0x40010
    1c90:	40078793          	addi	a5,a5,1024 # 40010400 <_eusrstack+0x2000e400>
    1c94:	cbc8                	sw	a0,20(a5)
    1c96:	8082                	ret

00001c98 <GPIO_Init>:
    1c98:	4594                	lw	a3,8(a1)
    1c9a:	0106f793          	andi	a5,a3,16
    1c9e:	00f6f313          	andi	t1,a3,15
    1ca2:	c781                	beqz	a5,1caa <GPIO_Init+0x12>
    1ca4:	41dc                	lw	a5,4(a1)
    1ca6:	00f36333          	or	t1,t1,a5
    1caa:	0005d283          	lhu	t0,0(a1)
    1cae:	0ff2f793          	zext.b	a5,t0
    1cb2:	cfa9                	beqz	a5,1d0c <GPIO_Init+0x74>
    1cb4:	410c                	lw	a1,0(a0)
    1cb6:	1161                	addi	sp,sp,-8
    1cb8:	c222                	sw	s0,4(sp)
    1cba:	c026                	sw	s1,0(sp)
    1cbc:	4781                	li	a5,0
    1cbe:	02800393          	li	t2,40
    1cc2:	443d                	li	s0,15
    1cc4:	04800493          	li	s1,72
    1cc8:	4705                	li	a4,1
    1cca:	00f71733          	sll	a4,a4,a5
    1cce:	00e2f633          	and	a2,t0,a4
    1cd2:	02c71063          	bne	a4,a2,1cf2 <GPIO_Init+0x5a>
    1cd6:	02769763          	bne	a3,t2,1d04 <GPIO_Init+0x6c>
    1cda:	c958                	sw	a4,20(a0)
    1cdc:	00279613          	slli	a2,a5,0x2
    1ce0:	00c41733          	sll	a4,s0,a2
    1ce4:	fff74713          	not	a4,a4
    1ce8:	8f6d                	and	a4,a4,a1
    1cea:	00c31633          	sll	a2,t1,a2
    1cee:	00e665b3          	or	a1,a2,a4
    1cf2:	0785                	addi	a5,a5,1
    1cf4:	4721                	li	a4,8
    1cf6:	fce799e3          	bne	a5,a4,1cc8 <GPIO_Init+0x30>
    1cfa:	4412                	lw	s0,4(sp)
    1cfc:	c10c                	sw	a1,0(a0)
    1cfe:	4482                	lw	s1,0(sp)
    1d00:	0121                	addi	sp,sp,8
    1d02:	8082                	ret
    1d04:	fc969ce3          	bne	a3,s1,1cdc <GPIO_Init+0x44>
    1d08:	c918                	sw	a4,16(a0)
    1d0a:	bfc9                	j	1cdc <GPIO_Init+0x44>
    1d0c:	8082                	ret

00001d0e <GPIO_ReadInputDataBit>:
    1d0e:	451c                	lw	a5,8(a0)
    1d10:	00f5f533          	and	a0,a1,a5
    1d14:	00a03533          	snez	a0,a0
    1d18:	8082                	ret

00001d1a <GPIO_SetBits>:
    1d1a:	c90c                	sw	a1,16(a0)
    1d1c:	8082                	ret

00001d1e <GPIO_ResetBits>:
    1d1e:	c94c                	sw	a1,20(a0)
    1d20:	8082                	ret

00001d22 <GPIO_PinRemapConfig>:
    1d22:	40010337          	lui	t1,0x40010
    1d26:	080007b7          	lui	a5,0x8000
    1d2a:	00c32683          	lw	a3,12(t1) # 4001000c <_eusrstack+0x2000e00c>
    1d2e:	01055613          	srli	a2,a0,0x10
    1d32:	01051713          	slli	a4,a0,0x10
    1d36:	8fe9                	and	a5,a5,a0
    1d38:	8a3d                	andi	a2,a2,15
    1d3a:	8341                	srli	a4,a4,0x10
    1d3c:	c7bd                	beqz	a5,1daa <GPIO_PinRemapConfig+0x88>
    1d3e:	003007b7          	lui	a5,0x300
    1d42:	00f572b3          	and	t0,a0,a5
    1d46:	02f29463          	bne	t0,a5,1d6e <GPIO_PinRemapConfig+0x4c>
    1d4a:	f9000637          	lui	a2,0xf9000
    1d4e:	167d                	addi	a2,a2,-1 # f8ffffff <_eusrstack+0xd8ffdfff>
    1d50:	00c6f7b3          	and	a5,a3,a2
    1d54:	00c32683          	lw	a3,12(t1)
    1d58:	8ef1                	and	a3,a3,a2
    1d5a:	00d32623          	sw	a3,12(t1)
    1d5e:	c595                	beqz	a1,1d8a <GPIO_PinRemapConfig+0x68>
    1d60:	8145                	srli	a0,a0,0x11
    1d62:	07057513          	andi	a0,a0,112
    1d66:	00a71733          	sll	a4,a4,a0
    1d6a:	8fd9                	or	a5,a5,a4
    1d6c:	a839                	j	1d8a <GPIO_PinRemapConfig+0x68>
    1d6e:	004007b7          	lui	a5,0x400
    1d72:	8fe9                	and	a5,a5,a0
    1d74:	cf99                	beqz	a5,1d92 <GPIO_PinRemapConfig+0x70>
    1d76:	479d                	li	a5,7
    1d78:	00c797b3          	sll	a5,a5,a2
    1d7c:	fff7c793          	not	a5,a5
    1d80:	8ff5                	and	a5,a5,a3
    1d82:	c581                	beqz	a1,1d8a <GPIO_PinRemapConfig+0x68>
    1d84:	00c71633          	sll	a2,a4,a2
    1d88:	8fd1                	or	a5,a5,a2
    1d8a:	40010737          	lui	a4,0x40010
    1d8e:	c75c                	sw	a5,12(a4)
    1d90:	8082                	ret
    1d92:	002007b7          	lui	a5,0x200
    1d96:	00f29363          	bne	t0,a5,1d9c <GPIO_PinRemapConfig+0x7a>
    1d9a:	0641                	addi	a2,a2,16
    1d9c:	479d                	li	a5,7
    1d9e:	00c797b3          	sll	a5,a5,a2
    1da2:	fff7c793          	not	a5,a5
    1da6:	8ff5                	and	a5,a5,a3
    1da8:	bf5d                	j	1d5e <GPIO_PinRemapConfig+0x3c>
    1daa:	001007b7          	lui	a5,0x100
    1dae:	8fe9                	and	a5,a5,a0
    1db0:	c399                	beqz	a5,1db6 <GPIO_PinRemapConfig+0x94>
    1db2:	47bd                	li	a5,15
    1db4:	b7ed                	j	1d9e <GPIO_PinRemapConfig+0x7c>
    1db6:	01155793          	srli	a5,a0,0x11
    1dba:	0707f793          	andi	a5,a5,112
    1dbe:	00f717b3          	sll	a5,a4,a5
    1dc2:	b7c5                	j	1da2 <GPIO_PinRemapConfig+0x80>

00001dc4 <GPIO_EXTILineConfig>:
    1dc4:	40010737          	lui	a4,0x40010
    1dc8:	4714                	lw	a3,8(a4)
    1dca:	0586                	slli	a1,a1,0x1
    1dcc:	478d                	li	a5,3
    1dce:	00b797b3          	sll	a5,a5,a1
    1dd2:	fff7c793          	not	a5,a5
    1dd6:	8ff5                	and	a5,a5,a3
    1dd8:	c71c                	sw	a5,8(a4)
    1dda:	471c                	lw	a5,8(a4)
    1ddc:	00b51533          	sll	a0,a0,a1
    1de0:	8d5d                	or	a0,a0,a5
    1de2:	c708                	sw	a0,8(a4)
    1de4:	8082                	ret

00001de6 <GPIO_IPD_Unused>:
    1de6:	ac2fe2ef          	jal	t0,a8 <__riscv_save_0>
    1dea:	1151                	addi	sp,sp,-12
    1dec:	4585                	li	a1,1
    1dee:	03c00513          	li	a0,60
    1df2:	c002                	sw	zero,0(sp)
    1df4:	c202                	sw	zero,4(sp)
    1df6:	c402                	sw	zero,8(sp)
    1df8:	2b79                	jal	2396 <RCC_PB2PeriphClockCmd>
    1dfa:	1ffff7b7          	lui	a5,0x1ffff
    1dfe:	7047a703          	lw	a4,1796(a5) # 1ffff704 <_data_lma+0x1fff8c44>
    1e02:	005206b7          	lui	a3,0x520
    1e06:	60068693          	addi	a3,a3,1536 # 520600 <_data_lma+0x519b40>
    1e0a:	f0f77793          	andi	a5,a4,-241
    1e0e:	0ad78863          	beq	a5,a3,1ebe <GPIO_IPD_Unused+0xd8>
    1e12:	0cf6e563          	bltu	a3,a5,1edc <GPIO_IPD_Unused+0xf6>
    1e16:	002406b7          	lui	a3,0x240
    1e1a:	60068693          	addi	a3,a3,1536 # 240600 <_data_lma+0x239b40>
    1e1e:	20d78c63          	beq	a5,a3,2036 <GPIO_IPD_Unused+0x250>
    1e22:	04f6e063          	bltu	a3,a5,1e62 <GPIO_IPD_Unused+0x7c>
    1e26:	002206b7          	lui	a3,0x220
    1e2a:	60068693          	addi	a3,a3,1536 # 220600 <_data_lma+0x219b40>
    1e2e:	28d78063          	beq	a5,a3,20ae <GPIO_IPD_Unused+0x2c8>
    1e32:	00f6ef63          	bltu	a3,a5,1e50 <GPIO_IPD_Unused+0x6a>
    1e36:	77c1                	lui	a5,0xffff0
    1e38:	f0f78793          	addi	a5,a5,-241 # fffeff0f <_eusrstack+0xdffedf0f>
    1e3c:	8ff9                	and	a5,a5,a4
    1e3e:	00200737          	lui	a4,0x200
    1e42:	60070713          	addi	a4,a4,1536 # 200600 <_data_lma+0x1f9b40>
    1e46:	00e79b63          	bne	a5,a4,1e5c <GPIO_IPD_Unused+0x76>
    1e4a:	0f900793          	li	a5,249
    1e4e:	a835                	j	1e8a <GPIO_IPD_Unused+0xa4>
    1e50:	00230737          	lui	a4,0x230
    1e54:	60070713          	addi	a4,a4,1536 # 230600 <_data_lma+0x229b40>
    1e58:	22e78363          	beq	a5,a4,207e <GPIO_IPD_Unused+0x298>
    1e5c:	0131                	addi	sp,sp,12
    1e5e:	a54fe06f          	j	b2 <__riscv_restore_0>
    1e62:	005006b7          	lui	a3,0x500
    1e66:	60068693          	addi	a3,a3,1536 # 500600 <_data_lma+0x4f9b40>
    1e6a:	1ad78f63          	beq	a5,a3,2028 <GPIO_IPD_Unused+0x242>
    1e6e:	04f6e263          	bltu	a3,a5,1eb2 <GPIO_IPD_Unused+0xcc>
    1e72:	77c1                	lui	a5,0xffff0
    1e74:	f0f78793          	addi	a5,a5,-241 # fffeff0f <_eusrstack+0xdffedf0f>
    1e78:	8f7d                	and	a4,a4,a5
    1e7a:	004007b7          	lui	a5,0x400
    1e7e:	60078793          	addi	a5,a5,1536 # 400600 <_data_lma+0x3f9b40>
    1e82:	fce79de3          	bne	a5,a4,1e5c <GPIO_IPD_Unused+0x76>
    1e86:	0e900793          	li	a5,233
    1e8a:	40011437          	lui	s0,0x40011
    1e8e:	807c                	sh	a5,0(sp)
    1e90:	858a                	mv	a1,sp
    1e92:	02800793          	li	a5,40
    1e96:	80040513          	addi	a0,s0,-2048 # 40010800 <_eusrstack+0x2000e800>
    1e9a:	c43e                	sw	a5,8(sp)
    1e9c:	dfdff0ef          	jal	ra,1c98 <GPIO_Init>
    1ea0:	07f00793          	li	a5,127
    1ea4:	807c                	sh	a5,0(sp)
    1ea6:	858a                	mv	a1,sp
    1ea8:	c0040513          	addi	a0,s0,-1024
    1eac:	dedff0ef          	jal	ra,1c98 <GPIO_Init>
    1eb0:	b775                	j	1e5c <GPIO_IPD_Unused+0x76>
    1eb2:	00510737          	lui	a4,0x510
    1eb6:	60070713          	addi	a4,a4,1536 # 510600 <_data_lma+0x509b40>
    1eba:	fae791e3          	bne	a5,a4,1e5c <GPIO_IPD_Unused+0x76>
    1ebe:	06900793          	li	a5,105
    1ec2:	40011437          	lui	s0,0x40011
    1ec6:	807c                	sh	a5,0(sp)
    1ec8:	858a                	mv	a1,sp
    1eca:	02800793          	li	a5,40
    1ece:	80040513          	addi	a0,s0,-2048 # 40010800 <_eusrstack+0x2000e800>
    1ed2:	c43e                	sw	a5,8(sp)
    1ed4:	dc5ff0ef          	jal	ra,1c98 <GPIO_Init>
    1ed8:	47ad                	li	a5,11
    1eda:	b7e9                	j	1ea4 <GPIO_IPD_Unused+0xbe>
    1edc:	00640737          	lui	a4,0x640
    1ee0:	60070713          	addi	a4,a4,1536 # 640600 <_data_lma+0x639b40>
    1ee4:	f6e783e3          	beq	a5,a4,1e4a <GPIO_IPD_Unused+0x64>
    1ee8:	06f76363          	bltu	a4,a5,1f4e <GPIO_IPD_Unused+0x168>
    1eec:	00620737          	lui	a4,0x620
    1ef0:	60070713          	addi	a4,a4,1536 # 620600 <_data_lma+0x619b40>
    1ef4:	f8e789e3          	beq	a5,a4,1e86 <GPIO_IPD_Unused+0xa0>
    1ef8:	04f76663          	bltu	a4,a5,1f44 <GPIO_IPD_Unused+0x15e>
    1efc:	00530737          	lui	a4,0x530
    1f00:	60070713          	addi	a4,a4,1536 # 530600 <_data_lma+0x529b40>
    1f04:	0ee78363          	beq	a5,a4,1fea <GPIO_IPD_Unused+0x204>
    1f08:	00610737          	lui	a4,0x610
    1f0c:	60070713          	addi	a4,a4,1536 # 610600 <_data_lma+0x609b40>
    1f10:	f4e796e3          	bne	a5,a4,1e5c <GPIO_IPD_Unused+0x76>
    1f14:	08000793          	li	a5,128
    1f18:	40011437          	lui	s0,0x40011
    1f1c:	807c                	sh	a5,0(sp)
    1f1e:	858a                	mv	a1,sp
    1f20:	02800793          	li	a5,40
    1f24:	80040513          	addi	a0,s0,-2048 # 40010800 <_eusrstack+0x2000e800>
    1f28:	c43e                	sw	a5,8(sp)
    1f2a:	d6fff0ef          	jal	ra,1c98 <GPIO_Init>
    1f2e:	07400793          	li	a5,116
    1f32:	858a                	mv	a1,sp
    1f34:	c0040513          	addi	a0,s0,-1024
    1f38:	807c                	sh	a5,0(sp)
    1f3a:	d5fff0ef          	jal	ra,1c98 <GPIO_Init>
    1f3e:	0c800793          	li	a5,200
    1f42:	a0bd                	j	1fb0 <GPIO_IPD_Unused+0x1ca>
    1f44:	00630737          	lui	a4,0x630
    1f48:	60070713          	addi	a4,a4,1536 # 630600 <_data_lma+0x629b40>
    1f4c:	bf1d                	j	1e82 <GPIO_IPD_Unused+0x9c>
    1f4e:	00731737          	lui	a4,0x731
    1f52:	80070713          	addi	a4,a4,-2048 # 730800 <_data_lma+0x729d40>
    1f56:	02e78663          	beq	a5,a4,1f82 <GPIO_IPD_Unused+0x19c>
    1f5a:	00f76b63          	bltu	a4,a5,1f70 <GPIO_IPD_Unused+0x18a>
    1f5e:	00701737          	lui	a4,0x701
    1f62:	80070713          	addi	a4,a4,-2048 # 700800 <_data_lma+0x6f9d40>
    1f66:	04e78a63          	beq	a5,a4,1fba <GPIO_IPD_Unused+0x1d4>
    1f6a:	00710737          	lui	a4,0x710
    1f6e:	bf79                	j	1f0c <GPIO_IPD_Unused+0x126>
    1f70:	00741737          	lui	a4,0x741
    1f74:	80070713          	addi	a4,a4,-2048 # 740800 <_data_lma+0x739d40>
    1f78:	eee792e3          	bne	a5,a4,1e5c <GPIO_IPD_Unused+0x76>
    1f7c:	0c000793          	li	a5,192
    1f80:	bf61                	j	1f18 <GPIO_IPD_Unused+0x132>
    1f82:	0c000793          	li	a5,192
    1f86:	40011437          	lui	s0,0x40011
    1f8a:	807c                	sh	a5,0(sp)
    1f8c:	858a                	mv	a1,sp
    1f8e:	02800793          	li	a5,40
    1f92:	80040513          	addi	a0,s0,-2048 # 40010800 <_eusrstack+0x2000e800>
    1f96:	c43e                	sw	a5,8(sp)
    1f98:	d01ff0ef          	jal	ra,1c98 <GPIO_Init>
    1f9c:	07400793          	li	a5,116
    1fa0:	858a                	mv	a1,sp
    1fa2:	c0040513          	addi	a0,s0,-1024
    1fa6:	807c                	sh	a5,0(sp)
    1fa8:	cf1ff0ef          	jal	ra,1c98 <GPIO_Init>
    1fac:	0c900793          	li	a5,201
    1fb0:	807c                	sh	a5,0(sp)
    1fb2:	858a                	mv	a1,sp
    1fb4:	40011537          	lui	a0,0x40011
    1fb8:	bdd5                	j	1eac <GPIO_IPD_Unused+0xc6>
    1fba:	0c000793          	li	a5,192
    1fbe:	40011437          	lui	s0,0x40011
    1fc2:	807c                	sh	a5,0(sp)
    1fc4:	858a                	mv	a1,sp
    1fc6:	02800793          	li	a5,40
    1fca:	80040513          	addi	a0,s0,-2048 # 40010800 <_eusrstack+0x2000e800>
    1fce:	c43e                	sw	a5,8(sp)
    1fd0:	cc9ff0ef          	jal	ra,1c98 <GPIO_Init>
    1fd4:	07400793          	li	a5,116
    1fd8:	858a                	mv	a1,sp
    1fda:	c0040513          	addi	a0,s0,-1024
    1fde:	807c                	sh	a5,0(sp)
    1fe0:	cb9ff0ef          	jal	ra,1c98 <GPIO_Init>
    1fe4:	0cb00793          	li	a5,203
    1fe8:	b7e1                	j	1fb0 <GPIO_IPD_Unused+0x1ca>
    1fea:	06900793          	li	a5,105
    1fee:	40011437          	lui	s0,0x40011
    1ff2:	807c                	sh	a5,0(sp)
    1ff4:	858a                	mv	a1,sp
    1ff6:	02800793          	li	a5,40
    1ffa:	80040513          	addi	a0,s0,-2048 # 40010800 <_eusrstack+0x2000e800>
    1ffe:	c43e                	sw	a5,8(sp)
    2000:	c99ff0ef          	jal	ra,1c98 <GPIO_Init>
    2004:	47ad                	li	a5,11
    2006:	858a                	mv	a1,sp
    2008:	c0040513          	addi	a0,s0,-1024
    200c:	807c                	sh	a5,0(sp)
    200e:	c8bff0ef          	jal	ra,1c98 <GPIO_Init>
    2012:	02c00793          	li	a5,44
    2016:	858a                	mv	a1,sp
    2018:	40011537          	lui	a0,0x40011
    201c:	807c                	sh	a5,0(sp)
    201e:	c7bff0ef          	jal	ra,1c98 <GPIO_Init>
    2022:	06c00793          	li	a5,108
    2026:	a0b9                	j	2074 <GPIO_IPD_Unused+0x28e>
    2028:	0c800793          	li	a5,200
    202c:	807c                	sh	a5,0(sp)
    202e:	02800793          	li	a5,40
    2032:	c43e                	sw	a5,8(sp)
    2034:	bfbd                	j	1fb2 <GPIO_IPD_Unused+0x1cc>
    2036:	0f900793          	li	a5,249
    203a:	40011437          	lui	s0,0x40011
    203e:	807c                	sh	a5,0(sp)
    2040:	858a                	mv	a1,sp
    2042:	02800793          	li	a5,40
    2046:	80040513          	addi	a0,s0,-2048 # 40010800 <_eusrstack+0x2000e800>
    204a:	c43e                	sw	a5,8(sp)
    204c:	c4dff0ef          	jal	ra,1c98 <GPIO_Init>
    2050:	07f00793          	li	a5,127
    2054:	858a                	mv	a1,sp
    2056:	c0040513          	addi	a0,s0,-1024
    205a:	807c                	sh	a5,0(sp)
    205c:	c3dff0ef          	jal	ra,1c98 <GPIO_Init>
    2060:	0e900793          	li	a5,233
    2064:	858a                	mv	a1,sp
    2066:	40011537          	lui	a0,0x40011
    206a:	807c                	sh	a5,0(sp)
    206c:	c2dff0ef          	jal	ra,1c98 <GPIO_Init>
    2070:	08d00793          	li	a5,141
    2074:	807c                	sh	a5,0(sp)
    2076:	858a                	mv	a1,sp
    2078:	40040513          	addi	a0,s0,1024
    207c:	bd05                	j	1eac <GPIO_IPD_Unused+0xc6>
    207e:	0f900793          	li	a5,249
    2082:	40011437          	lui	s0,0x40011
    2086:	807c                	sh	a5,0(sp)
    2088:	858a                	mv	a1,sp
    208a:	02800793          	li	a5,40
    208e:	80040513          	addi	a0,s0,-2048 # 40010800 <_eusrstack+0x2000e800>
    2092:	c43e                	sw	a5,8(sp)
    2094:	c05ff0ef          	jal	ra,1c98 <GPIO_Init>
    2098:	07f00793          	li	a5,127
    209c:	858a                	mv	a1,sp
    209e:	c0040513          	addi	a0,s0,-1024
    20a2:	807c                	sh	a5,0(sp)
    20a4:	bf5ff0ef          	jal	ra,1c98 <GPIO_Init>
    20a8:	02600793          	li	a5,38
    20ac:	b7ad                	j	2016 <GPIO_IPD_Unused+0x230>
    20ae:	0f900793          	li	a5,249
    20b2:	40011437          	lui	s0,0x40011
    20b6:	807c                	sh	a5,0(sp)
    20b8:	858a                	mv	a1,sp
    20ba:	02800793          	li	a5,40
    20be:	80040513          	addi	a0,s0,-2048 # 40010800 <_eusrstack+0x2000e800>
    20c2:	c43e                	sw	a5,8(sp)
    20c4:	bd5ff0ef          	jal	ra,1c98 <GPIO_Init>
    20c8:	07f00793          	li	a5,127
    20cc:	858a                	mv	a1,sp
    20ce:	c0040513          	addi	a0,s0,-1024
    20d2:	807c                	sh	a5,0(sp)
    20d4:	bc5ff0ef          	jal	ra,1c98 <GPIO_Init>
    20d8:	02000793          	li	a5,32
    20dc:	858a                	mv	a1,sp
    20de:	40011537          	lui	a0,0x40011
    20e2:	807c                	sh	a5,0(sp)
    20e4:	bb5ff0ef          	jal	ra,1c98 <GPIO_Init>
    20e8:	47b5                	li	a5,13
    20ea:	b769                	j	2074 <GPIO_IPD_Unused+0x28e>

000020ec <I2C_Init>:
    20ec:	fbdfd2ef          	jal	t0,a8 <__riscv_save_0>
    20f0:	215e                	lhu	a5,4(a0)
    20f2:	1111                	addi	sp,sp,-28
    20f4:	84aa                	mv	s1,a0
    20f6:	07c2                	slli	a5,a5,0x10
    20f8:	83c1                	srli	a5,a5,0x10
    20fa:	fc07f793          	andi	a5,a5,-64
    20fe:	07c2                	slli	a5,a5,0x10
    2100:	83c1                	srli	a5,a5,0x10
    2102:	0028                	addi	a0,sp,8
    2104:	842e                	mv	s0,a1
    2106:	c23e                	sw	a5,4(sp)
    2108:	22f9                	jal	22d6 <RCC_GetClocksFreq>
    210a:	47c2                	lw	a5,16(sp)
    210c:	000f45b7          	lui	a1,0xf4
    2110:	24058593          	addi	a1,a1,576 # f4240 <_data_lma+0xed780>
    2114:	853e                	mv	a0,a5
    2116:	c03e                	sw	a5,0(sp)
    2118:	fadfd0ef          	jal	ra,c4 <__hidden___udivsi3>
    211c:	4792                	lw	a5,4(sp)
    211e:	400c                	lw	a1,0(s0)
    2120:	8fc9                	or	a5,a5,a0
    2122:	07c2                	slli	a5,a5,0x10
    2124:	83c1                	srli	a5,a5,0x10
    2126:	a0de                	sh	a5,4(s1)
    2128:	209e                	lhu	a5,0(s1)
    212a:	07c2                	slli	a5,a5,0x10
    212c:	83c1                	srli	a5,a5,0x10
    212e:	9bf9                	andi	a5,a5,-2
    2130:	07c2                	slli	a5,a5,0x10
    2132:	83c1                	srli	a5,a5,0x10
    2134:	a09e                	sh	a5,0(s1)
    2136:	67e1                	lui	a5,0x18
    2138:	6a078793          	addi	a5,a5,1696 # 186a0 <_data_lma+0x11be0>
    213c:	04b7e563          	bltu	a5,a1,2186 <I2C_Init+0x9a>
    2140:	4502                	lw	a0,0(sp)
    2142:	0586                	slli	a1,a1,0x1
    2144:	f81fd0ef          	jal	ra,c4 <__hidden___udivsi3>
    2148:	87aa                	mv	a5,a0
    214a:	0542                	slli	a0,a0,0x10
    214c:	8141                	srli	a0,a0,0x10
    214e:	4691                	li	a3,4
    2150:	00d57363          	bgeu	a0,a3,2156 <I2C_Init+0x6a>
    2154:	4791                	li	a5,4
    2156:	07c2                	slli	a5,a5,0x10
    2158:	83c1                	srli	a5,a5,0x10
    215a:	acde                	sh	a5,28(s1)
    215c:	209e                	lhu	a5,0(s1)
    215e:	2056                	lhu	a3,4(s0)
    2160:	2432                	lhu	a2,10(s0)
    2162:	0017e793          	ori	a5,a5,1
    2166:	a09e                	sh	a5,0(s1)
    2168:	209e                	lhu	a5,0(s1)
    216a:	8ed1                	or	a3,a3,a2
    216c:	07c2                	slli	a5,a5,0x10
    216e:	83c1                	srli	a5,a5,0x10
    2170:	bf57f793          	andi	a5,a5,-1035
    2174:	8fd5                	or	a5,a5,a3
    2176:	a09e                	sh	a5,0(s1)
    2178:	2416                	lhu	a3,8(s0)
    217a:	245e                	lhu	a5,12(s0)
    217c:	8fd5                	or	a5,a5,a3
    217e:	a49e                	sh	a5,8(s1)
    2180:	0171                	addi	sp,sp,28
    2182:	f31fd06f          	j	b2 <__riscv_restore_0>
    2186:	2076                	lhu	a3,6(s0)
    2188:	67b1                	lui	a5,0xc
    218a:	17fd                	addi	a5,a5,-1 # bfff <_data_lma+0x553f>
    218c:	02f69363          	bne	a3,a5,21b2 <I2C_Init+0xc6>
    2190:	478d                	li	a5,3
    2192:	02f585b3          	mul	a1,a1,a5
    2196:	4502                	lw	a0,0(sp)
    2198:	f2dfd0ef          	jal	ra,c4 <__hidden___udivsi3>
    219c:	01051793          	slli	a5,a0,0x10
    21a0:	83c1                	srli	a5,a5,0x10
    21a2:	01479693          	slli	a3,a5,0x14
    21a6:	e299                	bnez	a3,21ac <I2C_Init+0xc0>
    21a8:	0017e793          	ori	a5,a5,1
    21ac:	66a1                	lui	a3,0x8
    21ae:	8fd5                	or	a5,a5,a3
    21b0:	b76d                	j	215a <I2C_Init+0x6e>
    21b2:	47e5                	li	a5,25
    21b4:	02f585b3          	mul	a1,a1,a5
    21b8:	4502                	lw	a0,0(sp)
    21ba:	f0bfd0ef          	jal	ra,c4 <__hidden___udivsi3>
    21be:	01051793          	slli	a5,a0,0x10
    21c2:	83c1                	srli	a5,a5,0x10
    21c4:	6691                	lui	a3,0x4
    21c6:	8fd5                	or	a5,a5,a3
    21c8:	bfe9                	j	21a2 <I2C_Init+0xb6>

000021ca <I2C_GenerateSTART>:
    21ca:	211e                	lhu	a5,0(a0)
    21cc:	c589                	beqz	a1,21d6 <I2C_GenerateSTART+0xc>
    21ce:	1007e793          	ori	a5,a5,256
    21d2:	a11e                	sh	a5,0(a0)
    21d4:	8082                	ret
    21d6:	07c2                	slli	a5,a5,0x10
    21d8:	83c1                	srli	a5,a5,0x10
    21da:	eff7f793          	andi	a5,a5,-257
    21de:	07c2                	slli	a5,a5,0x10
    21e0:	83c1                	srli	a5,a5,0x10
    21e2:	bfc5                	j	21d2 <I2C_GenerateSTART+0x8>

000021e4 <I2C_GenerateSTOP>:
    21e4:	211e                	lhu	a5,0(a0)
    21e6:	c589                	beqz	a1,21f0 <I2C_GenerateSTOP+0xc>
    21e8:	2007e793          	ori	a5,a5,512
    21ec:	a11e                	sh	a5,0(a0)
    21ee:	8082                	ret
    21f0:	07c2                	slli	a5,a5,0x10
    21f2:	83c1                	srli	a5,a5,0x10
    21f4:	dff7f793          	andi	a5,a5,-513
    21f8:	07c2                	slli	a5,a5,0x10
    21fa:	83c1                	srli	a5,a5,0x10
    21fc:	bfc5                	j	21ec <I2C_GenerateSTOP+0x8>

000021fe <I2C_SendData>:
    21fe:	a90e                	sh	a1,16(a0)
    2200:	8082                	ret

00002202 <I2C_Send7bitAddress>:
    2202:	0fe5f793          	andi	a5,a1,254
    2206:	c219                	beqz	a2,220c <I2C_Send7bitAddress+0xa>
    2208:	0015e793          	ori	a5,a1,1
    220c:	a91e                	sh	a5,16(a0)
    220e:	8082                	ret

00002210 <I2C_CheckEvent>:
    2210:	295e                	lhu	a5,20(a0)
    2212:	2d0a                	lhu	a0,24(a0)
    2214:	0542                	slli	a0,a0,0x10
    2216:	8d5d                	or	a0,a0,a5
    2218:	8d6d                	and	a0,a0,a1
    221a:	0522                	slli	a0,a0,0x8
    221c:	8121                	srli	a0,a0,0x8
    221e:	8d0d                	sub	a0,a0,a1
    2220:	00153513          	seqz	a0,a0
    2224:	8082                	ret

00002226 <I2C_GetFlagStatus>:
    2226:	1161                	addi	sp,sp,-8
    2228:	c002                	sw	zero,0(sp)
    222a:	c202                	sw	zero,4(sp)
    222c:	01c5d793          	srli	a5,a1,0x1c
    2230:	c22a                	sw	a0,4(sp)
    2232:	c03e                	sw	a5,0(sp)
    2234:	4782                	lw	a5,0(sp)
    2236:	05a2                	slli	a1,a1,0x8
    2238:	81a1                	srli	a1,a1,0x8
    223a:	cb99                	beqz	a5,2250 <I2C_GetFlagStatus+0x2a>
    223c:	4792                	lw	a5,4(sp)
    223e:	07d1                	addi	a5,a5,20
    2240:	c23e                	sw	a5,4(sp)
    2242:	4792                	lw	a5,4(sp)
    2244:	4388                	lw	a0,0(a5)
    2246:	0121                	addi	sp,sp,8
    2248:	8d6d                	and	a0,a0,a1
    224a:	00a03533          	snez	a0,a0
    224e:	8082                	ret
    2250:	4792                	lw	a5,4(sp)
    2252:	81c1                	srli	a1,a1,0x10
    2254:	07e1                	addi	a5,a5,24
    2256:	b7ed                	j	2240 <I2C_GetFlagStatus+0x1a>

00002258 <NVIC_PriorityGroupConfig>:
    2258:	28a1a823          	sw	a0,656(gp) # 20000b88 <NVIC_Priority_Group>
    225c:	8082                	ret

0000225e <NVIC_Init>:
    225e:	2901a703          	lw	a4,656(gp) # 20000b88 <NVIC_Priority_Group>
    2262:	4785                	li	a5,1
    2264:	2114                	lbu	a3,0(a0)
    2266:	02f71063          	bne	a4,a5,2286 <NVIC_Init+0x28>
    226a:	311c                	lbu	a5,1(a0)
    226c:	02e79c63          	bne	a5,a4,22a4 <NVIC_Init+0x46>
    2270:	213c                	lbu	a5,2(a0)
    2272:	079a                	slli	a5,a5,0x6
    2274:	f807e793          	ori	a5,a5,-128
    2278:	e000e737          	lui	a4,0xe000e
    227c:	0ff7f793          	zext.b	a5,a5
    2280:	9736                	add	a4,a4,a3
    2282:	40f70023          	sb	a5,1024(a4) # e000e400 <_eusrstack+0xc000c400>
    2286:	4705                	li	a4,1
    2288:	0056d793          	srli	a5,a3,0x5
    228c:	00d71733          	sll	a4,a4,a3
    2290:	4154                	lw	a3,4(a0)
    2292:	ce89                	beqz	a3,22ac <NVIC_Init+0x4e>
    2294:	04078793          	addi	a5,a5,64
    2298:	078a                	slli	a5,a5,0x2
    229a:	e000e6b7          	lui	a3,0xe000e
    229e:	97b6                	add	a5,a5,a3
    22a0:	c398                	sw	a4,0(a5)
    22a2:	8082                	ret
    22a4:	f3ed                	bnez	a5,2286 <NVIC_Init+0x28>
    22a6:	213c                	lbu	a5,2(a0)
    22a8:	079a                	slli	a5,a5,0x6
    22aa:	b7f9                	j	2278 <NVIC_Init+0x1a>
    22ac:	06078793          	addi	a5,a5,96
    22b0:	e000e6b7          	lui	a3,0xe000e
    22b4:	078a                	slli	a5,a5,0x2
    22b6:	97b6                	add	a5,a5,a3
    22b8:	c398                	sw	a4,0(a5)
    22ba:	0000100f          	.4byte	0x100f
    22be:	8082                	ret

000022c0 <RCC_ADCCLKConfig>:
    22c0:	400216b7          	lui	a3,0x40021
    22c4:	42dc                	lw	a5,4(a3)
    22c6:	7fff0737          	lui	a4,0x7fff0
    22ca:	7ff70713          	addi	a4,a4,2047 # 7fff07ff <_eusrstack+0x5ffee7ff>
    22ce:	8ff9                	and	a5,a5,a4
    22d0:	8fc9                	or	a5,a5,a0
    22d2:	c2dc                	sw	a5,4(a3)
    22d4:	8082                	ret

000022d6 <RCC_GetClocksFreq>:
    22d6:	dd3fd2ef          	jal	t0,a8 <__riscv_save_0>
    22da:	40021737          	lui	a4,0x40021
    22de:	435c                	lw	a5,4(a4)
    22e0:	46a1                	li	a3,8
    22e2:	842a                	mv	s0,a0
    22e4:	8bb1                	andi	a5,a5,12
    22e6:	08d79463          	bne	a5,a3,236e <RCC_GetClocksFreq+0x98>
    22ea:	435c                	lw	a5,4(a4)
    22ec:	02dc77b7          	lui	a5,0x2dc7
    22f0:	c0078793          	addi	a5,a5,-1024 # 2dc6c00 <_data_lma+0x2dc0140>
    22f4:	c01c                	sw	a5,0(s0)
    22f6:	40021637          	lui	a2,0x40021
    22fa:	4254                	lw	a3,4(a2)
    22fc:	20000737          	lui	a4,0x20000
    2300:	08470713          	addi	a4,a4,132 # 20000084 <PBHBPrescTable>
    2304:	8291                	srli	a3,a3,0x4
    2306:	8abd                	andi	a3,a3,15
    2308:	9736                	add	a4,a4,a3
    230a:	2308                	lbu	a0,0(a4)
    230c:	4258                	lw	a4,4(a2)
    230e:	0ff57593          	zext.b	a1,a0
    2312:	08077713          	andi	a4,a4,128
    2316:	00a7d533          	srl	a0,a5,a0
    231a:	e701                	bnez	a4,2322 <RCC_GetClocksFreq+0x4c>
    231c:	853e                	mv	a0,a5
    231e:	da7fd0ef          	jal	ra,c4 <__hidden___udivsi3>
    2322:	c048                	sw	a0,4(s0)
    2324:	c408                	sw	a0,8(s0)
    2326:	c448                	sw	a0,12(s0)
    2328:	400217b7          	lui	a5,0x40021
    232c:	43dc                	lw	a5,4(a5)
    232e:	468d                	li	a3,3
    2330:	83ad                	srli	a5,a5,0xb
    2332:	8bfd                	andi	a5,a5,31
    2334:	0037d713          	srli	a4,a5,0x3
    2338:	078a                	slli	a5,a5,0x2
    233a:	8bf1                	andi	a5,a5,28
    233c:	8fd9                	or	a5,a5,a4
    233e:	0137f613          	andi	a2,a5,19
    2342:	0037f713          	andi	a4,a5,3
    2346:	00c6f463          	bgeu	a3,a2,234e <RCC_GetClocksFreq+0x78>
    234a:	ff478713          	addi	a4,a5,-12 # 40020ff4 <_eusrstack+0x2001eff4>
    234e:	400217b7          	lui	a5,0x40021
    2352:	43dc                	lw	a5,4(a5)
    2354:	0007ca63          	bltz	a5,2368 <RCC_GetClocksFreq+0x92>
    2358:	200007b7          	lui	a5,0x20000
    235c:	07078793          	addi	a5,a5,112 # 20000070 <ADCPrescTable>
    2360:	97ba                	add	a5,a5,a4
    2362:	238c                	lbu	a1,0(a5)
    2364:	d61fd0ef          	jal	ra,c4 <__hidden___udivsi3>
    2368:	c808                	sw	a0,16(s0)
    236a:	d49fd06f          	j	b2 <__riscv_restore_0>
    236e:	016e37b7          	lui	a5,0x16e3
    2372:	60078793          	addi	a5,a5,1536 # 16e3600 <_data_lma+0x16dcb40>
    2376:	bfbd                	j	22f4 <RCC_GetClocksFreq+0x1e>

00002378 <RCC_HBPeriphClockCmd>:
    2378:	c599                	beqz	a1,2386 <RCC_HBPeriphClockCmd+0xe>
    237a:	40021737          	lui	a4,0x40021
    237e:	4b5c                	lw	a5,20(a4)
    2380:	8fc9                	or	a5,a5,a0
    2382:	cb5c                	sw	a5,20(a4)
    2384:	8082                	ret
    2386:	400217b7          	lui	a5,0x40021
    238a:	4bd8                	lw	a4,20(a5)
    238c:	fff54513          	not	a0,a0
    2390:	8d79                	and	a0,a0,a4
    2392:	cbc8                	sw	a0,20(a5)
    2394:	8082                	ret

00002396 <RCC_PB2PeriphClockCmd>:
    2396:	c599                	beqz	a1,23a4 <RCC_PB2PeriphClockCmd+0xe>
    2398:	40021737          	lui	a4,0x40021
    239c:	4f1c                	lw	a5,24(a4)
    239e:	8fc9                	or	a5,a5,a0
    23a0:	cf1c                	sw	a5,24(a4)
    23a2:	8082                	ret
    23a4:	400217b7          	lui	a5,0x40021
    23a8:	4f98                	lw	a4,24(a5)
    23aa:	fff54513          	not	a0,a0
    23ae:	8d79                	and	a0,a0,a4
    23b0:	cf88                	sw	a0,24(a5)
    23b2:	8082                	ret

000023b4 <RCC_PB1PeriphClockCmd>:
    23b4:	c599                	beqz	a1,23c2 <RCC_PB1PeriphClockCmd+0xe>
    23b6:	40021737          	lui	a4,0x40021
    23ba:	4f5c                	lw	a5,28(a4)
    23bc:	8fc9                	or	a5,a5,a0
    23be:	cf5c                	sw	a5,28(a4)
    23c0:	8082                	ret
    23c2:	400217b7          	lui	a5,0x40021
    23c6:	4fd8                	lw	a4,28(a5)
    23c8:	fff54513          	not	a0,a0
    23cc:	8d79                	and	a0,a0,a4
    23ce:	cfc8                	sw	a0,28(a5)
    23d0:	8082                	ret

000023d2 <RCC_PB2PeriphResetCmd>:
    23d2:	c599                	beqz	a1,23e0 <RCC_PB2PeriphResetCmd+0xe>
    23d4:	40021737          	lui	a4,0x40021
    23d8:	475c                	lw	a5,12(a4)
    23da:	8fc9                	or	a5,a5,a0
    23dc:	c75c                	sw	a5,12(a4)
    23de:	8082                	ret
    23e0:	400217b7          	lui	a5,0x40021
    23e4:	47d8                	lw	a4,12(a5)
    23e6:	fff54513          	not	a0,a0
    23ea:	8d79                	and	a0,a0,a4
    23ec:	c7c8                	sw	a0,12(a5)
    23ee:	8082                	ret

000023f0 <SPI_Init>:
    23f0:	211e                	lhu	a5,0(a0)
    23f2:	668d                	lui	a3,0x3
    23f4:	04068693          	addi	a3,a3,64 # 3040 <__adddf3+0x246>
    23f8:	00d7f733          	and	a4,a5,a3
    23fc:	21b6                	lhu	a3,2(a1)
    23fe:	219e                	lhu	a5,0(a1)
    2400:	8fd5                	or	a5,a5,a3
    2402:	21d6                	lhu	a3,4(a1)
    2404:	8fd5                	or	a5,a5,a3
    2406:	21f6                	lhu	a3,6(a1)
    2408:	8fd5                	or	a5,a5,a3
    240a:	2596                	lhu	a3,8(a1)
    240c:	8fd5                	or	a5,a5,a3
    240e:	25b6                	lhu	a3,10(a1)
    2410:	8fd5                	or	a5,a5,a3
    2412:	25d6                	lhu	a3,12(a1)
    2414:	8fd5                	or	a5,a5,a3
    2416:	25f6                	lhu	a3,14(a1)
    2418:	8fd5                	or	a5,a5,a3
    241a:	8fd9                	or	a5,a5,a4
    241c:	a11e                	sh	a5,0(a0)
    241e:	299e                	lhu	a5,16(a1)
    2420:	a91e                	sh	a5,16(a0)
    2422:	8082                	ret

00002424 <SPI_Cmd>:
    2424:	211e                	lhu	a5,0(a0)
    2426:	c589                	beqz	a1,2430 <SPI_Cmd+0xc>
    2428:	0407e793          	ori	a5,a5,64
    242c:	a11e                	sh	a5,0(a0)
    242e:	8082                	ret
    2430:	07c2                	slli	a5,a5,0x10
    2432:	83c1                	srli	a5,a5,0x10
    2434:	fbf7f793          	andi	a5,a5,-65
    2438:	07c2                	slli	a5,a5,0x10
    243a:	83c1                	srli	a5,a5,0x10
    243c:	bfc5                	j	242c <SPI_Cmd+0x8>

0000243e <SPI_I2S_SendData>:
    243e:	a54e                	sh	a1,12(a0)
    2440:	8082                	ret

00002442 <SPI_I2S_GetFlagStatus>:
    2442:	250a                	lhu	a0,8(a0)
    2444:	8d6d                	and	a0,a0,a1
    2446:	00a03533          	snez	a0,a0
    244a:	8082                	ret

0000244c <TIM_TimeBaseInit>:
    244c:	400137b7          	lui	a5,0x40013
    2450:	c0078793          	addi	a5,a5,-1024 # 40012c00 <_eusrstack+0x20010c00>
    2454:	00f50663          	beq	a0,a5,2460 <TIM_TimeBaseInit+0x14>
    2458:	400007b7          	lui	a5,0x40000
    245c:	02f51d63          	bne	a0,a5,2496 <TIM_TimeBaseInit+0x4a>
    2460:	211e                	lhu	a5,0(a0)
    2462:	21ba                	lhu	a4,2(a1)
    2464:	07c2                	slli	a5,a5,0x10
    2466:	83c1                	srli	a5,a5,0x10
    2468:	f8f7f793          	andi	a5,a5,-113
    246c:	8fd9                	or	a5,a5,a4
    246e:	21fa                	lhu	a4,6(a1)
    2470:	cff7f793          	andi	a5,a5,-769
    2474:	8fd9                	or	a5,a5,a4
    2476:	a11e                	sh	a5,0(a0)
    2478:	21de                	lhu	a5,4(a1)
    247a:	b55e                	sh	a5,44(a0)
    247c:	219e                	lhu	a5,0(a1)
    247e:	b51e                	sh	a5,40(a0)
    2480:	400137b7          	lui	a5,0x40013
    2484:	c0078793          	addi	a5,a5,-1024 # 40012c00 <_eusrstack+0x20010c00>
    2488:	00f51463          	bne	a0,a5,2490 <TIM_TimeBaseInit+0x44>
    248c:	259c                	lbu	a5,8(a1)
    248e:	b91e                	sh	a5,48(a0)
    2490:	4785                	li	a5,1
    2492:	a95e                	sh	a5,20(a0)
    2494:	8082                	ret
    2496:	400017b7          	lui	a5,0x40001
    249a:	80078793          	addi	a5,a5,-2048 # 40000800 <_eusrstack+0x1fffe800>
    249e:	00f51c63          	bne	a0,a5,24b6 <TIM_TimeBaseInit+0x6a>
    24a2:	211e                	lhu	a5,0(a0)
    24a4:	21ba                	lhu	a4,2(a1)
    24a6:	07c2                	slli	a5,a5,0x10
    24a8:	83c1                	srli	a5,a5,0x10
    24aa:	f8f7f793          	andi	a5,a5,-113
    24ae:	8fd9                	or	a5,a5,a4
    24b0:	a11e                	sh	a5,0(a0)
    24b2:	21de                	lhu	a5,4(a1)
    24b4:	a55e                	sh	a5,12(a0)
    24b6:	8082                	ret

000024b8 <TIM_OC2Init>:
    24b8:	311e                	lhu	a5,32(a0)
    24ba:	7765                	lui	a4,0xffff9
    24bc:	cff70713          	addi	a4,a4,-769 # ffff8cff <_eusrstack+0xdfff6cff>
    24c0:	07c2                	slli	a5,a5,0x10
    24c2:	83c1                	srli	a5,a5,0x10
    24c4:	9bbd                	andi	a5,a5,-17
    24c6:	07c2                	slli	a5,a5,0x10
    24c8:	83c1                	srli	a5,a5,0x10
    24ca:	b11e                	sh	a5,32(a0)
    24cc:	311e                	lhu	a5,32(a0)
    24ce:	2152                	lhu	a2,4(a0)
    24d0:	2d16                	lhu	a3,24(a0)
    24d2:	0085d303          	lhu	t1,8(a1)
    24d6:	07c2                	slli	a5,a5,0x10
    24d8:	8ef9                	and	a3,a3,a4
    24da:	219a                	lhu	a4,0(a1)
    24dc:	83c1                	srli	a5,a5,0x10
    24de:	fdf7f793          	andi	a5,a5,-33
    24e2:	0722                	slli	a4,a4,0x8
    24e4:	8ed9                	or	a3,a3,a4
    24e6:	21ba                	lhu	a4,2(a1)
    24e8:	0642                	slli	a2,a2,0x10
    24ea:	06c2                	slli	a3,a3,0x10
    24ec:	00e36733          	or	a4,t1,a4
    24f0:	0712                	slli	a4,a4,0x4
    24f2:	8fd9                	or	a5,a5,a4
    24f4:	40013737          	lui	a4,0x40013
    24f8:	07c2                	slli	a5,a5,0x10
    24fa:	c0070713          	addi	a4,a4,-1024 # 40012c00 <_eusrstack+0x20010c00>
    24fe:	8241                	srli	a2,a2,0x10
    2500:	82c1                	srli	a3,a3,0x10
    2502:	83c1                	srli	a5,a5,0x10
    2504:	04e51463          	bne	a0,a4,254c <TIM_OC2Init+0x94>
    2508:	25ba                	lhu	a4,10(a1)
    250a:	f7f7f793          	andi	a5,a5,-129
    250e:	00c5d303          	lhu	t1,12(a1)
    2512:	0712                	slli	a4,a4,0x4
    2514:	8fd9                	or	a5,a5,a4
    2516:	21da                	lhu	a4,4(a1)
    2518:	07c2                	slli	a5,a5,0x10
    251a:	83c1                	srli	a5,a5,0x10
    251c:	0712                	slli	a4,a4,0x4
    251e:	fbf7f793          	andi	a5,a5,-65
    2522:	8fd9                	or	a5,a5,a4
    2524:	777d                	lui	a4,0xfffff
    2526:	3ff70713          	addi	a4,a4,1023 # fffff3ff <_eusrstack+0xdfffd3ff>
    252a:	8f71                	and	a4,a4,a2
    252c:	25f2                	lhu	a2,14(a1)
    252e:	07c2                	slli	a5,a5,0x10
    2530:	83c1                	srli	a5,a5,0x10
    2532:	00666633          	or	a2,a2,t1
    2536:	060a                	slli	a2,a2,0x2
    2538:	8f51                	or	a4,a4,a2
    253a:	01071613          	slli	a2,a4,0x10
    253e:	8241                	srli	a2,a2,0x10
    2540:	21fa                	lhu	a4,6(a1)
    2542:	a152                	sh	a2,4(a0)
    2544:	ad16                	sh	a3,24(a0)
    2546:	dd18                	sw	a4,56(a0)
    2548:	b11e                	sh	a5,32(a0)
    254a:	8082                	ret
    254c:	40000737          	lui	a4,0x40000
    2550:	fee518e3          	bne	a0,a4,2540 <TIM_OC2Init+0x88>
    2554:	04455703          	lhu	a4,68(a0) # 40011044 <_eusrstack+0x2000f044>
    2558:	030e                	slli	t1,t1,0x3
    255a:	0742                	slli	a4,a4,0x10
    255c:	8341                	srli	a4,a4,0x10
    255e:	fcd77713          	andi	a4,a4,-51
    2562:	0742                	slli	a4,a4,0x10
    2564:	8341                	srli	a4,a4,0x10
    2566:	04e51223          	sh	a4,68(a0)
    256a:	25ba                	lhu	a4,10(a1)
    256c:	04455283          	lhu	t0,68(a0)
    2570:	070a                	slli	a4,a4,0x2
    2572:	00676733          	or	a4,a4,t1
    2576:	0045d303          	lhu	t1,4(a1)
    257a:	00135313          	srli	t1,t1,0x1
    257e:	0062e333          	or	t1,t0,t1
    2582:	00676733          	or	a4,a4,t1
    2586:	0742                	slli	a4,a4,0x10
    2588:	8341                	srli	a4,a4,0x10
    258a:	04e51223          	sh	a4,68(a0)
    258e:	bf4d                	j	2540 <TIM_OC2Init+0x88>

00002590 <TIM_OC3Init>:
    2590:	311e                	lhu	a5,32(a0)
    2592:	0085d303          	lhu	t1,8(a1)
    2596:	07c2                	slli	a5,a5,0x10
    2598:	83c1                	srli	a5,a5,0x10
    259a:	eff7f793          	andi	a5,a5,-257
    259e:	07c2                	slli	a5,a5,0x10
    25a0:	83c1                	srli	a5,a5,0x10
    25a2:	b11e                	sh	a5,32(a0)
    25a4:	3112                	lhu	a2,32(a0)
    25a6:	2156                	lhu	a3,4(a0)
    25a8:	2d5a                	lhu	a4,28(a0)
    25aa:	219e                	lhu	a5,0(a1)
    25ac:	0642                	slli	a2,a2,0x10
    25ae:	0742                	slli	a4,a4,0x10
    25b0:	8341                	srli	a4,a4,0x10
    25b2:	f8c77713          	andi	a4,a4,-116
    25b6:	8f5d                	or	a4,a4,a5
    25b8:	21be                	lhu	a5,2(a1)
    25ba:	8241                	srli	a2,a2,0x10
    25bc:	dff67613          	andi	a2,a2,-513
    25c0:	0067e7b3          	or	a5,a5,t1
    25c4:	07a2                	slli	a5,a5,0x8
    25c6:	8e5d                	or	a2,a2,a5
    25c8:	400137b7          	lui	a5,0x40013
    25cc:	06c2                	slli	a3,a3,0x10
    25ce:	0642                	slli	a2,a2,0x10
    25d0:	c0078793          	addi	a5,a5,-1024 # 40012c00 <_eusrstack+0x20010c00>
    25d4:	82c1                	srli	a3,a3,0x10
    25d6:	8241                	srli	a2,a2,0x10
    25d8:	04f51063          	bne	a0,a5,2618 <TIM_OC3Init+0x88>
    25dc:	77fd                	lui	a5,0xfffff
    25de:	7ff78793          	addi	a5,a5,2047 # fffff7ff <_eusrstack+0xdfffd7ff>
    25e2:	8ff1                	and	a5,a5,a2
    25e4:	25b2                	lhu	a2,10(a1)
    25e6:	00c5d303          	lhu	t1,12(a1)
    25ea:	0622                	slli	a2,a2,0x8
    25ec:	8fd1                	or	a5,a5,a2
    25ee:	21d2                	lhu	a2,4(a1)
    25f0:	07c2                	slli	a5,a5,0x10
    25f2:	83c1                	srli	a5,a5,0x10
    25f4:	0622                	slli	a2,a2,0x8
    25f6:	bff7f793          	andi	a5,a5,-1025
    25fa:	8fd1                	or	a5,a5,a2
    25fc:	01079613          	slli	a2,a5,0x10
    2600:	77f5                	lui	a5,0xffffd
    2602:	17fd                	addi	a5,a5,-1 # ffffcfff <_eusrstack+0xdfffafff>
    2604:	8ff5                	and	a5,a5,a3
    2606:	25f6                	lhu	a3,14(a1)
    2608:	8241                	srli	a2,a2,0x10
    260a:	0066e6b3          	or	a3,a3,t1
    260e:	0692                	slli	a3,a3,0x4
    2610:	8fd5                	or	a5,a5,a3
    2612:	01079693          	slli	a3,a5,0x10
    2616:	82c1                	srli	a3,a3,0x10
    2618:	21fe                	lhu	a5,6(a1)
    261a:	a156                	sh	a3,4(a0)
    261c:	ad5a                	sh	a4,28(a0)
    261e:	dd5c                	sw	a5,60(a0)
    2620:	b112                	sh	a2,32(a0)
    2622:	8082                	ret

00002624 <TIM_TimeBaseStructInit>:
    2624:	57fd                	li	a5,-1
    2626:	a15e                	sh	a5,4(a0)
    2628:	00051023          	sh	zero,0(a0)
    262c:	00051323          	sh	zero,6(a0)
    2630:	00051123          	sh	zero,2(a0)
    2634:	00050423          	sb	zero,8(a0)
    2638:	8082                	ret

0000263a <TIM_OCStructInit>:
    263a:	00051023          	sh	zero,0(a0)
    263e:	00051123          	sh	zero,2(a0)
    2642:	00051223          	sh	zero,4(a0)
    2646:	00051323          	sh	zero,6(a0)
    264a:	00051423          	sh	zero,8(a0)
    264e:	00051523          	sh	zero,10(a0)
    2652:	00051623          	sh	zero,12(a0)
    2656:	00051723          	sh	zero,14(a0)
    265a:	8082                	ret

0000265c <TIM_Cmd>:
    265c:	400137b7          	lui	a5,0x40013
    2660:	c0078793          	addi	a5,a5,-1024 # 40012c00 <_eusrstack+0x20010c00>
    2664:	c19d                	beqz	a1,268a <TIM_Cmd+0x2e>
    2666:	00f50663          	beq	a0,a5,2672 <TIM_Cmd+0x16>
    266a:	400007b7          	lui	a5,0x40000
    266e:	00f51763          	bne	a0,a5,267c <TIM_Cmd+0x20>
    2672:	211e                	lhu	a5,0(a0)
    2674:	0017e793          	ori	a5,a5,1
    2678:	a11e                	sh	a5,0(a0)
    267a:	a039                	j	2688 <TIM_Cmd+0x2c>
    267c:	400017b7          	lui	a5,0x40001
    2680:	80078793          	addi	a5,a5,-2048 # 40000800 <_eusrstack+0x1fffe800>
    2684:	fef507e3          	beq	a0,a5,2672 <TIM_Cmd+0x16>
    2688:	8082                	ret
    268a:	00f50663          	beq	a0,a5,2696 <TIM_Cmd+0x3a>
    268e:	400007b7          	lui	a5,0x40000
    2692:	00f51963          	bne	a0,a5,26a4 <TIM_Cmd+0x48>
    2696:	211e                	lhu	a5,0(a0)
    2698:	07c2                	slli	a5,a5,0x10
    269a:	83c1                	srli	a5,a5,0x10
    269c:	9bf9                	andi	a5,a5,-2
    269e:	07c2                	slli	a5,a5,0x10
    26a0:	83c1                	srli	a5,a5,0x10
    26a2:	bfd9                	j	2678 <TIM_Cmd+0x1c>
    26a4:	400017b7          	lui	a5,0x40001
    26a8:	80078793          	addi	a5,a5,-2048 # 40000800 <_eusrstack+0x1fffe800>
    26ac:	fcf51ee3          	bne	a0,a5,2688 <TIM_Cmd+0x2c>
    26b0:	b7dd                	j	2696 <TIM_Cmd+0x3a>

000026b2 <TIM_CtrlPWMOutputs>:
    26b2:	04455783          	lhu	a5,68(a0)
    26b6:	c591                	beqz	a1,26c2 <TIM_CtrlPWMOutputs+0x10>
    26b8:	6721                	lui	a4,0x8
    26ba:	8fd9                	or	a5,a5,a4
    26bc:	04f51223          	sh	a5,68(a0)
    26c0:	8082                	ret
    26c2:	07c6                	slli	a5,a5,0x11
    26c4:	83c5                	srli	a5,a5,0x11
    26c6:	bfdd                	j	26bc <TIM_CtrlPWMOutputs+0xa>

000026c8 <TIM_ITConfig>:
    26c8:	255e                	lhu	a5,12(a0)
    26ca:	c601                	beqz	a2,26d2 <TIM_ITConfig+0xa>
    26cc:	8fcd                	or	a5,a5,a1
    26ce:	a55e                	sh	a5,12(a0)
    26d0:	8082                	ret
    26d2:	fff5c593          	not	a1,a1
    26d6:	8fed                	and	a5,a5,a1
    26d8:	bfdd                	j	26ce <TIM_ITConfig+0x6>

000026da <TIM_ARRPreloadConfig>:
    26da:	400137b7          	lui	a5,0x40013
    26de:	c0078793          	addi	a5,a5,-1024 # 40012c00 <_eusrstack+0x20010c00>
    26e2:	c19d                	beqz	a1,2708 <TIM_ARRPreloadConfig+0x2e>
    26e4:	00f50663          	beq	a0,a5,26f0 <TIM_ARRPreloadConfig+0x16>
    26e8:	400007b7          	lui	a5,0x40000
    26ec:	00f51763          	bne	a0,a5,26fa <TIM_ARRPreloadConfig+0x20>
    26f0:	211e                	lhu	a5,0(a0)
    26f2:	0807e793          	ori	a5,a5,128
    26f6:	a11e                	sh	a5,0(a0)
    26f8:	a039                	j	2706 <TIM_ARRPreloadConfig+0x2c>
    26fa:	400017b7          	lui	a5,0x40001
    26fe:	80078793          	addi	a5,a5,-2048 # 40000800 <_eusrstack+0x1fffe800>
    2702:	fef507e3          	beq	a0,a5,26f0 <TIM_ARRPreloadConfig+0x16>
    2706:	8082                	ret
    2708:	00f50663          	beq	a0,a5,2714 <TIM_ARRPreloadConfig+0x3a>
    270c:	400007b7          	lui	a5,0x40000
    2710:	00f51a63          	bne	a0,a5,2724 <TIM_ARRPreloadConfig+0x4a>
    2714:	211e                	lhu	a5,0(a0)
    2716:	07c2                	slli	a5,a5,0x10
    2718:	83c1                	srli	a5,a5,0x10
    271a:	f7f7f793          	andi	a5,a5,-129
    271e:	07c2                	slli	a5,a5,0x10
    2720:	83c1                	srli	a5,a5,0x10
    2722:	bfd1                	j	26f6 <TIM_ARRPreloadConfig+0x1c>
    2724:	400017b7          	lui	a5,0x40001
    2728:	80078793          	addi	a5,a5,-2048 # 40000800 <_eusrstack+0x1fffe800>
    272c:	fcf51de3          	bne	a0,a5,2706 <TIM_ARRPreloadConfig+0x2c>
    2730:	b7d5                	j	2714 <TIM_ARRPreloadConfig+0x3a>

00002732 <TIM_OC2PreloadConfig>:
    2732:	400137b7          	lui	a5,0x40013
    2736:	c0078793          	addi	a5,a5,-1024 # 40012c00 <_eusrstack+0x20010c00>
    273a:	00f50663          	beq	a0,a5,2746 <TIM_OC2PreloadConfig+0x14>
    273e:	400007b7          	lui	a5,0x40000
    2742:	00f51d63          	bne	a0,a5,275c <TIM_OC2PreloadConfig+0x2a>
    2746:	2d1e                	lhu	a5,24(a0)
    2748:	777d                	lui	a4,0xfffff
    274a:	7ff70713          	addi	a4,a4,2047 # fffff7ff <_eusrstack+0xdfffd7ff>
    274e:	8ff9                	and	a5,a5,a4
    2750:	05a2                	slli	a1,a1,0x8
    2752:	8fcd                	or	a5,a5,a1
    2754:	07c2                	slli	a5,a5,0x10
    2756:	83c1                	srli	a5,a5,0x10
    2758:	ad1e                	sh	a5,24(a0)
    275a:	8082                	ret
    275c:	400017b7          	lui	a5,0x40001
    2760:	80078793          	addi	a5,a5,-2048 # 40000800 <_eusrstack+0x1fffe800>
    2764:	00f51963          	bne	a0,a5,2776 <TIM_OC2PreloadConfig+0x44>
    2768:	215e                	lhu	a5,4(a0)
    276a:	8189                	srli	a1,a1,0x2
    276c:	07c2                	slli	a5,a5,0x10
    276e:	83c1                	srli	a5,a5,0x10
    2770:	9bf5                	andi	a5,a5,-3
    2772:	8ddd                	or	a1,a1,a5
    2774:	a14e                	sh	a1,4(a0)
    2776:	8082                	ret

00002778 <TIM_OC3PreloadConfig>:
    2778:	400137b7          	lui	a5,0x40013
    277c:	c0078793          	addi	a5,a5,-1024 # 40012c00 <_eusrstack+0x20010c00>
    2780:	00f50663          	beq	a0,a5,278c <TIM_OC3PreloadConfig+0x14>
    2784:	400007b7          	lui	a5,0x40000
    2788:	00f51963          	bne	a0,a5,279a <TIM_OC3PreloadConfig+0x22>
    278c:	2d5e                	lhu	a5,28(a0)
    278e:	07c2                	slli	a5,a5,0x10
    2790:	83c1                	srli	a5,a5,0x10
    2792:	9bdd                	andi	a5,a5,-9
    2794:	8ddd                	or	a1,a1,a5
    2796:	ad4e                	sh	a1,28(a0)
    2798:	8082                	ret
    279a:	400017b7          	lui	a5,0x40001
    279e:	80078793          	addi	a5,a5,-2048 # 40000800 <_eusrstack+0x1fffe800>
    27a2:	00f51963          	bne	a0,a5,27b4 <TIM_OC3PreloadConfig+0x3c>
    27a6:	215e                	lhu	a5,4(a0)
    27a8:	8185                	srli	a1,a1,0x1
    27aa:	07c2                	slli	a5,a5,0x10
    27ac:	83c1                	srli	a5,a5,0x10
    27ae:	9bed                	andi	a5,a5,-5
    27b0:	8ddd                	or	a1,a1,a5
    27b2:	a14e                	sh	a1,4(a0)
    27b4:	8082                	ret

000027b6 <TIM_CCxCmd>:
    27b6:	311a                	lhu	a4,32(a0)
    27b8:	4785                	li	a5,1
    27ba:	00b797b3          	sll	a5,a5,a1
    27be:	fff7c793          	not	a5,a5
    27c2:	8ff9                	and	a5,a5,a4
    27c4:	b11e                	sh	a5,32(a0)
    27c6:	311e                	lhu	a5,32(a0)
    27c8:	00b61633          	sll	a2,a2,a1
    27cc:	8fd1                	or	a5,a5,a2
    27ce:	07c2                	slli	a5,a5,0x10
    27d0:	83c1                	srli	a5,a5,0x10
    27d2:	b11e                	sh	a5,32(a0)
    27d4:	8082                	ret

000027d6 <TIM_SelectOutputTrigger>:
    27d6:	215e                	lhu	a5,4(a0)
    27d8:	07c2                	slli	a5,a5,0x10
    27da:	83c1                	srli	a5,a5,0x10
    27dc:	f8f7f793          	andi	a5,a5,-113
    27e0:	07c2                	slli	a5,a5,0x10
    27e2:	83c1                	srli	a5,a5,0x10
    27e4:	a15e                	sh	a5,4(a0)
    27e6:	215e                	lhu	a5,4(a0)
    27e8:	8fcd                	or	a5,a5,a1
    27ea:	a15e                	sh	a5,4(a0)
    27ec:	8082                	ret

000027ee <TIM_SetAutoreload>:
    27ee:	400137b7          	lui	a5,0x40013
    27f2:	c0078793          	addi	a5,a5,-1024 # 40012c00 <_eusrstack+0x20010c00>
    27f6:	00f50663          	beq	a0,a5,2802 <TIM_SetAutoreload+0x14>
    27fa:	400007b7          	lui	a5,0x40000
    27fe:	00f51463          	bne	a0,a5,2806 <TIM_SetAutoreload+0x18>
    2802:	b54e                	sh	a1,44(a0)
    2804:	8082                	ret
    2806:	400017b7          	lui	a5,0x40001
    280a:	80078793          	addi	a5,a5,-2048 # 40000800 <_eusrstack+0x1fffe800>
    280e:	00f51363          	bne	a0,a5,2814 <TIM_SetAutoreload+0x26>
    2812:	a54e                	sh	a1,12(a0)
    2814:	8082                	ret

00002816 <TIM_SetCompare2>:
    2816:	400137b7          	lui	a5,0x40013
    281a:	c0078793          	addi	a5,a5,-1024 # 40012c00 <_eusrstack+0x20010c00>
    281e:	00f50663          	beq	a0,a5,282a <TIM_SetCompare2+0x14>
    2822:	400007b7          	lui	a5,0x40000
    2826:	00f51463          	bne	a0,a5,282e <TIM_SetCompare2+0x18>
    282a:	dd0c                	sw	a1,56(a0)
    282c:	8082                	ret
    282e:	400017b7          	lui	a5,0x40001
    2832:	80078793          	addi	a5,a5,-2048 # 40000800 <_eusrstack+0x1fffe800>
    2836:	00f51363          	bne	a0,a5,283c <TIM_SetCompare2+0x26>
    283a:	a94e                	sh	a1,20(a0)
    283c:	8082                	ret

0000283e <TIM_SetCompare3>:
    283e:	400137b7          	lui	a5,0x40013
    2842:	c0078793          	addi	a5,a5,-1024 # 40012c00 <_eusrstack+0x20010c00>
    2846:	00f50663          	beq	a0,a5,2852 <TIM_SetCompare3+0x14>
    284a:	400007b7          	lui	a5,0x40000
    284e:	00f51463          	bne	a0,a5,2856 <TIM_SetCompare3+0x18>
    2852:	dd4c                	sw	a1,60(a0)
    2854:	8082                	ret
    2856:	400017b7          	lui	a5,0x40001
    285a:	80078793          	addi	a5,a5,-2048 # 40000800 <_eusrstack+0x1fffe800>
    285e:	00f51363          	bne	a0,a5,2864 <TIM_SetCompare3+0x26>
    2862:	ad0e                	sh	a1,24(a0)
    2864:	8082                	ret

00002866 <TIM_ClearITPendingBit>:
    2866:	fff5c593          	not	a1,a1
    286a:	05c2                	slli	a1,a1,0x10
    286c:	81c1                	srli	a1,a1,0x10
    286e:	a90e                	sh	a1,16(a0)
    2870:	8082                	ret

00002872 <USART_Init>:
    2872:	837fd2ef          	jal	t0,a8 <__riscv_save_0>
    2876:	2916                	lhu	a3,16(a0)
    2878:	77f5                	lui	a5,0xffffd
    287a:	17fd                	addi	a5,a5,-1 # ffffcfff <_eusrstack+0xdfffafff>
    287c:	8efd                	and	a3,a3,a5
    287e:	21fe                	lhu	a5,6(a1)
    2880:	25da                	lhu	a4,12(a1)
    2882:	1121                	addi	sp,sp,-24
    2884:	8fd5                	or	a5,a5,a3
    2886:	a91e                	sh	a5,16(a0)
    2888:	2556                	lhu	a3,12(a0)
    288a:	77fd                	lui	a5,0xfffff
    288c:	9f378793          	addi	a5,a5,-1549 # ffffe9f3 <_eusrstack+0xdfffc9f3>
    2890:	8efd                	and	a3,a3,a5
    2892:	21de                	lhu	a5,4(a1)
    2894:	842a                	mv	s0,a0
    2896:	84ae                	mv	s1,a1
    2898:	8fd5                	or	a5,a5,a3
    289a:	2596                	lhu	a3,8(a1)
    289c:	8fd5                	or	a5,a5,a3
    289e:	25b6                	lhu	a3,10(a1)
    28a0:	8fd5                	or	a5,a5,a3
    28a2:	a55e                	sh	a5,12(a0)
    28a4:	295e                	lhu	a5,20(a0)
    28a6:	07c2                	slli	a5,a5,0x10
    28a8:	83c1                	srli	a5,a5,0x10
    28aa:	cff7f793          	andi	a5,a5,-769
    28ae:	8fd9                	or	a5,a5,a4
    28b0:	a95e                	sh	a5,20(a0)
    28b2:	0048                	addi	a0,sp,4
    28b4:	a23ff0ef          	jal	ra,22d6 <RCC_GetClocksFreq>
    28b8:	400147b7          	lui	a5,0x40014
    28bc:	80078793          	addi	a5,a5,-2048 # 40013800 <_eusrstack+0x20011800>
    28c0:	04f41563          	bne	s0,a5,290a <USART_Init+0x98>
    28c4:	47c2                	lw	a5,16(sp)
    28c6:	4565                	li	a0,25
    28c8:	02a78533          	mul	a0,a5,a0
    28cc:	408c                	lw	a1,0(s1)
    28ce:	058a                	slli	a1,a1,0x2
    28d0:	ff4fd0ef          	jal	ra,c4 <__hidden___udivsi3>
    28d4:	06400593          	li	a1,100
    28d8:	c02a                	sw	a0,0(sp)
    28da:	feafd0ef          	jal	ra,c4 <__hidden___udivsi3>
    28de:	00451493          	slli	s1,a0,0x4
    28e2:	4502                	lw	a0,0(sp)
    28e4:	06400593          	li	a1,100
    28e8:	809fd0ef          	jal	ra,f0 <__umodsi3>
    28ec:	0512                	slli	a0,a0,0x4
    28ee:	06400593          	li	a1,100
    28f2:	03250513          	addi	a0,a0,50
    28f6:	fcefd0ef          	jal	ra,c4 <__hidden___udivsi3>
    28fa:	893d                	andi	a0,a0,15
    28fc:	8d45                	or	a0,a0,s1
    28fe:	0542                	slli	a0,a0,0x10
    2900:	8141                	srli	a0,a0,0x10
    2902:	a40a                	sh	a0,8(s0)
    2904:	0161                	addi	sp,sp,24
    2906:	facfd06f          	j	b2 <__riscv_restore_0>
    290a:	47b2                	lw	a5,12(sp)
    290c:	bf6d                	j	28c6 <USART_Init+0x54>

0000290e <USART_Cmd>:
    290e:	255e                	lhu	a5,12(a0)
    2910:	c589                	beqz	a1,291a <USART_Cmd+0xc>
    2912:	6709                	lui	a4,0x2
    2914:	8fd9                	or	a5,a5,a4
    2916:	a55e                	sh	a5,12(a0)
    2918:	8082                	ret
    291a:	7779                	lui	a4,0xffffe
    291c:	177d                	addi	a4,a4,-1 # ffffdfff <_eusrstack+0xdfffbfff>
    291e:	8ff9                	and	a5,a5,a4
    2920:	bfdd                	j	2916 <USART_Cmd+0x8>

00002922 <Delay_Init>:
    2922:	f86fd2ef          	jal	t0,a8 <__riscv_save_0>
    2926:	200007b7          	lui	a5,0x20000
    292a:	06c7a503          	lw	a0,108(a5) # 2000006c <SystemCoreClock>
    292e:	007a15b7          	lui	a1,0x7a1
    2932:	20058593          	addi	a1,a1,512 # 7a1200 <_data_lma+0x79a740>
    2936:	f8efd0ef          	jal	ra,c4 <__hidden___udivsi3>
    293a:	0ff57513          	zext.b	a0,a0
    293e:	28a18b23          	sb	a0,662(gp) # 20000b8e <p_us>
    2942:	3e800793          	li	a5,1000
    2946:	02f50533          	mul	a0,a0,a5
    294a:	28a19a23          	sh	a0,660(gp) # 20000b8c <p_ms>
    294e:	f64fd06f          	j	b2 <__riscv_restore_0>

00002952 <Delay_Ms>:
    2952:	e000f7b7          	lui	a5,0xe000f
    2956:	43d8                	lw	a4,4(a5)
    2958:	9b79                	andi	a4,a4,-2
    295a:	c3d8                	sw	a4,4(a5)
    295c:	2941d703          	lhu	a4,660(gp) # 20000b8c <p_ms>
    2960:	02a70733          	mul	a4,a4,a0
    2964:	cb98                	sw	a4,16(a5)
    2966:	0007a423          	sw	zero,8(a5) # e000f008 <_eusrstack+0xc000d008>
    296a:	4398                	lw	a4,0(a5)
    296c:	00176713          	ori	a4,a4,1
    2970:	c398                	sw	a4,0(a5)
    2972:	43d8                	lw	a4,4(a5)
    2974:	8b05                	andi	a4,a4,1
    2976:	df75                	beqz	a4,2972 <Delay_Ms+0x20>
    2978:	4398                	lw	a4,0(a5)
    297a:	9b79                	andi	a4,a4,-2
    297c:	c398                	sw	a4,0(a5)
    297e:	8082                	ret

00002980 <USART_Printf_Init>:
    2980:	f28fd2ef          	jal	t0,a8 <__riscv_save_0>
    2984:	842a                	mv	s0,a0
    2986:	6511                	lui	a0,0x4
    2988:	1111                	addi	sp,sp,-28
    298a:	4585                	li	a1,1
    298c:	02050513          	addi	a0,a0,32 # 4020 <__subdf3+0x5ac>
    2990:	a07ff0ef          	jal	ra,2396 <RCC_PB2PeriphClockCmd>
    2994:	02000793          	li	a5,32
    2998:	807c                	sh	a5,0(sp)
    299a:	40011537          	lui	a0,0x40011
    299e:	4785                	li	a5,1
    29a0:	c23e                	sw	a5,4(sp)
    29a2:	858a                	mv	a1,sp
    29a4:	47e1                	li	a5,24
    29a6:	40050513          	addi	a0,a0,1024 # 40011400 <_eusrstack+0x2000f400>
    29aa:	c43e                	sw	a5,8(sp)
    29ac:	aecff0ef          	jal	ra,1c98 <GPIO_Init>
    29b0:	c622                	sw	s0,12(sp)
    29b2:	40014437          	lui	s0,0x40014
    29b6:	000807b7          	lui	a5,0x80
    29ba:	006c                	addi	a1,sp,12
    29bc:	80040513          	addi	a0,s0,-2048 # 40013800 <_eusrstack+0x20011800>
    29c0:	ca3e                	sw	a5,20(sp)
    29c2:	c802                	sw	zero,16(sp)
    29c4:	00011c23          	sh	zero,24(sp)
    29c8:	eabff0ef          	jal	ra,2872 <USART_Init>
    29cc:	4585                	li	a1,1
    29ce:	80040513          	addi	a0,s0,-2048
    29d2:	f3dff0ef          	jal	ra,290e <USART_Cmd>
    29d6:	0171                	addi	sp,sp,28
    29d8:	edafd06f          	j	b2 <__riscv_restore_0>

000029dc <_sbrk>:
    29dc:	200006b7          	lui	a3,0x20000
    29e0:	87aa                	mv	a5,a0
    29e2:	0946a503          	lw	a0,148(a3) # 20000094 <curbrk.0>
    29e6:	29818713          	addi	a4,gp,664 # 20000b90 <_ebss>
    29ea:	97aa                	add	a5,a5,a0
    29ec:	00e7eb63          	bltu	a5,a4,2a02 <_sbrk+0x26>
    29f0:	20002737          	lui	a4,0x20002
    29f4:	e0070713          	addi	a4,a4,-512 # 20001e00 <_heap_end>
    29f8:	00f76563          	bltu	a4,a5,2a02 <_sbrk+0x26>
    29fc:	08f6aa23          	sw	a5,148(a3)
    2a00:	8082                	ret
    2a02:	557d                	li	a0,-1
    2a04:	8082                	ret

00002a06 <round>:
    2a06:	4145d613          	srai	a2,a1,0x14
    2a0a:	7ff67613          	andi	a2,a2,2047
    2a0e:	c0160313          	addi	t1,a2,-1023 # 40020c01 <_eusrstack+0x2001ec01>
    2a12:	43cd                	li	t2,19
    2a14:	872a                	mv	a4,a0
    2a16:	87ae                	mv	a5,a1
    2a18:	86ae                	mv	a3,a1
    2a1a:	0463c663          	blt	t2,t1,2a66 <round+0x60>
    2a1e:	02035263          	bgez	t1,2a42 <round+0x3c>
    2a22:	800007b7          	lui	a5,0x80000
    2a26:	8fed                	and	a5,a5,a1
    2a28:	577d                	li	a4,-1
    2a2a:	86be                	mv	a3,a5
    2a2c:	00e31563          	bne	t1,a4,2a36 <round+0x30>
    2a30:	3ff006b7          	lui	a3,0x3ff00
    2a34:	8edd                	or	a3,a3,a5
    2a36:	4601                	li	a2,0
    2a38:	8732                	mv	a4,a2
    2a3a:	87b6                	mv	a5,a3
    2a3c:	853a                	mv	a0,a4
    2a3e:	85be                	mv	a1,a5
    2a40:	8082                	ret
    2a42:	00100637          	lui	a2,0x100
    2a46:	167d                	addi	a2,a2,-1 # fffff <_data_lma+0xf953f>
    2a48:	40665633          	sra	a2,a2,t1
    2a4c:	8df1                	and	a1,a1,a2
    2a4e:	8dc9                	or	a1,a1,a0
    2a50:	d5f5                	beqz	a1,2a3c <round+0x36>
    2a52:	000807b7          	lui	a5,0x80
    2a56:	4067d7b3          	sra	a5,a5,t1
    2a5a:	97b6                	add	a5,a5,a3
    2a5c:	fff64613          	not	a2,a2
    2a60:	00f676b3          	and	a3,a2,a5
    2a64:	bfc9                	j	2a36 <round+0x30>
    2a66:	03300393          	li	t2,51
    2a6a:	0063de63          	bge	t2,t1,2a86 <round+0x80>
    2a6e:	40000693          	li	a3,1024
    2a72:	fcd315e3          	bne	t1,a3,2a3c <round+0x36>
    2a76:	1151                	addi	sp,sp,-12
    2a78:	862a                	mv	a2,a0
    2a7a:	86ae                	mv	a3,a1
    2a7c:	c406                	sw	ra,8(sp)
    2a7e:	2eb5                	jal	2dfa <__adddf3>
    2a80:	40a2                	lw	ra,8(sp)
    2a82:	0131                	addi	sp,sp,12
    2a84:	8082                	ret
    2a86:	bed60593          	addi	a1,a2,-1043
    2a8a:	567d                	li	a2,-1
    2a8c:	00b65633          	srl	a2,a2,a1
    2a90:	00a675b3          	and	a1,a2,a0
    2a94:	d5c5                	beqz	a1,2a3c <round+0x36>
    2a96:	406383b3          	sub	t2,t2,t1
    2a9a:	4785                	li	a5,1
    2a9c:	007797b3          	sll	a5,a5,t2
    2aa0:	00a782b3          	add	t0,a5,a0
    2aa4:	00f2f363          	bgeu	t0,a5,2aaa <round+0xa4>
    2aa8:	0685                	addi	a3,a3,1 # 3ff00001 <_eusrstack+0x1fefe001>
    2aaa:	fff64613          	not	a2,a2
    2aae:	00567633          	and	a2,a2,t0
    2ab2:	b759                	j	2a38 <round+0x32>

00002ab4 <logf>:
    2ab4:	1151                	addi	sp,sp,-12
    2ab6:	c222                	sw	s0,4(sp)
    2ab8:	c026                	sw	s1,0(sp)
    2aba:	842a                	mv	s0,a0
    2abc:	c406                	sw	ra,8(sp)
    2abe:	208d                	jal	2b20 <__ieee754_logf>
    2ac0:	84aa                	mv	s1,a0
    2ac2:	85a2                	mv	a1,s0
    2ac4:	8522                	mv	a0,s0
    2ac6:	66c020ef          	jal	ra,5132 <__unordsf2>
    2aca:	e51d                	bnez	a0,2af8 <logf+0x44>
    2acc:	00000593          	li	a1,0
    2ad0:	8522                	mv	a0,s0
    2ad2:	6d3010ef          	jal	ra,49a4 <__gesf2>
    2ad6:	02a04163          	bgtz	a0,2af8 <logf+0x44>
    2ada:	00000593          	li	a1,0
    2ade:	8522                	mv	a0,s0
    2ae0:	669010ef          	jal	ra,4948 <__eqsf2>
    2ae4:	e105                	bnez	a0,2b04 <logf+0x50>
    2ae6:	2df020ef          	jal	ra,55c4 <__errno>
    2aea:	02200793          	li	a5,34
    2aee:	c11c                	sw	a5,0(a0)
    2af0:	1fffd497          	auipc	s1,0x1fffd
    2af4:	6104a483          	lw	s1,1552(s1) # 20000100 <_impure_ptr+0x8>
    2af8:	40a2                	lw	ra,8(sp)
    2afa:	4412                	lw	s0,4(sp)
    2afc:	8526                	mv	a0,s1
    2afe:	4482                	lw	s1,0(sp)
    2b00:	0131                	addi	sp,sp,12
    2b02:	8082                	ret
    2b04:	2c1020ef          	jal	ra,55c4 <__errno>
    2b08:	4412                	lw	s0,4(sp)
    2b0a:	40a2                	lw	ra,8(sp)
    2b0c:	4482                	lw	s1,0(sp)
    2b0e:	02100793          	li	a5,33
    2b12:	c11c                	sw	a5,0(a0)
    2b14:	00004517          	auipc	a0,0x4
    2b18:	d3c50513          	addi	a0,a0,-708 # 6850 <OLED_F8x16+0x610>
    2b1c:	0131                	addi	sp,sp,12
    2b1e:	acc9                	j	2df0 <nanf>

00002b20 <__ieee754_logf>:
    2b20:	fdc10113          	addi	sp,sp,-36
    2b24:	d006                	sw	ra,32(sp)
    2b26:	ce22                	sw	s0,28(sp)
    2b28:	cc26                	sw	s1,24(sp)
    2b2a:	00151793          	slli	a5,a0,0x1
    2b2e:	ef99                	bnez	a5,2b4c <__ieee754_logf+0x2c>
    2b30:	00000593          	li	a1,0
    2b34:	1fffd517          	auipc	a0,0x1fffd
    2b38:	5d052503          	lw	a0,1488(a0) # 20000104 <_impure_ptr+0xc>
    2b3c:	2c9010ef          	jal	ra,4604 <__divsf3>
    2b40:	5082                	lw	ra,32(sp)
    2b42:	4472                	lw	s0,28(sp)
    2b44:	44e2                	lw	s1,24(sp)
    2b46:	02410113          	addi	sp,sp,36
    2b4a:	8082                	ret
    2b4c:	85aa                	mv	a1,a0
    2b4e:	87aa                	mv	a5,a0
    2b50:	00055763          	bgez	a0,2b5e <__ieee754_logf+0x3e>
    2b54:	25e020ef          	jal	ra,4db2 <__subsf3>
    2b58:	00000593          	li	a1,0
    2b5c:	b7c5                	j	2b3c <__ieee754_logf+0x1c>
    2b5e:	7f8006b7          	lui	a3,0x7f800
    2b62:	00d54563          	blt	a0,a3,2b6c <__ieee754_logf+0x4c>
    2b66:	740010ef          	jal	ra,42a6 <__addsf3>
    2b6a:	bfd9                	j	2b40 <__ieee754_logf+0x20>
    2b6c:	008006b7          	lui	a3,0x800
    2b70:	4701                	li	a4,0
    2b72:	00d55a63          	bge	a0,a3,2b86 <__ieee754_logf+0x66>
    2b76:	1fffd597          	auipc	a1,0x1fffd
    2b7a:	5925a583          	lw	a1,1426(a1) # 20000108 <_impure_ptr+0x10>
    2b7e:	755010ef          	jal	ra,4ad2 <__mulsf3>
    2b82:	87aa                	mv	a5,a0
    2b84:	571d                	li	a4,-25
    2b86:	4177d693          	srai	a3,a5,0x17
    2b8a:	f8168693          	addi	a3,a3,-127 # 7fff81 <_data_lma+0x7f94c1>
    2b8e:	96ba                	add	a3,a3,a4
    2b90:	00800737          	lui	a4,0x800
    2b94:	fff70613          	addi	a2,a4,-1 # 7fffff <_data_lma+0x7f953f>
    2b98:	004b0537          	lui	a0,0x4b0
    2b9c:	00c7f433          	and	s0,a5,a2
    2ba0:	b2050513          	addi	a0,a0,-1248 # 4afb20 <_data_lma+0x4a9060>
    2ba4:	9522                	add	a0,a0,s0
    2ba6:	8d79                	and	a0,a0,a4
    2ba8:	41755493          	srai	s1,a0,0x17
    2bac:	94b6                	add	s1,s1,a3
    2bae:	3f8006b7          	lui	a3,0x3f800
    2bb2:	8d35                	xor	a0,a0,a3
    2bb4:	1fffd597          	auipc	a1,0x1fffd
    2bb8:	5585a583          	lw	a1,1368(a1) # 2000010c <_impure_ptr+0x14>
    2bbc:	8d41                	or	a0,a0,s0
    2bbe:	1f4020ef          	jal	ra,4db2 <__subsf3>
    2bc2:	00800737          	lui	a4,0x800
    2bc6:	00f40693          	addi	a3,s0,15
    2bca:	1741                	addi	a4,a4,-16 # 7ffff0 <_data_lma+0x7f9530>
    2bcc:	c02a                	sw	a0,0(sp)
    2bce:	8f75                	and	a4,a4,a3
    2bd0:	eb45                	bnez	a4,2c80 <__ieee754_logf+0x160>
    2bd2:	00000593          	li	a1,0
    2bd6:	573010ef          	jal	ra,4948 <__eqsf2>
    2bda:	e90d                	bnez	a0,2c0c <__ieee754_logf+0xec>
    2bdc:	00000513          	li	a0,0
    2be0:	d0a5                	beqz	s1,2b40 <__ieee754_logf+0x20>
    2be2:	8526                	mv	a0,s1
    2be4:	5dc020ef          	jal	ra,51c0 <__floatsisf>
    2be8:	1fffd597          	auipc	a1,0x1fffd
    2bec:	5285a583          	lw	a1,1320(a1) # 20000110 <_impure_ptr+0x18>
    2bf0:	84aa                	mv	s1,a0
    2bf2:	6e1010ef          	jal	ra,4ad2 <__mulsf3>
    2bf6:	842a                	mv	s0,a0
    2bf8:	1fffd597          	auipc	a1,0x1fffd
    2bfc:	51c5a583          	lw	a1,1308(a1) # 20000114 <_impure_ptr+0x1c>
    2c00:	8526                	mv	a0,s1
    2c02:	6d1010ef          	jal	ra,4ad2 <__mulsf3>
    2c06:	85aa                	mv	a1,a0
    2c08:	8522                	mv	a0,s0
    2c0a:	bfb1                	j	2b66 <__ieee754_logf+0x46>
    2c0c:	4502                	lw	a0,0(sp)
    2c0e:	1fffd597          	auipc	a1,0x1fffd
    2c12:	50a5a583          	lw	a1,1290(a1) # 20000118 <_impure_ptr+0x20>
    2c16:	6bd010ef          	jal	ra,4ad2 <__mulsf3>
    2c1a:	85aa                	mv	a1,a0
    2c1c:	1fffd517          	auipc	a0,0x1fffd
    2c20:	50052503          	lw	a0,1280(a0) # 2000011c <_impure_ptr+0x24>
    2c24:	18e020ef          	jal	ra,4db2 <__subsf3>
    2c28:	4582                	lw	a1,0(sp)
    2c2a:	842a                	mv	s0,a0
    2c2c:	852e                	mv	a0,a1
    2c2e:	6a5010ef          	jal	ra,4ad2 <__mulsf3>
    2c32:	85aa                	mv	a1,a0
    2c34:	8522                	mv	a0,s0
    2c36:	69d010ef          	jal	ra,4ad2 <__mulsf3>
    2c3a:	c22a                	sw	a0,4(sp)
    2c3c:	e481                	bnez	s1,2c44 <__ieee754_logf+0x124>
    2c3e:	85aa                	mv	a1,a0
    2c40:	4502                	lw	a0,0(sp)
    2c42:	a825                	j	2c7a <__ieee754_logf+0x15a>
    2c44:	8526                	mv	a0,s1
    2c46:	57a020ef          	jal	ra,51c0 <__floatsisf>
    2c4a:	1fffd597          	auipc	a1,0x1fffd
    2c4e:	4c65a583          	lw	a1,1222(a1) # 20000110 <_impure_ptr+0x18>
    2c52:	84aa                	mv	s1,a0
    2c54:	67f010ef          	jal	ra,4ad2 <__mulsf3>
    2c58:	842a                	mv	s0,a0
    2c5a:	1fffd597          	auipc	a1,0x1fffd
    2c5e:	4ba5a583          	lw	a1,1210(a1) # 20000114 <_impure_ptr+0x1c>
    2c62:	8526                	mv	a0,s1
    2c64:	66f010ef          	jal	ra,4ad2 <__mulsf3>
    2c68:	85aa                	mv	a1,a0
    2c6a:	4512                	lw	a0,4(sp)
    2c6c:	146020ef          	jal	ra,4db2 <__subsf3>
    2c70:	4582                	lw	a1,0(sp)
    2c72:	140020ef          	jal	ra,4db2 <__subsf3>
    2c76:	85aa                	mv	a1,a0
    2c78:	8522                	mv	a0,s0
    2c7a:	138020ef          	jal	ra,4db2 <__subsf3>
    2c7e:	b5c9                	j	2b40 <__ieee754_logf+0x20>
    2c80:	1fffd597          	auipc	a1,0x1fffd
    2c84:	4a05a583          	lw	a1,1184(a1) # 20000120 <_impure_ptr+0x28>
    2c88:	61e010ef          	jal	ra,42a6 <__addsf3>
    2c8c:	85aa                	mv	a1,a0
    2c8e:	4502                	lw	a0,0(sp)
    2c90:	175010ef          	jal	ra,4604 <__divsf3>
    2c94:	c42a                	sw	a0,8(sp)
    2c96:	8526                	mv	a0,s1
    2c98:	528020ef          	jal	ra,51c0 <__floatsisf>
    2c9c:	45a2                	lw	a1,8(sp)
    2c9e:	c62a                	sw	a0,12(sp)
    2ca0:	852e                	mv	a0,a1
    2ca2:	631010ef          	jal	ra,4ad2 <__mulsf3>
    2ca6:	ffcf66b7          	lui	a3,0xffcf6
    2caa:	c3068693          	addi	a3,a3,-976 # ffcf5c30 <_eusrstack+0xdfcf3c30>
    2cae:	96a2                	add	a3,a3,s0
    2cb0:	85aa                	mv	a1,a0
    2cb2:	ca36                	sw	a3,20(sp)
    2cb4:	c82a                	sw	a0,16(sp)
    2cb6:	61d010ef          	jal	ra,4ad2 <__mulsf3>
    2cba:	1fffd597          	auipc	a1,0x1fffd
    2cbe:	46a5a583          	lw	a1,1130(a1) # 20000124 <_impure_ptr+0x2c>
    2cc2:	c22a                	sw	a0,4(sp)
    2cc4:	60f010ef          	jal	ra,4ad2 <__mulsf3>
    2cc8:	1fffd597          	auipc	a1,0x1fffd
    2ccc:	4605a583          	lw	a1,1120(a1) # 20000128 <_impure_ptr+0x30>
    2cd0:	5d6010ef          	jal	ra,42a6 <__addsf3>
    2cd4:	4592                	lw	a1,4(sp)
    2cd6:	5fd010ef          	jal	ra,4ad2 <__mulsf3>
    2cda:	1fffd597          	auipc	a1,0x1fffd
    2cde:	4525a583          	lw	a1,1106(a1) # 2000012c <_impure_ptr+0x34>
    2ce2:	5c4010ef          	jal	ra,42a6 <__addsf3>
    2ce6:	4592                	lw	a1,4(sp)
    2ce8:	5eb010ef          	jal	ra,4ad2 <__mulsf3>
    2cec:	1fffd597          	auipc	a1,0x1fffd
    2cf0:	4445a583          	lw	a1,1092(a1) # 20000130 <_impure_ptr+0x38>
    2cf4:	5b2010ef          	jal	ra,42a6 <__addsf3>
    2cf8:	45c2                	lw	a1,16(sp)
    2cfa:	5d9010ef          	jal	ra,4ad2 <__mulsf3>
    2cfe:	c82a                	sw	a0,16(sp)
    2d00:	4512                	lw	a0,4(sp)
    2d02:	1fffd597          	auipc	a1,0x1fffd
    2d06:	4325a583          	lw	a1,1074(a1) # 20000134 <_impure_ptr+0x3c>
    2d0a:	5c9010ef          	jal	ra,4ad2 <__mulsf3>
    2d0e:	1fffd597          	auipc	a1,0x1fffd
    2d12:	42a5a583          	lw	a1,1066(a1) # 20000138 <_impure_ptr+0x40>
    2d16:	590010ef          	jal	ra,42a6 <__addsf3>
    2d1a:	4592                	lw	a1,4(sp)
    2d1c:	5b7010ef          	jal	ra,4ad2 <__mulsf3>
    2d20:	1fffd597          	auipc	a1,0x1fffd
    2d24:	41c5a583          	lw	a1,1052(a1) # 2000013c <_impure_ptr+0x44>
    2d28:	57e010ef          	jal	ra,42a6 <__addsf3>
    2d2c:	4592                	lw	a1,4(sp)
    2d2e:	5a5010ef          	jal	ra,4ad2 <__mulsf3>
    2d32:	85aa                	mv	a1,a0
    2d34:	4542                	lw	a0,16(sp)
    2d36:	570010ef          	jal	ra,42a6 <__addsf3>
    2d3a:	46d2                	lw	a3,20(sp)
    2d3c:	0035c737          	lui	a4,0x35c
    2d40:	28870713          	addi	a4,a4,648 # 35c288 <_data_lma+0x3557c8>
    2d44:	408707b3          	sub	a5,a4,s0
    2d48:	c22a                	sw	a0,4(sp)
    2d4a:	8fd5                	or	a5,a5,a3
    2d4c:	06f05763          	blez	a5,2dba <__ieee754_logf+0x29a>
    2d50:	4502                	lw	a0,0(sp)
    2d52:	1fffd597          	auipc	a1,0x1fffd
    2d56:	3ca5a583          	lw	a1,970(a1) # 2000011c <_impure_ptr+0x24>
    2d5a:	579010ef          	jal	ra,4ad2 <__mulsf3>
    2d5e:	4582                	lw	a1,0(sp)
    2d60:	573010ef          	jal	ra,4ad2 <__mulsf3>
    2d64:	85aa                	mv	a1,a0
    2d66:	842a                	mv	s0,a0
    2d68:	4512                	lw	a0,4(sp)
    2d6a:	53c010ef          	jal	ra,42a6 <__addsf3>
    2d6e:	45a2                	lw	a1,8(sp)
    2d70:	563010ef          	jal	ra,4ad2 <__mulsf3>
    2d74:	c22a                	sw	a0,4(sp)
    2d76:	e491                	bnez	s1,2d82 <__ieee754_logf+0x262>
    2d78:	85aa                	mv	a1,a0
    2d7a:	8522                	mv	a0,s0
    2d7c:	036020ef          	jal	ra,4db2 <__subsf3>
    2d80:	bd7d                	j	2c3e <__ieee754_logf+0x11e>
    2d82:	4532                	lw	a0,12(sp)
    2d84:	1fffd597          	auipc	a1,0x1fffd
    2d88:	38c5a583          	lw	a1,908(a1) # 20000110 <_impure_ptr+0x18>
    2d8c:	547010ef          	jal	ra,4ad2 <__mulsf3>
    2d90:	84aa                	mv	s1,a0
    2d92:	4532                	lw	a0,12(sp)
    2d94:	1fffd597          	auipc	a1,0x1fffd
    2d98:	3805a583          	lw	a1,896(a1) # 20000114 <_impure_ptr+0x1c>
    2d9c:	537010ef          	jal	ra,4ad2 <__mulsf3>
    2da0:	4592                	lw	a1,4(sp)
    2da2:	504010ef          	jal	ra,42a6 <__addsf3>
    2da6:	85aa                	mv	a1,a0
    2da8:	8522                	mv	a0,s0
    2daa:	008020ef          	jal	ra,4db2 <__subsf3>
    2dae:	4582                	lw	a1,0(sp)
    2db0:	002020ef          	jal	ra,4db2 <__subsf3>
    2db4:	85aa                	mv	a1,a0
    2db6:	8526                	mv	a0,s1
    2db8:	b5c9                	j	2c7a <__ieee754_logf+0x15a>
    2dba:	4592                	lw	a1,4(sp)
    2dbc:	4502                	lw	a0,0(sp)
    2dbe:	7f5010ef          	jal	ra,4db2 <__subsf3>
    2dc2:	45a2                	lw	a1,8(sp)
    2dc4:	50f010ef          	jal	ra,4ad2 <__mulsf3>
    2dc8:	842a                	mv	s0,a0
    2dca:	e099                	bnez	s1,2dd0 <__ieee754_logf+0x2b0>
    2dcc:	85aa                	mv	a1,a0
    2dce:	bd8d                	j	2c40 <__ieee754_logf+0x120>
    2dd0:	4532                	lw	a0,12(sp)
    2dd2:	1fffd597          	auipc	a1,0x1fffd
    2dd6:	33e5a583          	lw	a1,830(a1) # 20000110 <_impure_ptr+0x18>
    2dda:	4f9010ef          	jal	ra,4ad2 <__mulsf3>
    2dde:	84aa                	mv	s1,a0
    2de0:	4532                	lw	a0,12(sp)
    2de2:	1fffd597          	auipc	a1,0x1fffd
    2de6:	3325a583          	lw	a1,818(a1) # 20000114 <_impure_ptr+0x1c>
    2dea:	4e9010ef          	jal	ra,4ad2 <__mulsf3>
    2dee:	bf65                	j	2da6 <__ieee754_logf+0x286>

00002df0 <nanf>:
    2df0:	1fffd517          	auipc	a0,0x1fffd
    2df4:	35052503          	lw	a0,848(a0) # 20000140 <_impure_ptr+0x48>
    2df8:	8082                	ret

00002dfa <__adddf3>:
    2dfa:	001007b7          	lui	a5,0x100
    2dfe:	1131                	addi	sp,sp,-20
    2e00:	17fd                	addi	a5,a5,-1 # fffff <_data_lma+0xf953f>
    2e02:	00b7f733          	and	a4,a5,a1
    2e06:	0146d313          	srli	t1,a3,0x14
    2e0a:	8ff5                	and	a5,a5,a3
    2e0c:	c622                	sw	s0,12(sp)
    2e0e:	0145d413          	srli	s0,a1,0x14
    2e12:	01d55393          	srli	t2,a0,0x1d
    2e16:	01d65293          	srli	t0,a2,0x1d
    2e1a:	c426                	sw	s1,8(sp)
    2e1c:	070e                	slli	a4,a4,0x3
    2e1e:	078e                	slli	a5,a5,0x3
    2e20:	01f5d493          	srli	s1,a1,0x1f
    2e24:	7ff47413          	andi	s0,s0,2047
    2e28:	7ff37313          	andi	t1,t1,2047
    2e2c:	c806                	sw	ra,16(sp)
    2e2e:	82fd                	srli	a3,a3,0x1f
    2e30:	00e3e733          	or	a4,t2,a4
    2e34:	00f2e7b3          	or	a5,t0,a5
    2e38:	00351593          	slli	a1,a0,0x3
    2e3c:	00361293          	slli	t0,a2,0x3
    2e40:	406403b3          	sub	t2,s0,t1
    2e44:	18d48363          	beq	s1,a3,2fca <__adddf3+0x1d0>
    2e48:	10705b63          	blez	t2,2f5e <__adddf3+0x164>
    2e4c:	20030563          	beqz	t1,3056 <__adddf3+0x25c>
    2e50:	7ff00693          	li	a3,2047
    2e54:	52d40c63          	beq	s0,a3,338c <__adddf3+0x592>
    2e58:	03800693          	li	a3,56
    2e5c:	4605                	li	a2,1
    2e5e:	0276ca63          	blt	a3,t2,2e92 <__adddf3+0x98>
    2e62:	008006b7          	lui	a3,0x800
    2e66:	8fd5                	or	a5,a5,a3
    2e68:	46fd                	li	a3,31
    2e6a:	4476c163          	blt	a3,t2,32ac <__adddf3+0x4b2>
    2e6e:	02000693          	li	a3,32
    2e72:	407686b3          	sub	a3,a3,t2
    2e76:	00d79633          	sll	a2,a5,a3
    2e7a:	0072d533          	srl	a0,t0,t2
    2e7e:	00d296b3          	sll	a3,t0,a3
    2e82:	8e49                	or	a2,a2,a0
    2e84:	00d036b3          	snez	a3,a3
    2e88:	0077d3b3          	srl	t2,a5,t2
    2e8c:	8e55                	or	a2,a2,a3
    2e8e:	40770733          	sub	a4,a4,t2
    2e92:	40c58633          	sub	a2,a1,a2
    2e96:	00c5b5b3          	sltu	a1,a1,a2
    2e9a:	8f0d                	sub	a4,a4,a1
    2e9c:	008007b7          	lui	a5,0x800
    2ea0:	00f776b3          	and	a3,a4,a5
    2ea4:	24068663          	beqz	a3,30f0 <__adddf3+0x2f6>
    2ea8:	17fd                	addi	a5,a5,-1 # 7fffff <_data_lma+0x7f953f>
    2eaa:	8f7d                	and	a4,a4,a5
    2eac:	2a070663          	beqz	a4,3158 <__adddf3+0x35e>
    2eb0:	853a                	mv	a0,a4
    2eb2:	c232                	sw	a2,4(sp)
    2eb4:	c03a                	sw	a4,0(sp)
    2eb6:	6a6020ef          	jal	ra,555c <__clzsi2>
    2eba:	4702                	lw	a4,0(sp)
    2ebc:	4612                	lw	a2,4(sp)
    2ebe:	ff850693          	addi	a3,a0,-8
    2ec2:	02000793          	li	a5,32
    2ec6:	40d785b3          	sub	a1,a5,a3
    2eca:	00b655b3          	srl	a1,a2,a1
    2ece:	00d71733          	sll	a4,a4,a3
    2ed2:	8dd9                	or	a1,a1,a4
    2ed4:	00d61633          	sll	a2,a2,a3
    2ed8:	3286cd63          	blt	a3,s0,3212 <__adddf3+0x418>
    2edc:	8e81                	sub	a3,a3,s0
    2ede:	0685                	addi	a3,a3,1 # 800001 <_data_lma+0x7f9541>
    2ee0:	8f95                	sub	a5,a5,a3
    2ee2:	00f61533          	sll	a0,a2,a5
    2ee6:	00d65733          	srl	a4,a2,a3
    2eea:	00a03533          	snez	a0,a0
    2eee:	8d59                	or	a0,a0,a4
    2ef0:	00f597b3          	sll	a5,a1,a5
    2ef4:	00a7e633          	or	a2,a5,a0
    2ef8:	00d5d733          	srl	a4,a1,a3
    2efc:	4401                	li	s0,0
    2efe:	00767793          	andi	a5,a2,7
    2f02:	cf81                	beqz	a5,2f1a <__adddf3+0x120>
    2f04:	00f67793          	andi	a5,a2,15
    2f08:	4691                	li	a3,4
    2f0a:	00d78863          	beq	a5,a3,2f1a <__adddf3+0x120>
    2f0e:	00460793          	addi	a5,a2,4
    2f12:	00c7b633          	sltu	a2,a5,a2
    2f16:	9732                	add	a4,a4,a2
    2f18:	863e                	mv	a2,a5
    2f1a:	008007b7          	lui	a5,0x800
    2f1e:	8ff9                	and	a5,a5,a4
    2f20:	28078963          	beqz	a5,31b2 <__adddf3+0x3b8>
    2f24:	0405                	addi	s0,s0,1
    2f26:	7ff00793          	li	a5,2047
    2f2a:	1af40d63          	beq	s0,a5,30e4 <__adddf3+0x2ea>
    2f2e:	ff8007b7          	lui	a5,0xff800
    2f32:	17fd                	addi	a5,a5,-1 # ff7fffff <_eusrstack+0xdf7fdfff>
    2f34:	8ff9                	and	a5,a5,a4
    2f36:	01d79313          	slli	t1,a5,0x1d
    2f3a:	820d                	srli	a2,a2,0x3
    2f3c:	07a6                	slli	a5,a5,0x9
    2f3e:	00c36333          	or	t1,t1,a2
    2f42:	83b1                	srli	a5,a5,0xc
    2f44:	7ff47413          	andi	s0,s0,2047
    2f48:	85a6                	mv	a1,s1
    2f4a:	0452                	slli	s0,s0,0x14
    2f4c:	8c5d                	or	s0,s0,a5
    2f4e:	05fe                	slli	a1,a1,0x1f
    2f50:	40c2                	lw	ra,16(sp)
    2f52:	8dc1                	or	a1,a1,s0
    2f54:	4432                	lw	s0,12(sp)
    2f56:	44a2                	lw	s1,8(sp)
    2f58:	851a                	mv	a0,t1
    2f5a:	0151                	addi	sp,sp,20
    2f5c:	8082                	ret
    2f5e:	10038f63          	beqz	t2,307c <__adddf3+0x282>
    2f62:	408303b3          	sub	t2,t1,s0
    2f66:	32041663          	bnez	s0,3292 <__adddf3+0x498>
    2f6a:	00b76533          	or	a0,a4,a1
    2f6e:	28050b63          	beqz	a0,3204 <__adddf3+0x40a>
    2f72:	fff38513          	addi	a0,t2,-1
    2f76:	4a050663          	beqz	a0,3422 <__adddf3+0x628>
    2f7a:	7ff00413          	li	s0,2047
    2f7e:	44838463          	beq	t2,s0,33c6 <__adddf3+0x5cc>
    2f82:	03800393          	li	t2,56
    2f86:	4605                	li	a2,1
    2f88:	02a3c863          	blt	t2,a0,2fb8 <__adddf3+0x1be>
    2f8c:	83aa                	mv	t2,a0
    2f8e:	467d                	li	a2,31
    2f90:	46764063          	blt	a2,t2,33f0 <__adddf3+0x5f6>
    2f94:	02000513          	li	a0,32
    2f98:	40750533          	sub	a0,a0,t2
    2f9c:	00a71633          	sll	a2,a4,a0
    2fa0:	0075d433          	srl	s0,a1,t2
    2fa4:	00a59533          	sll	a0,a1,a0
    2fa8:	8e41                	or	a2,a2,s0
    2faa:	00a03533          	snez	a0,a0
    2fae:	007753b3          	srl	t2,a4,t2
    2fb2:	8e49                	or	a2,a2,a0
    2fb4:	407787b3          	sub	a5,a5,t2
    2fb8:	40c28633          	sub	a2,t0,a2
    2fbc:	00c2b2b3          	sltu	t0,t0,a2
    2fc0:	40578733          	sub	a4,a5,t0
    2fc4:	841a                	mv	s0,t1
    2fc6:	84b6                	mv	s1,a3
    2fc8:	bdd1                	j	2e9c <__adddf3+0xa2>
    2fca:	12705863          	blez	t2,30fa <__adddf3+0x300>
    2fce:	0e031e63          	bnez	t1,30ca <__adddf3+0x2d0>
    2fd2:	0057e6b3          	or	a3,a5,t0
    2fd6:	22068a63          	beqz	a3,320a <__adddf3+0x410>
    2fda:	fff38613          	addi	a2,t2,-1
    2fde:	36060e63          	beqz	a2,335a <__adddf3+0x560>
    2fe2:	7ff00693          	li	a3,2047
    2fe6:	46d38463          	beq	t2,a3,344e <__adddf3+0x654>
    2fea:	03800513          	li	a0,56
    2fee:	4685                	li	a3,1
    2ff0:	02c54763          	blt	a0,a2,301e <__adddf3+0x224>
    2ff4:	83b2                	mv	t2,a2
    2ff6:	46fd                	li	a3,31
    2ff8:	3a76c363          	blt	a3,t2,339e <__adddf3+0x5a4>
    2ffc:	02000613          	li	a2,32
    3000:	40760633          	sub	a2,a2,t2
    3004:	00c796b3          	sll	a3,a5,a2
    3008:	0072d533          	srl	a0,t0,t2
    300c:	00c29633          	sll	a2,t0,a2
    3010:	8ec9                	or	a3,a3,a0
    3012:	00c03633          	snez	a2,a2
    3016:	0077d3b3          	srl	t2,a5,t2
    301a:	8ed1                	or	a3,a3,a2
    301c:	971e                	add	a4,a4,t2
    301e:	00b68633          	add	a2,a3,a1
    3022:	00d636b3          	sltu	a3,a2,a3
    3026:	9736                	add	a4,a4,a3
    3028:	008007b7          	lui	a5,0x800
    302c:	8ff9                	and	a5,a5,a4
    302e:	c3e9                	beqz	a5,30f0 <__adddf3+0x2f6>
    3030:	0405                	addi	s0,s0,1
    3032:	7ff00793          	li	a5,2047
    3036:	0af40763          	beq	s0,a5,30e4 <__adddf3+0x2ea>
    303a:	ff8007b7          	lui	a5,0xff800
    303e:	17fd                	addi	a5,a5,-1 # ff7fffff <_eusrstack+0xdf7fdfff>
    3040:	8ff9                	and	a5,a5,a4
    3042:	00165713          	srli	a4,a2,0x1
    3046:	8a05                	andi	a2,a2,1
    3048:	8f51                	or	a4,a4,a2
    304a:	01f79613          	slli	a2,a5,0x1f
    304e:	8e59                	or	a2,a2,a4
    3050:	0017d713          	srli	a4,a5,0x1
    3054:	b56d                	j	2efe <__adddf3+0x104>
    3056:	0057e6b3          	or	a3,a5,t0
    305a:	1a068863          	beqz	a3,320a <__adddf3+0x410>
    305e:	fff38693          	addi	a3,t2,-1
    3062:	30068b63          	beqz	a3,3378 <__adddf3+0x57e>
    3066:	7ff00613          	li	a2,2047
    306a:	16c38863          	beq	t2,a2,31da <__adddf3+0x3e0>
    306e:	03800513          	li	a0,56
    3072:	4605                	li	a2,1
    3074:	e0d54fe3          	blt	a0,a3,2e92 <__adddf3+0x98>
    3078:	83b6                	mv	t2,a3
    307a:	b3fd                	j	2e68 <__adddf3+0x6e>
    307c:	00140313          	addi	t1,s0,1
    3080:	7fe37313          	andi	t1,t1,2046
    3084:	1e031063          	bnez	t1,3264 <__adddf3+0x46a>
    3088:	00b763b3          	or	t2,a4,a1
    308c:	0057e333          	or	t1,a5,t0
    3090:	2a041b63          	bnez	s0,3346 <__adddf3+0x54c>
    3094:	3a038163          	beqz	t2,3436 <__adddf3+0x63c>
    3098:	3c030563          	beqz	t1,3462 <__adddf3+0x668>
    309c:	40558633          	sub	a2,a1,t0
    30a0:	00c5b533          	sltu	a0,a1,a2
    30a4:	40f703b3          	sub	t2,a4,a5
    30a8:	40a383b3          	sub	t2,t2,a0
    30ac:	00800537          	lui	a0,0x800
    30b0:	00a3f533          	and	a0,t2,a0
    30b4:	40050c63          	beqz	a0,34cc <__adddf3+0x6d2>
    30b8:	40b28633          	sub	a2,t0,a1
    30bc:	8f99                	sub	a5,a5,a4
    30be:	00c2b2b3          	sltu	t0,t0,a2
    30c2:	40578733          	sub	a4,a5,t0
    30c6:	84b6                	mv	s1,a3
    30c8:	bd1d                	j	2efe <__adddf3+0x104>
    30ca:	7ff00693          	li	a3,2047
    30ce:	10d40663          	beq	s0,a3,31da <__adddf3+0x3e0>
    30d2:	03800613          	li	a2,56
    30d6:	4685                	li	a3,1
    30d8:	f47643e3          	blt	a2,t2,301e <__adddf3+0x224>
    30dc:	008006b7          	lui	a3,0x800
    30e0:	8fd5                	or	a5,a5,a3
    30e2:	bf11                	j	2ff6 <__adddf3+0x1fc>
    30e4:	85a6                	mv	a1,s1
    30e6:	7ff00413          	li	s0,2047
    30ea:	4781                	li	a5,0
    30ec:	4301                	li	t1,0
    30ee:	bdb1                	j	2f4a <__adddf3+0x150>
    30f0:	00767513          	andi	a0,a2,7
    30f4:	e00518e3          	bnez	a0,2f04 <__adddf3+0x10a>
    30f8:	a29d                	j	325e <__adddf3+0x464>
    30fa:	12038263          	beqz	t2,321e <__adddf3+0x424>
    30fe:	408303b3          	sub	t2,t1,s0
    3102:	1c040963          	beqz	s0,32d4 <__adddf3+0x4da>
    3106:	7ff00693          	li	a3,2047
    310a:	2cd30963          	beq	t1,a3,33dc <__adddf3+0x5e2>
    310e:	03800613          	li	a2,56
    3112:	4685                	li	a3,1
    3114:	02764a63          	blt	a2,t2,3148 <__adddf3+0x34e>
    3118:	008006b7          	lui	a3,0x800
    311c:	8f55                	or	a4,a4,a3
    311e:	46fd                	li	a3,31
    3120:	3876c363          	blt	a3,t2,34a6 <__adddf3+0x6ac>
    3124:	02000693          	li	a3,32
    3128:	407686b3          	sub	a3,a3,t2
    312c:	0075d433          	srl	s0,a1,t2
    3130:	00d59633          	sll	a2,a1,a3
    3134:	00d71533          	sll	a0,a4,a3
    3138:	008566b3          	or	a3,a0,s0
    313c:	00c03633          	snez	a2,a2
    3140:	007753b3          	srl	t2,a4,t2
    3144:	8ed1                	or	a3,a3,a2
    3146:	979e                	add	a5,a5,t2
    3148:	00568633          	add	a2,a3,t0
    314c:	00d636b3          	sltu	a3,a2,a3
    3150:	00f68733          	add	a4,a3,a5
    3154:	841a                	mv	s0,t1
    3156:	bdc9                	j	3028 <__adddf3+0x22e>
    3158:	8532                	mv	a0,a2
    315a:	c23a                	sw	a4,4(sp)
    315c:	c032                	sw	a2,0(sp)
    315e:	3fe020ef          	jal	ra,555c <__clzsi2>
    3162:	01850693          	addi	a3,a0,24 # 800018 <_data_lma+0x7f9558>
    3166:	47fd                	li	a5,31
    3168:	4602                	lw	a2,0(sp)
    316a:	4712                	lw	a4,4(sp)
    316c:	d4d7dbe3          	bge	a5,a3,2ec2 <__adddf3+0xc8>
    3170:	ff850593          	addi	a1,a0,-8
    3174:	00b615b3          	sll	a1,a2,a1
    3178:	1886c063          	blt	a3,s0,32f8 <__adddf3+0x4fe>
    317c:	40868633          	sub	a2,a3,s0
    3180:	00160693          	addi	a3,a2,1
    3184:	36d7d463          	bge	a5,a3,34ec <__adddf3+0x6f2>
    3188:	1605                	addi	a2,a2,-31
    318a:	02000793          	li	a5,32
    318e:	00c5d633          	srl	a2,a1,a2
    3192:	00f68a63          	beq	a3,a5,31a6 <__adddf3+0x3ac>
    3196:	04000793          	li	a5,64
    319a:	8f95                	sub	a5,a5,a3
    319c:	00f597b3          	sll	a5,a1,a5
    31a0:	00f037b3          	snez	a5,a5
    31a4:	8e5d                	or	a2,a2,a5
    31a6:	00767513          	andi	a0,a2,7
    31aa:	4401                	li	s0,0
    31ac:	d4051ce3          	bnez	a0,2f04 <__adddf3+0x10a>
    31b0:	a07d                	j	325e <__adddf3+0x464>
    31b2:	00365313          	srli	t1,a2,0x3
    31b6:	01d71793          	slli	a5,a4,0x1d
    31ba:	7ff00693          	li	a3,2047
    31be:	0067e333          	or	t1,a5,t1
    31c2:	00375793          	srli	a5,a4,0x3
    31c6:	02d40463          	beq	s0,a3,31ee <__adddf3+0x3f4>
    31ca:	07b2                	slli	a5,a5,0xc
    31cc:	83b1                	srli	a5,a5,0xc
    31ce:	7ff47413          	andi	s0,s0,2047
    31d2:	85a6                	mv	a1,s1
    31d4:	bb9d                	j	2f4a <__adddf3+0x150>
    31d6:	02031063          	bnez	t1,31f6 <__adddf3+0x3fc>
    31da:	00351313          	slli	t1,a0,0x3
    31de:	01d71793          	slli	a5,a4,0x1d
    31e2:	00335313          	srli	t1,t1,0x3
    31e6:	00f36333          	or	t1,t1,a5
    31ea:	00375793          	srli	a5,a4,0x3
    31ee:	00f367b3          	or	a5,t1,a5
    31f2:	ee0789e3          	beqz	a5,30e4 <__adddf3+0x2ea>
    31f6:	4581                	li	a1,0
    31f8:	7ff00413          	li	s0,2047
    31fc:	000807b7          	lui	a5,0x80
    3200:	4301                	li	t1,0
    3202:	b3a1                	j	2f4a <__adddf3+0x150>
    3204:	8596                	mv	a1,t0
    3206:	873e                	mv	a4,a5
    3208:	84b6                	mv	s1,a3
    320a:	0035d313          	srli	t1,a1,0x3
    320e:	841e                	mv	s0,t2
    3210:	b75d                	j	31b6 <__adddf3+0x3bc>
    3212:	ff800737          	lui	a4,0xff800
    3216:	177d                	addi	a4,a4,-1 # ff7fffff <_eusrstack+0xdf7fdfff>
    3218:	8c15                	sub	s0,s0,a3
    321a:	8f6d                	and	a4,a4,a1
    321c:	b1cd                	j	2efe <__adddf3+0x104>
    321e:	00140693          	addi	a3,s0,1
    3222:	7fe6f313          	andi	t1,a3,2046
    3226:	0e031263          	bnez	t1,330a <__adddf3+0x510>
    322a:	00b766b3          	or	a3,a4,a1
    322e:	1e041463          	bnez	s0,3416 <__adddf3+0x61c>
    3232:	24068563          	beqz	a3,347c <__adddf3+0x682>
    3236:	0057e6b3          	or	a3,a5,t0
    323a:	24068b63          	beqz	a3,3490 <__adddf3+0x696>
    323e:	00558633          	add	a2,a1,t0
    3242:	97ba                	add	a5,a5,a4
    3244:	00b635b3          	sltu	a1,a2,a1
    3248:	00b78733          	add	a4,a5,a1
    324c:	00800537          	lui	a0,0x800
    3250:	8d79                	and	a0,a0,a4
    3252:	c511                	beqz	a0,325e <__adddf3+0x464>
    3254:	ff8007b7          	lui	a5,0xff800
    3258:	17fd                	addi	a5,a5,-1 # ff7fffff <_eusrstack+0xdf7fdfff>
    325a:	8f7d                	and	a4,a4,a5
    325c:	4405                	li	s0,1
    325e:	85b2                	mv	a1,a2
    3260:	83a2                	mv	t2,s0
    3262:	b765                	j	320a <__adddf3+0x410>
    3264:	40558633          	sub	a2,a1,t0
    3268:	00c5b333          	sltu	t1,a1,a2
    326c:	40f70533          	sub	a0,a4,a5
    3270:	40650533          	sub	a0,a0,t1
    3274:	00800337          	lui	t1,0x800
    3278:	00657333          	and	t1,a0,t1
    327c:	0a031c63          	bnez	t1,3334 <__adddf3+0x53a>
    3280:	00a66333          	or	t1,a2,a0
    3284:	872a                	mv	a4,a0
    3286:	c20313e3          	bnez	t1,2eac <__adddf3+0xb2>
    328a:	4581                	li	a1,0
    328c:	4401                	li	s0,0
    328e:	4781                	li	a5,0
    3290:	b96d                	j	2f4a <__adddf3+0x150>
    3292:	7ff00513          	li	a0,2047
    3296:	12a30863          	beq	t1,a0,33c6 <__adddf3+0x5cc>
    329a:	03800513          	li	a0,56
    329e:	4605                	li	a2,1
    32a0:	d0754ce3          	blt	a0,t2,2fb8 <__adddf3+0x1be>
    32a4:	00800637          	lui	a2,0x800
    32a8:	8f51                	or	a4,a4,a2
    32aa:	b1d5                	j	2f8e <__adddf3+0x194>
    32ac:	fe038693          	addi	a3,t2,-32
    32b0:	02000613          	li	a2,32
    32b4:	00d7d6b3          	srl	a3,a5,a3
    32b8:	00c38a63          	beq	t2,a2,32cc <__adddf3+0x4d2>
    32bc:	04000613          	li	a2,64
    32c0:	40760633          	sub	a2,a2,t2
    32c4:	00c797b3          	sll	a5,a5,a2
    32c8:	00f2e2b3          	or	t0,t0,a5
    32cc:	00503633          	snez	a2,t0
    32d0:	8e55                	or	a2,a2,a3
    32d2:	b6c1                	j	2e92 <__adddf3+0x98>
    32d4:	00b766b3          	or	a3,a4,a1
    32d8:	18068f63          	beqz	a3,3476 <__adddf3+0x67c>
    32dc:	fff38513          	addi	a0,t2,-1
    32e0:	cd2d                	beqz	a0,335a <__adddf3+0x560>
    32e2:	7ff00693          	li	a3,2047
    32e6:	0ed38b63          	beq	t2,a3,33dc <__adddf3+0x5e2>
    32ea:	03800613          	li	a2,56
    32ee:	4685                	li	a3,1
    32f0:	e4a64ce3          	blt	a2,a0,3148 <__adddf3+0x34e>
    32f4:	83aa                	mv	t2,a0
    32f6:	b525                	j	311e <__adddf3+0x324>
    32f8:	ff8007b7          	lui	a5,0xff800
    32fc:	17fd                	addi	a5,a5,-1 # ff7fffff <_eusrstack+0xdf7fdfff>
    32fe:	8fed                	and	a5,a5,a1
    3300:	01d79313          	slli	t1,a5,0x1d
    3304:	8c15                	sub	s0,s0,a3
    3306:	838d                	srli	a5,a5,0x3
    3308:	b5c9                	j	31ca <__adddf3+0x3d0>
    330a:	7ff00613          	li	a2,2047
    330e:	dcc68be3          	beq	a3,a2,30e4 <__adddf3+0x2ea>
    3312:	00558533          	add	a0,a1,t0
    3316:	97ba                	add	a5,a5,a4
    3318:	00b535b3          	sltu	a1,a0,a1
    331c:	97ae                	add	a5,a5,a1
    331e:	8105                	srli	a0,a0,0x1
    3320:	01f79613          	slli	a2,a5,0x1f
    3324:	8e49                	or	a2,a2,a0
    3326:	891d                	andi	a0,a0,7
    3328:	0017d713          	srli	a4,a5,0x1
    332c:	8436                	mv	s0,a3
    332e:	bc051be3          	bnez	a0,2f04 <__adddf3+0x10a>
    3332:	b735                	j	325e <__adddf3+0x464>
    3334:	40b28633          	sub	a2,t0,a1
    3338:	8f99                	sub	a5,a5,a4
    333a:	00c2b2b3          	sltu	t0,t0,a2
    333e:	40578733          	sub	a4,a5,t0
    3342:	84b6                	mv	s1,a3
    3344:	b6a5                	j	2eac <__adddf3+0xb2>
    3346:	e80398e3          	bnez	t2,31d6 <__adddf3+0x3dc>
    334a:	18031763          	bnez	t1,34d8 <__adddf3+0x6de>
    334e:	4581                	li	a1,0
    3350:	7ff00413          	li	s0,2047
    3354:	000807b7          	lui	a5,0x80
    3358:	becd                	j	2f4a <__adddf3+0x150>
    335a:	00558633          	add	a2,a1,t0
    335e:	97ba                	add	a5,a5,a4
    3360:	00b635b3          	sltu	a1,a2,a1
    3364:	00b78733          	add	a4,a5,a1
    3368:	008007b7          	lui	a5,0x800
    336c:	8ff9                	and	a5,a5,a4
    336e:	4405                	li	s0,1
    3370:	d80780e3          	beqz	a5,30f0 <__adddf3+0x2f6>
    3374:	4409                	li	s0,2
    3376:	b1d1                	j	303a <__adddf3+0x240>
    3378:	40558633          	sub	a2,a1,t0
    337c:	40f707b3          	sub	a5,a4,a5
    3380:	00c5b5b3          	sltu	a1,a1,a2
    3384:	40b78733          	sub	a4,a5,a1
    3388:	4405                	li	s0,1
    338a:	be09                	j	2e9c <__adddf3+0xa2>
    338c:	050e                	slli	a0,a0,0x3
    338e:	810d                	srli	a0,a0,0x3
    3390:	01d71313          	slli	t1,a4,0x1d
    3394:	00656333          	or	t1,a0,t1
    3398:	00375793          	srli	a5,a4,0x3
    339c:	bd89                	j	31ee <__adddf3+0x3f4>
    339e:	fe038693          	addi	a3,t2,-32
    33a2:	02000613          	li	a2,32
    33a6:	00d7d6b3          	srl	a3,a5,a3
    33aa:	00c38a63          	beq	t2,a2,33be <__adddf3+0x5c4>
    33ae:	04000613          	li	a2,64
    33b2:	40760633          	sub	a2,a2,t2
    33b6:	00c797b3          	sll	a5,a5,a2
    33ba:	00f2e2b3          	or	t0,t0,a5
    33be:	005037b3          	snez	a5,t0
    33c2:	8edd                	or	a3,a3,a5
    33c4:	b9a9                	j	301e <__adddf3+0x224>
    33c6:	00361313          	slli	t1,a2,0x3
    33ca:	01d79713          	slli	a4,a5,0x1d
    33ce:	00335313          	srli	t1,t1,0x3
    33d2:	00e36333          	or	t1,t1,a4
    33d6:	838d                	srli	a5,a5,0x3
    33d8:	84b6                	mv	s1,a3
    33da:	bd11                	j	31ee <__adddf3+0x3f4>
    33dc:	00361313          	slli	t1,a2,0x3
    33e0:	01d79713          	slli	a4,a5,0x1d
    33e4:	00335313          	srli	t1,t1,0x3
    33e8:	00e36333          	or	t1,t1,a4
    33ec:	838d                	srli	a5,a5,0x3
    33ee:	b501                	j	31ee <__adddf3+0x3f4>
    33f0:	fe038613          	addi	a2,t2,-32
    33f4:	02000413          	li	s0,32
    33f8:	00c75533          	srl	a0,a4,a2
    33fc:	00838963          	beq	t2,s0,340e <__adddf3+0x614>
    3400:	04000613          	li	a2,64
    3404:	40760633          	sub	a2,a2,t2
    3408:	00c71733          	sll	a4,a4,a2
    340c:	8dd9                	or	a1,a1,a4
    340e:	00b03633          	snez	a2,a1
    3412:	8e49                	or	a2,a2,a0
    3414:	b655                	j	2fb8 <__adddf3+0x1be>
    3416:	d2f9                	beqz	a3,33dc <__adddf3+0x5e2>
    3418:	0057e7b3          	or	a5,a5,t0
    341c:	da078fe3          	beqz	a5,31da <__adddf3+0x3e0>
    3420:	bbd9                	j	31f6 <__adddf3+0x3fc>
    3422:	40b28633          	sub	a2,t0,a1
    3426:	8f99                	sub	a5,a5,a4
    3428:	00c2b2b3          	sltu	t0,t0,a2
    342c:	40578733          	sub	a4,a5,t0
    3430:	84b6                	mv	s1,a3
    3432:	4405                	li	s0,1
    3434:	b4a5                	j	2e9c <__adddf3+0xa2>
    3436:	e4030ae3          	beqz	t1,328a <__adddf3+0x490>
    343a:	00361713          	slli	a4,a2,0x3
    343e:	01d79313          	slli	t1,a5,0x1d
    3442:	830d                	srli	a4,a4,0x3
    3444:	00e36333          	or	t1,t1,a4
    3448:	838d                	srli	a5,a5,0x3
    344a:	84b6                	mv	s1,a3
    344c:	bbbd                	j	31ca <__adddf3+0x3d0>
    344e:	00351793          	slli	a5,a0,0x3
    3452:	838d                	srli	a5,a5,0x3
    3454:	01d71313          	slli	t1,a4,0x1d
    3458:	00f36333          	or	t1,t1,a5
    345c:	00375793          	srli	a5,a4,0x3
    3460:	b379                	j	31ee <__adddf3+0x3f4>
    3462:	00351793          	slli	a5,a0,0x3
    3466:	838d                	srli	a5,a5,0x3
    3468:	01d71313          	slli	t1,a4,0x1d
    346c:	00f36333          	or	t1,t1,a5
    3470:	00375793          	srli	a5,a4,0x3
    3474:	bb99                	j	31ca <__adddf3+0x3d0>
    3476:	8596                	mv	a1,t0
    3478:	873e                	mv	a4,a5
    347a:	bb41                	j	320a <__adddf3+0x410>
    347c:	00361313          	slli	t1,a2,0x3
    3480:	01d79713          	slli	a4,a5,0x1d
    3484:	00335313          	srli	t1,t1,0x3
    3488:	00e36333          	or	t1,t1,a4
    348c:	838d                	srli	a5,a5,0x3
    348e:	bb35                	j	31ca <__adddf3+0x3d0>
    3490:	00351313          	slli	t1,a0,0x3
    3494:	01d71793          	slli	a5,a4,0x1d
    3498:	00335313          	srli	t1,t1,0x3
    349c:	00f36333          	or	t1,t1,a5
    34a0:	00375793          	srli	a5,a4,0x3
    34a4:	b31d                	j	31ca <__adddf3+0x3d0>
    34a6:	fe038613          	addi	a2,t2,-32
    34aa:	02000693          	li	a3,32
    34ae:	00c75633          	srl	a2,a4,a2
    34b2:	00d38963          	beq	t2,a3,34c4 <__adddf3+0x6ca>
    34b6:	04000693          	li	a3,64
    34ba:	407686b3          	sub	a3,a3,t2
    34be:	00d71733          	sll	a4,a4,a3
    34c2:	8dd9                	or	a1,a1,a4
    34c4:	00b036b3          	snez	a3,a1
    34c8:	8ed1                	or	a3,a3,a2
    34ca:	b9bd                	j	3148 <__adddf3+0x34e>
    34cc:	00766333          	or	t1,a2,t2
    34d0:	871e                	mv	a4,t2
    34d2:	d80316e3          	bnez	t1,325e <__adddf3+0x464>
    34d6:	bb55                	j	328a <__adddf3+0x490>
    34d8:	00361713          	slli	a4,a2,0x3
    34dc:	01d79313          	slli	t1,a5,0x1d
    34e0:	830d                	srli	a4,a4,0x3
    34e2:	00e36333          	or	t1,t1,a4
    34e6:	838d                	srli	a5,a5,0x3
    34e8:	84b6                	mv	s1,a3
    34ea:	b311                	j	31ee <__adddf3+0x3f4>
    34ec:	02000793          	li	a5,32
    34f0:	8f95                	sub	a5,a5,a3
    34f2:	4501                	li	a0,0
    34f4:	baed                	j	2eee <__adddf3+0xf4>

000034f6 <__muldf3>:
    34f6:	7179                	addi	sp,sp,-48
    34f8:	0145d713          	srli	a4,a1,0x14
    34fc:	01f5d793          	srli	a5,a1,0x1f
    3500:	d422                	sw	s0,40(sp)
    3502:	d226                	sw	s1,36(sp)
    3504:	d606                	sw	ra,44(sp)
    3506:	00c59493          	slli	s1,a1,0xc
    350a:	7ff77713          	andi	a4,a4,2047
    350e:	c43e                	sw	a5,8(sp)
    3510:	842a                	mv	s0,a0
    3512:	80b1                	srli	s1,s1,0xc
    3514:	16070a63          	beqz	a4,3688 <__muldf3+0x192>
    3518:	7ff00793          	li	a5,2047
    351c:	1af70863          	beq	a4,a5,36cc <__muldf3+0x1d6>
    3520:	048e                	slli	s1,s1,0x3
    3522:	01d55793          	srli	a5,a0,0x1d
    3526:	8fc5                	or	a5,a5,s1
    3528:	008004b7          	lui	s1,0x800
    352c:	8cdd                	or	s1,s1,a5
    352e:	00351393          	slli	t2,a0,0x3
    3532:	c0170713          	addi	a4,a4,-1023
    3536:	4301                	li	t1,0
    3538:	c602                	sw	zero,12(sp)
    353a:	0146d793          	srli	a5,a3,0x14
    353e:	00c69413          	slli	s0,a3,0xc
    3542:	7ff7f793          	andi	a5,a5,2047
    3546:	82b2                	mv	t0,a2
    3548:	8031                	srli	s0,s0,0xc
    354a:	01f6d593          	srli	a1,a3,0x1f
    354e:	c3e5                	beqz	a5,362e <__muldf3+0x138>
    3550:	7ff00693          	li	a3,2047
    3554:	06d78663          	beq	a5,a3,35c0 <__muldf3+0xca>
    3558:	c0178793          	addi	a5,a5,-1023 # 7ffc01 <_data_lma+0x7f9141>
    355c:	97ba                	add	a5,a5,a4
    355e:	040e                	slli	s0,s0,0x3
    3560:	01d65693          	srli	a3,a2,0x1d
    3564:	8ec1                	or	a3,a3,s0
    3566:	c23e                	sw	a5,4(sp)
    3568:	00800437          	lui	s0,0x800
    356c:	8c55                	or	s0,s0,a3
    356e:	4692                	lw	a3,4(sp)
    3570:	4729                	li	a4,10
    3572:	00361293          	slli	t0,a2,0x3
    3576:	0685                	addi	a3,a3,1 # 800001 <_data_lma+0x7f9541>
    3578:	c836                	sw	a3,16(sp)
    357a:	4781                	li	a5,0
    357c:	18674f63          	blt	a4,t1,371a <__muldf3+0x224>
    3580:	4722                	lw	a4,8(sp)
    3582:	8f2d                	xor	a4,a4,a1
    3584:	c03a                	sw	a4,0(sp)
    3586:	86ba                	mv	a3,a4
    3588:	4709                	li	a4,2
    358a:	04674f63          	blt	a4,t1,35e8 <__muldf3+0xf2>
    358e:	137d                	addi	t1,t1,-1 # 7fffff <_data_lma+0x7f953f>
    3590:	4605                	li	a2,1
    3592:	1c666763          	bltu	a2,t1,3760 <__muldf3+0x26a>
    3596:	14e78663          	beq	a5,a4,36e2 <__muldf3+0x1ec>
    359a:	4705                	li	a4,1
    359c:	c036                	sw	a3,0(sp)
    359e:	06e79963          	bne	a5,a4,3610 <__muldf3+0x11a>
    35a2:	4781                	li	a5,0
    35a4:	4401                	li	s0,0
    35a6:	4701                	li	a4,0
    35a8:	4682                	lw	a3,0(sp)
    35aa:	07d2                	slli	a5,a5,0x14
    35ac:	50b2                	lw	ra,44(sp)
    35ae:	8fc1                	or	a5,a5,s0
    35b0:	5422                	lw	s0,40(sp)
    35b2:	06fe                	slli	a3,a3,0x1f
    35b4:	8fd5                	or	a5,a5,a3
    35b6:	5492                	lw	s1,36(sp)
    35b8:	853a                	mv	a0,a4
    35ba:	85be                	mv	a1,a5
    35bc:	6145                	addi	sp,sp,48
    35be:	8082                	ret
    35c0:	7ff70693          	addi	a3,a4,2047
    35c4:	8e41                	or	a2,a2,s0
    35c6:	c236                	sw	a3,4(sp)
    35c8:	12060963          	beqz	a2,36fa <__muldf3+0x204>
    35cc:	46a2                	lw	a3,8(sp)
    35ce:	6605                	lui	a2,0x1
    35d0:	80060613          	addi	a2,a2,-2048 # 800 <Key_Scan+0xd4>
    35d4:	8ead                	xor	a3,a3,a1
    35d6:	9732                	add	a4,a4,a2
    35d8:	c036                	sw	a3,0(sp)
    35da:	00336313          	ori	t1,t1,3
    35de:	4529                	li	a0,10
    35e0:	c83a                	sw	a4,16(sp)
    35e2:	46654d63          	blt	a0,t1,3a5c <__muldf3+0x566>
    35e6:	478d                	li	a5,3
    35e8:	4605                	li	a2,1
    35ea:	00661633          	sll	a2,a2,t1
    35ee:	53067713          	andi	a4,a2,1328
    35f2:	c315                	beqz	a4,3616 <__muldf3+0x120>
    35f4:	4732                	lw	a4,12(sp)
    35f6:	4789                	li	a5,2
    35f8:	0ef70563          	beq	a4,a5,36e2 <__muldf3+0x1ec>
    35fc:	478d                	li	a5,3
    35fe:	14f70a63          	beq	a4,a5,3752 <__muldf3+0x25c>
    3602:	87ba                	mv	a5,a4
    3604:	c036                	sw	a3,0(sp)
    3606:	4705                	li	a4,1
    3608:	8426                	mv	s0,s1
    360a:	829e                	mv	t0,t2
    360c:	f8e78be3          	beq	a5,a4,35a2 <__muldf3+0xac>
    3610:	47c2                	lw	a5,16(sp)
    3612:	c23e                	sw	a5,4(sp)
    3614:	a4c9                	j	38d6 <__muldf3+0x3e0>
    3616:	24067693          	andi	a3,a2,576
    361a:	eaf1                	bnez	a3,36ee <__muldf3+0x1f8>
    361c:	08867613          	andi	a2,a2,136
    3620:	14060063          	beqz	a2,3760 <__muldf3+0x26a>
    3624:	86ae                	mv	a3,a1
    3626:	84a2                	mv	s1,s0
    3628:	8396                	mv	t2,t0
    362a:	c63e                	sw	a5,12(sp)
    362c:	b7e1                	j	35f4 <__muldf3+0xfe>
    362e:	00c467b3          	or	a5,s0,a2
    3632:	10078363          	beqz	a5,3738 <__muldf3+0x242>
    3636:	36040663          	beqz	s0,39a2 <__muldf3+0x4ac>
    363a:	8522                	mv	a0,s0
    363c:	cc32                	sw	a2,24(sp)
    363e:	ca1a                	sw	t1,20(sp)
    3640:	c81e                	sw	t2,16(sp)
    3642:	c22e                	sw	a1,4(sp)
    3644:	c03a                	sw	a4,0(sp)
    3646:	717010ef          	jal	ra,555c <__clzsi2>
    364a:	4702                	lw	a4,0(sp)
    364c:	4592                	lw	a1,4(sp)
    364e:	43c2                	lw	t2,16(sp)
    3650:	4352                	lw	t1,20(sp)
    3652:	4662                	lw	a2,24(sp)
    3654:	87aa                	mv	a5,a0
    3656:	1555                	addi	a0,a0,-11 # 7ffff5 <_data_lma+0x7f9535>
    3658:	46f5                	li	a3,29
    365a:	ff878293          	addi	t0,a5,-8
    365e:	8e89                	sub	a3,a3,a0
    3660:	00541433          	sll	s0,s0,t0
    3664:	00d656b3          	srl	a3,a2,a3
    3668:	8c55                	or	s0,s0,a3
    366a:	005612b3          	sll	t0,a2,t0
    366e:	40f707b3          	sub	a5,a4,a5
    3672:	c0d78793          	addi	a5,a5,-1011
    3676:	c23e                	sw	a5,4(sp)
    3678:	4692                	lw	a3,4(sp)
    367a:	4729                	li	a4,10
    367c:	4781                	li	a5,0
    367e:	0685                	addi	a3,a3,1
    3680:	c836                	sw	a3,16(sp)
    3682:	ee675fe3          	bge	a4,t1,3580 <__muldf3+0x8a>
    3686:	a851                	j	371a <__muldf3+0x224>
    3688:	00a4e3b3          	or	t2,s1,a0
    368c:	0a038063          	beqz	t2,372c <__muldf3+0x236>
    3690:	c236                	sw	a3,4(sp)
    3692:	c032                	sw	a2,0(sp)
    3694:	2e048763          	beqz	s1,3982 <__muldf3+0x48c>
    3698:	8526                	mv	a0,s1
    369a:	6c3010ef          	jal	ra,555c <__clzsi2>
    369e:	4602                	lw	a2,0(sp)
    36a0:	4692                	lw	a3,4(sp)
    36a2:	832a                	mv	t1,a0
    36a4:	ff550713          	addi	a4,a0,-11
    36a8:	47f5                	li	a5,29
    36aa:	ff830393          	addi	t2,t1,-8
    36ae:	8f99                	sub	a5,a5,a4
    36b0:	007494b3          	sll	s1,s1,t2
    36b4:	00f457b3          	srl	a5,s0,a5
    36b8:	8cdd                	or	s1,s1,a5
    36ba:	007413b3          	sll	t2,s0,t2
    36be:	c0d00713          	li	a4,-1011
    36c2:	40670733          	sub	a4,a4,t1
    36c6:	c602                	sw	zero,12(sp)
    36c8:	4301                	li	t1,0
    36ca:	bd85                	j	353a <__muldf3+0x44>
    36cc:	00a4e3b3          	or	t2,s1,a0
    36d0:	04039763          	bnez	t2,371e <__muldf3+0x228>
    36d4:	4789                	li	a5,2
    36d6:	4481                	li	s1,0
    36d8:	4321                	li	t1,8
    36da:	7ff00713          	li	a4,2047
    36de:	c63e                	sw	a5,12(sp)
    36e0:	bda9                	j	353a <__muldf3+0x44>
    36e2:	c036                	sw	a3,0(sp)
    36e4:	7ff00793          	li	a5,2047
    36e8:	4401                	li	s0,0
    36ea:	4701                	li	a4,0
    36ec:	bd75                	j	35a8 <__muldf3+0xb2>
    36ee:	c002                	sw	zero,0(sp)
    36f0:	7ff00793          	li	a5,2047
    36f4:	00080437          	lui	s0,0x80
    36f8:	bd45                	j	35a8 <__muldf3+0xb2>
    36fa:	6685                	lui	a3,0x1
    36fc:	80068693          	addi	a3,a3,-2048 # 800 <Key_Scan+0xd4>
    3700:	9736                	add	a4,a4,a3
    3702:	00236313          	ori	t1,t1,2
    3706:	47a9                	li	a5,10
    3708:	c83a                	sw	a4,16(sp)
    370a:	2c67da63          	bge	a5,t1,39de <__muldf3+0x4e8>
    370e:	4281                	li	t0,0
    3710:	4739                	li	a4,14
    3712:	4789                	li	a5,2
    3714:	46ad                	li	a3,11
    3716:	34d70163          	beq	a4,a3,3a58 <__muldf3+0x562>
    371a:	46a2                	lw	a3,8(sp)
    371c:	bde1                	j	35f4 <__muldf3+0xfe>
    371e:	478d                	li	a5,3
    3720:	83aa                	mv	t2,a0
    3722:	4331                	li	t1,12
    3724:	7ff00713          	li	a4,2047
    3728:	c63e                	sw	a5,12(sp)
    372a:	bd01                	j	353a <__muldf3+0x44>
    372c:	4785                	li	a5,1
    372e:	4481                	li	s1,0
    3730:	4311                	li	t1,4
    3732:	4701                	li	a4,0
    3734:	c63e                	sw	a5,12(sp)
    3736:	b511                	j	353a <__muldf3+0x44>
    3738:	c23a                	sw	a4,4(sp)
    373a:	4692                	lw	a3,4(sp)
    373c:	00136313          	ori	t1,t1,1
    3740:	4729                	li	a4,10
    3742:	0685                	addi	a3,a3,1
    3744:	c836                	sw	a3,16(sp)
    3746:	4401                	li	s0,0
    3748:	4281                	li	t0,0
    374a:	4785                	li	a5,1
    374c:	e2675ae3          	bge	a4,t1,3580 <__muldf3+0x8a>
    3750:	b7e9                	j	371a <__muldf3+0x224>
    3752:	c002                	sw	zero,0(sp)
    3754:	7ff00793          	li	a5,2047
    3758:	00080437          	lui	s0,0x80
    375c:	4701                	li	a4,0
    375e:	b5a9                	j	35a8 <__muldf3+0xb2>
    3760:	6641                	lui	a2,0x10
    3762:	fff60713          	addi	a4,a2,-1 # ffff <_data_lma+0x953f>
    3766:	0103d793          	srli	a5,t2,0x10
    376a:	0102d313          	srli	t1,t0,0x10
    376e:	00e3f3b3          	and	t2,t2,a4
    3772:	00e2f733          	and	a4,t0,a4
    3776:	02e386b3          	mul	a3,t2,a4
    377a:	c43a                	sw	a4,8(sp)
    377c:	02e785b3          	mul	a1,a5,a4
    3780:	0106d513          	srli	a0,a3,0x10
    3784:	02730733          	mul	a4,t1,t2
    3788:	972e                	add	a4,a4,a1
    378a:	972a                	add	a4,a4,a0
    378c:	02678533          	mul	a0,a5,t1
    3790:	c62a                	sw	a0,12(sp)
    3792:	00b77463          	bgeu	a4,a1,379a <__muldf3+0x2a4>
    3796:	962a                	add	a2,a2,a0
    3798:	c632                	sw	a2,12(sp)
    379a:	65c1                	lui	a1,0x10
    379c:	fff58613          	addi	a2,a1,-1 # ffff <_data_lma+0x953f>
    37a0:	00c77533          	and	a0,a4,a2
    37a4:	8ef1                	and	a3,a3,a2
    37a6:	8341                	srli	a4,a4,0x10
    37a8:	0542                	slli	a0,a0,0x10
    37aa:	01045293          	srli	t0,s0,0x10
    37ae:	ca3a                	sw	a4,20(sp)
    37b0:	8c71                	and	s0,s0,a2
    37b2:	00d50733          	add	a4,a0,a3
    37b6:	02838633          	mul	a2,t2,s0
    37ba:	cc3a                	sw	a4,24(sp)
    37bc:	ce16                	sw	t0,28(sp)
    37be:	02878733          	mul	a4,a5,s0
    37c2:	01065693          	srli	a3,a2,0x10
    37c6:	027283b3          	mul	t2,t0,t2
    37ca:	93ba                	add	t2,t2,a4
    37cc:	969e                	add	a3,a3,t2
    37ce:	025787b3          	mul	a5,a5,t0
    37d2:	00e6f363          	bgeu	a3,a4,37d8 <__muldf3+0x2e2>
    37d6:	97ae                	add	a5,a5,a1
    37d8:	6541                	lui	a0,0x10
    37da:	fff50593          	addi	a1,a0,-1 # ffff <_data_lma+0x953f>
    37de:	00b6f2b3          	and	t0,a3,a1
    37e2:	82c1                	srli	a3,a3,0x10
    37e4:	96be                	add	a3,a3,a5
    37e6:	0104d713          	srli	a4,s1,0x10
    37ea:	47a2                	lw	a5,8(sp)
    37ec:	8ced                	and	s1,s1,a1
    37ee:	d036                	sw	a3,32(sp)
    37f0:	8df1                	and	a1,a1,a2
    37f2:	46d2                	lw	a3,20(sp)
    37f4:	4622                	lw	a2,8(sp)
    37f6:	02c2                	slli	t0,t0,0x10
    37f8:	92ae                	add	t0,t0,a1
    37fa:	02960633          	mul	a2,a2,s1
    37fe:	005683b3          	add	t2,a3,t0
    3802:	029305b3          	mul	a1,t1,s1
    3806:	02f706b3          	mul	a3,a4,a5
    380a:	01065793          	srli	a5,a2,0x10
    380e:	95b6                	add	a1,a1,a3
    3810:	97ae                	add	a5,a5,a1
    3812:	02e30333          	mul	t1,t1,a4
    3816:	00d7f363          	bgeu	a5,a3,381c <__muldf3+0x326>
    381a:	932a                	add	t1,t1,a0
    381c:	6541                	lui	a0,0x10
    381e:	fff50693          	addi	a3,a0,-1 # ffff <_data_lma+0x953f>
    3822:	00d7f5b3          	and	a1,a5,a3
    3826:	05c2                	slli	a1,a1,0x10
    3828:	8ef1                	and	a3,a3,a2
    382a:	96ae                	add	a3,a3,a1
    382c:	83c1                	srli	a5,a5,0x10
    382e:	02940633          	mul	a2,s0,s1
    3832:	979a                	add	a5,a5,t1
    3834:	028705b3          	mul	a1,a4,s0
    3838:	4472                	lw	s0,28(sp)
    383a:	01065313          	srli	t1,a2,0x10
    383e:	029404b3          	mul	s1,s0,s1
    3842:	94ae                	add	s1,s1,a1
    3844:	949a                	add	s1,s1,t1
    3846:	02e40733          	mul	a4,s0,a4
    384a:	00b4f363          	bgeu	s1,a1,3850 <__muldf3+0x35a>
    384e:	972a                	add	a4,a4,a0
    3850:	65c1                	lui	a1,0x10
    3852:	15fd                	addi	a1,a1,-1 # ffff <_data_lma+0x953f>
    3854:	00b4f533          	and	a0,s1,a1
    3858:	8e6d                	and	a2,a2,a1
    385a:	0542                	slli	a0,a0,0x10
    385c:	45b2                	lw	a1,12(sp)
    385e:	9532                	add	a0,a0,a2
    3860:	5602                	lw	a2,32(sp)
    3862:	959e                	add	a1,a1,t2
    3864:	0055b2b3          	sltu	t0,a1,t0
    3868:	962a                	add	a2,a2,a0
    386a:	92b2                	add	t0,t0,a2
    386c:	96ae                	add	a3,a3,a1
    386e:	9796                	add	a5,a5,t0
    3870:	00b6b5b3          	sltu	a1,a3,a1
    3874:	95be                	add	a1,a1,a5
    3876:	00a63533          	sltu	a0,a2,a0
    387a:	00c2b633          	sltu	a2,t0,a2
    387e:	0057b433          	sltu	s0,a5,t0
    3882:	8e49                	or	a2,a2,a0
    3884:	00f5b7b3          	sltu	a5,a1,a5
    3888:	80c1                	srli	s1,s1,0x10
    388a:	8c5d                	or	s0,s0,a5
    388c:	9626                	add	a2,a2,s1
    388e:	9432                	add	s0,s0,a2
    3890:	943a                	add	s0,s0,a4
    3892:	4762                	lw	a4,24(sp)
    3894:	00969293          	slli	t0,a3,0x9
    3898:	0175d793          	srli	a5,a1,0x17
    389c:	0426                	slli	s0,s0,0x9
    389e:	00e2e2b3          	or	t0,t0,a4
    38a2:	8c5d                	or	s0,s0,a5
    38a4:	005032b3          	snez	t0,t0
    38a8:	82dd                	srli	a3,a3,0x17
    38aa:	010007b7          	lui	a5,0x1000
    38ae:	00d2e2b3          	or	t0,t0,a3
    38b2:	05a6                	slli	a1,a1,0x9
    38b4:	8fe1                	and	a5,a5,s0
    38b6:	00b2e2b3          	or	t0,t0,a1
    38ba:	cf91                	beqz	a5,38d6 <__muldf3+0x3e0>
    38bc:	0012d793          	srli	a5,t0,0x1
    38c0:	0012f293          	andi	t0,t0,1
    38c4:	01f41713          	slli	a4,s0,0x1f
    38c8:	0057e7b3          	or	a5,a5,t0
    38cc:	00e7e2b3          	or	t0,a5,a4
    38d0:	47c2                	lw	a5,16(sp)
    38d2:	8005                	srli	s0,s0,0x1
    38d4:	c23e                	sw	a5,4(sp)
    38d6:	4792                	lw	a5,4(sp)
    38d8:	3ff78793          	addi	a5,a5,1023 # 10003ff <_data_lma+0xff993f>
    38dc:	04f05a63          	blez	a5,3930 <__muldf3+0x43a>
    38e0:	0072f713          	andi	a4,t0,7
    38e4:	cf01                	beqz	a4,38fc <__muldf3+0x406>
    38e6:	00f2f713          	andi	a4,t0,15
    38ea:	4691                	li	a3,4
    38ec:	00d70863          	beq	a4,a3,38fc <__muldf3+0x406>
    38f0:	00428713          	addi	a4,t0,4
    38f4:	005732b3          	sltu	t0,a4,t0
    38f8:	9416                	add	s0,s0,t0
    38fa:	82ba                	mv	t0,a4
    38fc:	01000737          	lui	a4,0x1000
    3900:	8f61                	and	a4,a4,s0
    3902:	cb01                	beqz	a4,3912 <__muldf3+0x41c>
    3904:	ff0007b7          	lui	a5,0xff000
    3908:	17fd                	addi	a5,a5,-1 # feffffff <_eusrstack+0xdeffdfff>
    390a:	8c7d                	and	s0,s0,a5
    390c:	4792                	lw	a5,4(sp)
    390e:	40078793          	addi	a5,a5,1024
    3912:	7fe00713          	li	a4,2046
    3916:	0af74f63          	blt	a4,a5,39d4 <__muldf3+0x4de>
    391a:	01d41713          	slli	a4,s0,0x1d
    391e:	0032d293          	srli	t0,t0,0x3
    3922:	0426                	slli	s0,s0,0x9
    3924:	00576733          	or	a4,a4,t0
    3928:	8031                	srli	s0,s0,0xc
    392a:	7ff7f793          	andi	a5,a5,2047
    392e:	b9ad                	j	35a8 <__muldf3+0xb2>
    3930:	4705                	li	a4,1
    3932:	efd5                	bnez	a5,39ee <__muldf3+0x4f8>
    3934:	4792                	lw	a5,4(sp)
    3936:	00e45633          	srl	a2,s0,a4
    393a:	41e78793          	addi	a5,a5,1054
    393e:	00f296b3          	sll	a3,t0,a5
    3942:	00d036b3          	snez	a3,a3
    3946:	00f417b3          	sll	a5,s0,a5
    394a:	8edd                	or	a3,a3,a5
    394c:	00e2d2b3          	srl	t0,t0,a4
    3950:	0056e6b3          	or	a3,a3,t0
    3954:	0076f793          	andi	a5,a3,7
    3958:	cf81                	beqz	a5,3970 <__muldf3+0x47a>
    395a:	00f6f793          	andi	a5,a3,15
    395e:	4711                	li	a4,4
    3960:	00e78863          	beq	a5,a4,3970 <__muldf3+0x47a>
    3964:	00468793          	addi	a5,a3,4
    3968:	00d7b6b3          	sltu	a3,a5,a3
    396c:	9636                	add	a2,a2,a3
    396e:	86be                	mv	a3,a5
    3970:	008005b7          	lui	a1,0x800
    3974:	8df1                	and	a1,a1,a2
    3976:	4785                	li	a5,1
    3978:	4401                	li	s0,0
    397a:	4701                	li	a4,0
    397c:	c20596e3          	bnez	a1,35a8 <__muldf3+0xb2>
    3980:	a0d9                	j	3a46 <__muldf3+0x550>
    3982:	3db010ef          	jal	ra,555c <__clzsi2>
    3986:	01550713          	addi	a4,a0,21
    398a:	47f1                	li	a5,28
    398c:	4602                	lw	a2,0(sp)
    398e:	4692                	lw	a3,4(sp)
    3990:	02050313          	addi	t1,a0,32
    3994:	d0e7dae3          	bge	a5,a4,36a8 <__muldf3+0x1b2>
    3998:	1561                	addi	a0,a0,-8
    399a:	4381                	li	t2,0
    399c:	00a414b3          	sll	s1,s0,a0
    39a0:	bb39                	j	36be <__muldf3+0x1c8>
    39a2:	8532                	mv	a0,a2
    39a4:	cc1a                	sw	t1,24(sp)
    39a6:	ca1e                	sw	t2,20(sp)
    39a8:	c82e                	sw	a1,16(sp)
    39aa:	c23a                	sw	a4,4(sp)
    39ac:	c032                	sw	a2,0(sp)
    39ae:	3af010ef          	jal	ra,555c <__clzsi2>
    39b2:	86aa                	mv	a3,a0
    39b4:	42f1                	li	t0,28
    39b6:	0555                	addi	a0,a0,21
    39b8:	4602                	lw	a2,0(sp)
    39ba:	4712                	lw	a4,4(sp)
    39bc:	45c2                	lw	a1,16(sp)
    39be:	43d2                	lw	t2,20(sp)
    39c0:	4362                	lw	t1,24(sp)
    39c2:	02068793          	addi	a5,a3,32
    39c6:	c8a2d9e3          	bge	t0,a0,3658 <__muldf3+0x162>
    39ca:	16e1                	addi	a3,a3,-8
    39cc:	4281                	li	t0,0
    39ce:	00d61433          	sll	s0,a2,a3
    39d2:	b971                	j	366e <__muldf3+0x178>
    39d4:	7ff00793          	li	a5,2047
    39d8:	4401                	li	s0,0
    39da:	4701                	li	a4,0
    39dc:	b6f1                	j	35a8 <__muldf3+0xb2>
    39de:	47a2                	lw	a5,8(sp)
    39e0:	4401                	li	s0,0
    39e2:	4281                	li	t0,0
    39e4:	8fad                	xor	a5,a5,a1
    39e6:	c03e                	sw	a5,0(sp)
    39e8:	86be                	mv	a3,a5
    39ea:	4789                	li	a5,2
    39ec:	be71                	j	3588 <__muldf3+0x92>
    39ee:	8f1d                	sub	a4,a4,a5
    39f0:	03800693          	li	a3,56
    39f4:	bae6c7e3          	blt	a3,a4,35a2 <__muldf3+0xac>
    39f8:	46fd                	li	a3,31
    39fa:	f2e6dde3          	bge	a3,a4,3934 <__muldf3+0x43e>
    39fe:	5685                	li	a3,-31
    3a00:	40f687b3          	sub	a5,a3,a5
    3a04:	02000693          	li	a3,32
    3a08:	00f457b3          	srl	a5,s0,a5
    3a0c:	00d70963          	beq	a4,a3,3a1e <__muldf3+0x528>
    3a10:	4712                	lw	a4,4(sp)
    3a12:	43e70713          	addi	a4,a4,1086 # 100043e <_data_lma+0xff997e>
    3a16:	00e41733          	sll	a4,s0,a4
    3a1a:	00e2e2b3          	or	t0,t0,a4
    3a1e:	005036b3          	snez	a3,t0
    3a22:	8edd                	or	a3,a3,a5
    3a24:	0076f713          	andi	a4,a3,7
    3a28:	4401                	li	s0,0
    3a2a:	c31d                	beqz	a4,3a50 <__muldf3+0x55a>
    3a2c:	00f6f793          	andi	a5,a3,15
    3a30:	4711                	li	a4,4
    3a32:	4601                	li	a2,0
    3a34:	00e78963          	beq	a5,a4,3a46 <__muldf3+0x550>
    3a38:	00468793          	addi	a5,a3,4
    3a3c:	00d7b733          	sltu	a4,a5,a3
    3a40:	00e03633          	snez	a2,a4
    3a44:	86be                	mv	a3,a5
    3a46:	00961413          	slli	s0,a2,0x9
    3a4a:	01d61713          	slli	a4,a2,0x1d
    3a4e:	8031                	srli	s0,s0,0xc
    3a50:	828d                	srli	a3,a3,0x3
    3a52:	8f55                	or	a4,a4,a3
    3a54:	4781                	li	a5,0
    3a56:	be89                	j	35a8 <__muldf3+0xb2>
    3a58:	8432                	mv	s0,a2
    3a5a:	b6e9                	j	3624 <__muldf3+0x12e>
    3a5c:	473d                	li	a4,15
    3a5e:	00e31763          	bne	t1,a4,3a6c <__muldf3+0x576>
    3a62:	c002                	sw	zero,0(sp)
    3a64:	00080437          	lui	s0,0x80
    3a68:	4701                	li	a4,0
    3a6a:	be3d                	j	35a8 <__muldf3+0xb2>
    3a6c:	8622                	mv	a2,s0
    3a6e:	472d                	li	a4,11
    3a70:	478d                	li	a5,3
    3a72:	b14d                	j	3714 <__muldf3+0x21e>

00003a74 <__subdf3>:
    3a74:	001007b7          	lui	a5,0x100
    3a78:	17fd                	addi	a5,a5,-1 # fffff <_data_lma+0xf953f>
    3a7a:	1131                	addi	sp,sp,-20
    3a7c:	00b7f733          	and	a4,a5,a1
    3a80:	070e                	slli	a4,a4,0x3
    3a82:	c426                	sw	s1,8(sp)
    3a84:	01d55493          	srli	s1,a0,0x1d
    3a88:	8ff5                	and	a5,a5,a3
    3a8a:	0146d313          	srli	t1,a3,0x14
    3a8e:	8cd9                	or	s1,s1,a4
    3a90:	00351713          	slli	a4,a0,0x3
    3a94:	c622                	sw	s0,12(sp)
    3a96:	078e                	slli	a5,a5,0x3
    3a98:	0145d413          	srli	s0,a1,0x14
    3a9c:	01d65393          	srli	t2,a2,0x1d
    3aa0:	c03a                	sw	a4,0(sp)
    3aa2:	c806                	sw	ra,16(sp)
    3aa4:	7ff37313          	andi	t1,t1,2047
    3aa8:	7ff00293          	li	t0,2047
    3aac:	7ff47413          	andi	s0,s0,2047
    3ab0:	81fd                	srli	a1,a1,0x1f
    3ab2:	82fd                	srli	a3,a3,0x1f
    3ab4:	00f3e7b3          	or	a5,t2,a5
    3ab8:	00361713          	slli	a4,a2,0x3
    3abc:	1a530b63          	beq	t1,t0,3c72 <__subdf3+0x1fe>
    3ac0:	0016c693          	xori	a3,a3,1
    3ac4:	406403b3          	sub	t2,s0,t1
    3ac8:	10d58f63          	beq	a1,a3,3be6 <__subdf3+0x172>
    3acc:	54705763          	blez	t2,401a <__subdf3+0x5a6>
    3ad0:	1e030263          	beqz	t1,3cb4 <__subdf3+0x240>
    3ad4:	52540a63          	beq	s0,t0,4008 <__subdf3+0x594>
    3ad8:	03800693          	li	a3,56
    3adc:	4605                	li	a2,1
    3ade:	0276ca63          	blt	a3,t2,3b12 <__subdf3+0x9e>
    3ae2:	008006b7          	lui	a3,0x800
    3ae6:	8fd5                	or	a5,a5,a3
    3ae8:	46fd                	li	a3,31
    3aea:	4076ce63          	blt	a3,t2,3f06 <__subdf3+0x492>
    3aee:	02000693          	li	a3,32
    3af2:	407686b3          	sub	a3,a3,t2
    3af6:	00d79633          	sll	a2,a5,a3
    3afa:	00775533          	srl	a0,a4,t2
    3afe:	00d716b3          	sll	a3,a4,a3
    3b02:	8e49                	or	a2,a2,a0
    3b04:	00d036b3          	snez	a3,a3
    3b08:	0077d3b3          	srl	t2,a5,t2
    3b0c:	8e55                	or	a2,a2,a3
    3b0e:	407484b3          	sub	s1,s1,t2
    3b12:	4782                	lw	a5,0(sp)
    3b14:	40c78633          	sub	a2,a5,a2
    3b18:	00c7b7b3          	sltu	a5,a5,a2
    3b1c:	8c9d                	sub	s1,s1,a5
    3b1e:	008007b7          	lui	a5,0x800
    3b22:	00f4f733          	and	a4,s1,a5
    3b26:	28070c63          	beqz	a4,3dbe <__subdf3+0x34a>
    3b2a:	17fd                	addi	a5,a5,-1 # 7fffff <_data_lma+0x7f953f>
    3b2c:	8cfd                	and	s1,s1,a5
    3b2e:	28048d63          	beqz	s1,3dc8 <__subdf3+0x354>
    3b32:	8526                	mv	a0,s1
    3b34:	c232                	sw	a2,4(sp)
    3b36:	c02e                	sw	a1,0(sp)
    3b38:	225010ef          	jal	ra,555c <__clzsi2>
    3b3c:	4582                	lw	a1,0(sp)
    3b3e:	4612                	lw	a2,4(sp)
    3b40:	ff850693          	addi	a3,a0,-8
    3b44:	02000793          	li	a5,32
    3b48:	40d78533          	sub	a0,a5,a3
    3b4c:	00a65533          	srl	a0,a2,a0
    3b50:	00d49733          	sll	a4,s1,a3
    3b54:	8d59                	or	a0,a0,a4
    3b56:	00d61633          	sll	a2,a2,a3
    3b5a:	3086c363          	blt	a3,s0,3e60 <__subdf3+0x3ec>
    3b5e:	8e81                	sub	a3,a3,s0
    3b60:	0685                	addi	a3,a3,1 # 800001 <_data_lma+0x7f9541>
    3b62:	8f95                	sub	a5,a5,a3
    3b64:	00f61733          	sll	a4,a2,a5
    3b68:	00d654b3          	srl	s1,a2,a3
    3b6c:	00e03733          	snez	a4,a4
    3b70:	8f45                	or	a4,a4,s1
    3b72:	00f517b3          	sll	a5,a0,a5
    3b76:	00e7e633          	or	a2,a5,a4
    3b7a:	00d554b3          	srl	s1,a0,a3
    3b7e:	4401                	li	s0,0
    3b80:	00767793          	andi	a5,a2,7
    3b84:	cf81                	beqz	a5,3b9c <__subdf3+0x128>
    3b86:	00f67793          	andi	a5,a2,15
    3b8a:	4711                	li	a4,4
    3b8c:	00e78863          	beq	a5,a4,3b9c <__subdf3+0x128>
    3b90:	00460793          	addi	a5,a2,4
    3b94:	00c7b633          	sltu	a2,a5,a2
    3b98:	94b2                	add	s1,s1,a2
    3b9a:	863e                	mv	a2,a5
    3b9c:	008007b7          	lui	a5,0x800
    3ba0:	8fe5                	and	a5,a5,s1
    3ba2:	26078f63          	beqz	a5,3e20 <__subdf3+0x3ac>
    3ba6:	0405                	addi	s0,s0,1 # 80001 <_data_lma+0x79541>
    3ba8:	7ff00793          	li	a5,2047
    3bac:	20f40263          	beq	s0,a5,3db0 <__subdf3+0x33c>
    3bb0:	ff8007b7          	lui	a5,0xff800
    3bb4:	17fd                	addi	a5,a5,-1 # ff7fffff <_eusrstack+0xdf7fdfff>
    3bb6:	8fe5                	and	a5,a5,s1
    3bb8:	01d79313          	slli	t1,a5,0x1d
    3bbc:	820d                	srli	a2,a2,0x3
    3bbe:	07a6                	slli	a5,a5,0x9
    3bc0:	00c36333          	or	t1,t1,a2
    3bc4:	83b1                	srli	a5,a5,0xc
    3bc6:	7ff47413          	andi	s0,s0,2047
    3bca:	0015f713          	andi	a4,a1,1
    3bce:	0452                	slli	s0,s0,0x14
    3bd0:	8c5d                	or	s0,s0,a5
    3bd2:	01f71793          	slli	a5,a4,0x1f
    3bd6:	8c5d                	or	s0,s0,a5
    3bd8:	40c2                	lw	ra,16(sp)
    3bda:	85a2                	mv	a1,s0
    3bdc:	4432                	lw	s0,12(sp)
    3bde:	44a2                	lw	s1,8(sp)
    3be0:	851a                	mv	a0,t1
    3be2:	0151                	addi	sp,sp,20
    3be4:	8082                	ret
    3be6:	5c705c63          	blez	t2,41be <__subdf3+0x74a>
    3bea:	1a031863          	bnez	t1,3d9a <__subdf3+0x326>
    3bee:	00e7e6b3          	or	a3,a5,a4
    3bf2:	26068263          	beqz	a3,3e56 <__subdf3+0x3e2>
    3bf6:	fff38613          	addi	a2,t2,-1
    3bfa:	3c060c63          	beqz	a2,3fd2 <__subdf3+0x55e>
    3bfe:	2c538163          	beq	t2,t0,3ec0 <__subdf3+0x44c>
    3c02:	03800513          	li	a0,56
    3c06:	4685                	li	a3,1
    3c08:	02c54763          	blt	a0,a2,3c36 <__subdf3+0x1c2>
    3c0c:	83b2                	mv	t2,a2
    3c0e:	46fd                	li	a3,31
    3c10:	4476ca63          	blt	a3,t2,4064 <__subdf3+0x5f0>
    3c14:	02000613          	li	a2,32
    3c18:	40760633          	sub	a2,a2,t2
    3c1c:	00c796b3          	sll	a3,a5,a2
    3c20:	00775533          	srl	a0,a4,t2
    3c24:	00c71633          	sll	a2,a4,a2
    3c28:	8ec9                	or	a3,a3,a0
    3c2a:	00c03633          	snez	a2,a2
    3c2e:	0077d3b3          	srl	t2,a5,t2
    3c32:	8ed1                	or	a3,a3,a2
    3c34:	949e                	add	s1,s1,t2
    3c36:	4782                	lw	a5,0(sp)
    3c38:	00f68633          	add	a2,a3,a5
    3c3c:	00d636b3          	sltu	a3,a2,a3
    3c40:	94b6                	add	s1,s1,a3
    3c42:	008007b7          	lui	a5,0x800
    3c46:	8fe5                	and	a5,a5,s1
    3c48:	16078b63          	beqz	a5,3dbe <__subdf3+0x34a>
    3c4c:	0405                	addi	s0,s0,1
    3c4e:	7ff00793          	li	a5,2047
    3c52:	14f40f63          	beq	s0,a5,3db0 <__subdf3+0x33c>
    3c56:	ff8007b7          	lui	a5,0xff800
    3c5a:	17fd                	addi	a5,a5,-1 # ff7fffff <_eusrstack+0xdf7fdfff>
    3c5c:	8fe5                	and	a5,a5,s1
    3c5e:	00165713          	srli	a4,a2,0x1
    3c62:	8a05                	andi	a2,a2,1
    3c64:	8f51                	or	a4,a4,a2
    3c66:	01f79613          	slli	a2,a5,0x1f
    3c6a:	8e59                	or	a2,a2,a4
    3c6c:	0017d493          	srli	s1,a5,0x1
    3c70:	bf01                	j	3b80 <__subdf3+0x10c>
    3c72:	00e7e2b3          	or	t0,a5,a4
    3c76:	80140393          	addi	t2,s0,-2047
    3c7a:	04028e63          	beqz	t0,3cd6 <__subdf3+0x262>
    3c7e:	06d58063          	beq	a1,a3,3cde <__subdf3+0x26a>
    3c82:	0c038263          	beqz	t2,3d46 <__subdf3+0x2d2>
    3c86:	1c040063          	beqz	s0,3e46 <__subdf3+0x3d2>
    3c8a:	00361313          	slli	t1,a2,0x3
    3c8e:	01d79713          	slli	a4,a5,0x1d
    3c92:	00335313          	srli	t1,t1,0x3
    3c96:	00e36333          	or	t1,t1,a4
    3c9a:	838d                	srli	a5,a5,0x3
    3c9c:	85b6                	mv	a1,a3
    3c9e:	00f367b3          	or	a5,t1,a5
    3ca2:	10078763          	beqz	a5,3db0 <__subdf3+0x33c>
    3ca6:	4701                	li	a4,0
    3ca8:	7ff00413          	li	s0,2047
    3cac:	000807b7          	lui	a5,0x80
    3cb0:	4301                	li	t1,0
    3cb2:	bf31                	j	3bce <__subdf3+0x15a>
    3cb4:	00e7e6b3          	or	a3,a5,a4
    3cb8:	18068f63          	beqz	a3,3e56 <__subdf3+0x3e2>
    3cbc:	fff38693          	addi	a3,t2,-1
    3cc0:	32068963          	beqz	a3,3ff2 <__subdf3+0x57e>
    3cc4:	1e538e63          	beq	t2,t0,3ec0 <__subdf3+0x44c>
    3cc8:	03800513          	li	a0,56
    3ccc:	4605                	li	a2,1
    3cce:	e4d542e3          	blt	a0,a3,3b12 <__subdf3+0x9e>
    3cd2:	83b6                	mv	t2,a3
    3cd4:	bd11                	j	3ae8 <__subdf3+0x74>
    3cd6:	0016c693          	xori	a3,a3,1
    3cda:	fad594e3          	bne	a1,a3,3c82 <__subdf3+0x20e>
    3cde:	18038863          	beqz	t2,3e6e <__subdf3+0x3fa>
    3ce2:	26041b63          	bnez	s0,3f58 <__subdf3+0x4e4>
    3ce6:	7ff00393          	li	t2,2047
    3cea:	4682                	lw	a3,0(sp)
    3cec:	8ec5                	or	a3,a3,s1
    3cee:	40068463          	beqz	a3,40f6 <__subdf3+0x682>
    3cf2:	fff38513          	addi	a0,t2,-1
    3cf6:	2c050e63          	beqz	a0,3fd2 <__subdf3+0x55e>
    3cfa:	7ff00693          	li	a3,2047
    3cfe:	24d38d63          	beq	t2,a3,3f58 <__subdf3+0x4e4>
    3d02:	03800613          	li	a2,56
    3d06:	4685                	li	a3,1
    3d08:	02a64763          	blt	a2,a0,3d36 <__subdf3+0x2c2>
    3d0c:	46fd                	li	a3,31
    3d0e:	44a6c263          	blt	a3,a0,4152 <__subdf3+0x6de>
    3d12:	4602                	lw	a2,0(sp)
    3d14:	02000693          	li	a3,32
    3d18:	8e89                	sub	a3,a3,a0
    3d1a:	00a653b3          	srl	t2,a2,a0
    3d1e:	00d492b3          	sll	t0,s1,a3
    3d22:	00d61633          	sll	a2,a2,a3
    3d26:	00c03633          	snez	a2,a2
    3d2a:	0072e6b3          	or	a3,t0,t2
    3d2e:	00a4d533          	srl	a0,s1,a0
    3d32:	8ed1                	or	a3,a3,a2
    3d34:	97aa                	add	a5,a5,a0
    3d36:	00e68633          	add	a2,a3,a4
    3d3a:	00d636b3          	sltu	a3,a2,a3
    3d3e:	00f684b3          	add	s1,a3,a5
    3d42:	841a                	mv	s0,t1
    3d44:	bdfd                	j	3c42 <__subdf3+0x1ce>
    3d46:	00140313          	addi	t1,s0,1
    3d4a:	7fe37313          	andi	t1,t1,2046
    3d4e:	18031463          	bnez	t1,3ed6 <__subdf3+0x462>
    3d52:	00351293          	slli	t0,a0,0x3
    3d56:	00e7e333          	or	t1,a5,a4
    3d5a:	0054e2b3          	or	t0,s1,t0
    3d5e:	26041063          	bnez	s0,3fbe <__subdf3+0x54a>
    3d62:	34028963          	beqz	t0,40b4 <__subdf3+0x640>
    3d66:	36030e63          	beqz	t1,40e2 <__subdf3+0x66e>
    3d6a:	4302                	lw	t1,0(sp)
    3d6c:	40f482b3          	sub	t0,s1,a5
    3d70:	40e30633          	sub	a2,t1,a4
    3d74:	00c33533          	sltu	a0,t1,a2
    3d78:	40a282b3          	sub	t0,t0,a0
    3d7c:	00800537          	lui	a0,0x800
    3d80:	00a2f533          	and	a0,t0,a0
    3d84:	40050563          	beqz	a0,418e <__subdf3+0x71a>
    3d88:	40670633          	sub	a2,a4,t1
    3d8c:	8f85                	sub	a5,a5,s1
    3d8e:	00c73733          	sltu	a4,a4,a2
    3d92:	40e784b3          	sub	s1,a5,a4
    3d96:	85b6                	mv	a1,a3
    3d98:	b3e5                	j	3b80 <__subdf3+0x10c>
    3d9a:	12540363          	beq	s0,t0,3ec0 <__subdf3+0x44c>
    3d9e:	03800613          	li	a2,56
    3da2:	4685                	li	a3,1
    3da4:	e87649e3          	blt	a2,t2,3c36 <__subdf3+0x1c2>
    3da8:	008006b7          	lui	a3,0x800
    3dac:	8fd5                	or	a5,a5,a3
    3dae:	b585                	j	3c0e <__subdf3+0x19a>
    3db0:	0015f713          	andi	a4,a1,1
    3db4:	7ff00413          	li	s0,2047
    3db8:	4781                	li	a5,0
    3dba:	4301                	li	t1,0
    3dbc:	bd09                	j	3bce <__subdf3+0x15a>
    3dbe:	00767513          	andi	a0,a2,7
    3dc2:	dc0512e3          	bnez	a0,3b86 <__subdf3+0x112>
    3dc6:	a0ed                	j	3eb0 <__subdf3+0x43c>
    3dc8:	8532                	mv	a0,a2
    3dca:	c22e                	sw	a1,4(sp)
    3dcc:	c032                	sw	a2,0(sp)
    3dce:	78e010ef          	jal	ra,555c <__clzsi2>
    3dd2:	01850693          	addi	a3,a0,24 # 800018 <_data_lma+0x7f9558>
    3dd6:	47fd                	li	a5,31
    3dd8:	4602                	lw	a2,0(sp)
    3dda:	4592                	lw	a1,4(sp)
    3ddc:	d6d7d4e3          	bge	a5,a3,3b44 <__subdf3+0xd0>
    3de0:	1561                	addi	a0,a0,-8
    3de2:	00a61533          	sll	a0,a2,a0
    3de6:	1886c363          	blt	a3,s0,3f6c <__subdf3+0x4f8>
    3dea:	40868633          	sub	a2,a3,s0
    3dee:	00160693          	addi	a3,a2,1
    3df2:	3ad7de63          	bge	a5,a3,41ae <__subdf3+0x73a>
    3df6:	1605                	addi	a2,a2,-31
    3df8:	02000793          	li	a5,32
    3dfc:	00c55633          	srl	a2,a0,a2
    3e00:	00f68a63          	beq	a3,a5,3e14 <__subdf3+0x3a0>
    3e04:	04000793          	li	a5,64
    3e08:	8f95                	sub	a5,a5,a3
    3e0a:	00f517b3          	sll	a5,a0,a5
    3e0e:	00f037b3          	snez	a5,a5
    3e12:	8e5d                	or	a2,a2,a5
    3e14:	00767513          	andi	a0,a2,7
    3e18:	4401                	li	s0,0
    3e1a:	d60516e3          	bnez	a0,3b86 <__subdf3+0x112>
    3e1e:	a849                	j	3eb0 <__subdf3+0x43c>
    3e20:	00365313          	srli	t1,a2,0x3
    3e24:	01d49793          	slli	a5,s1,0x1d
    3e28:	7ff00713          	li	a4,2047
    3e2c:	0067e333          	or	t1,a5,t1
    3e30:	0034d793          	srli	a5,s1,0x3
    3e34:	e6e405e3          	beq	s0,a4,3c9e <__subdf3+0x22a>
    3e38:	07b2                	slli	a5,a5,0xc
    3e3a:	83b1                	srli	a5,a5,0xc
    3e3c:	7ff47413          	andi	s0,s0,2047
    3e40:	0015f713          	andi	a4,a1,1
    3e44:	b369                	j	3bce <__subdf3+0x15a>
    3e46:	7ff00393          	li	t2,2047
    3e4a:	4582                	lw	a1,0(sp)
    3e4c:	8dc5                	or	a1,a1,s1
    3e4e:	edf9                	bnez	a1,3f2c <__subdf3+0x4b8>
    3e50:	84be                	mv	s1,a5
    3e52:	c03a                	sw	a4,0(sp)
    3e54:	85b6                	mv	a1,a3
    3e56:	4782                	lw	a5,0(sp)
    3e58:	841e                	mv	s0,t2
    3e5a:	0037d313          	srli	t1,a5,0x3
    3e5e:	b7d9                	j	3e24 <__subdf3+0x3b0>
    3e60:	ff800737          	lui	a4,0xff800
    3e64:	177d                	addi	a4,a4,-1 # ff7fffff <_eusrstack+0xdf7fdfff>
    3e66:	8c15                	sub	s0,s0,a3
    3e68:	00e574b3          	and	s1,a0,a4
    3e6c:	bb11                	j	3b80 <__subdf3+0x10c>
    3e6e:	00140693          	addi	a3,s0,1
    3e72:	7fe6f313          	andi	t1,a3,2046
    3e76:	10031463          	bnez	t1,3f7e <__subdf3+0x50a>
    3e7a:	00351313          	slli	t1,a0,0x3
    3e7e:	0064e6b3          	or	a3,s1,t1
    3e82:	e815                	bnez	s0,3eb6 <__subdf3+0x442>
    3e84:	28068863          	beqz	a3,4114 <__subdf3+0x6a0>
    3e88:	00e7e6b3          	or	a3,a5,a4
    3e8c:	28068e63          	beqz	a3,4128 <__subdf3+0x6b4>
    3e90:	00e30633          	add	a2,t1,a4
    3e94:	97a6                	add	a5,a5,s1
    3e96:	00663733          	sltu	a4,a2,t1
    3e9a:	00e784b3          	add	s1,a5,a4
    3e9e:	00800537          	lui	a0,0x800
    3ea2:	8d65                	and	a0,a0,s1
    3ea4:	c511                	beqz	a0,3eb0 <__subdf3+0x43c>
    3ea6:	ff8007b7          	lui	a5,0xff800
    3eaa:	17fd                	addi	a5,a5,-1 # ff7fffff <_eusrstack+0xdf7fdfff>
    3eac:	8cfd                	and	s1,s1,a5
    3eae:	4405                	li	s0,1
    3eb0:	c032                	sw	a2,0(sp)
    3eb2:	83a2                	mv	t2,s0
    3eb4:	b74d                	j	3e56 <__subdf3+0x3e2>
    3eb6:	2c068363          	beqz	a3,417c <__subdf3+0x708>
    3eba:	8fd9                	or	a5,a5,a4
    3ebc:	de0795e3          	bnez	a5,3ca6 <__subdf3+0x232>
    3ec0:	00351313          	slli	t1,a0,0x3
    3ec4:	01d49793          	slli	a5,s1,0x1d
    3ec8:	00335313          	srli	t1,t1,0x3
    3ecc:	00f36333          	or	t1,t1,a5
    3ed0:	0034d793          	srli	a5,s1,0x3
    3ed4:	b3e9                	j	3c9e <__subdf3+0x22a>
    3ed6:	4302                	lw	t1,0(sp)
    3ed8:	40f48533          	sub	a0,s1,a5
    3edc:	40e30633          	sub	a2,t1,a4
    3ee0:	00c33333          	sltu	t1,t1,a2
    3ee4:	40650533          	sub	a0,a0,t1
    3ee8:	00800337          	lui	t1,0x800
    3eec:	00657333          	and	t1,a0,t1
    3ef0:	0a031d63          	bnez	t1,3faa <__subdf3+0x536>
    3ef4:	00a66333          	or	t1,a2,a0
    3ef8:	84aa                	mv	s1,a0
    3efa:	c2031ae3          	bnez	t1,3b2e <__subdf3+0xba>
    3efe:	4701                	li	a4,0
    3f00:	4401                	li	s0,0
    3f02:	4781                	li	a5,0
    3f04:	b1e9                	j	3bce <__subdf3+0x15a>
    3f06:	fe038693          	addi	a3,t2,-32
    3f0a:	02000613          	li	a2,32
    3f0e:	00d7d6b3          	srl	a3,a5,a3
    3f12:	00c38963          	beq	t2,a2,3f24 <__subdf3+0x4b0>
    3f16:	04000613          	li	a2,64
    3f1a:	40760633          	sub	a2,a2,t2
    3f1e:	00c797b3          	sll	a5,a5,a2
    3f22:	8f5d                	or	a4,a4,a5
    3f24:	00e03633          	snez	a2,a4
    3f28:	8e55                	or	a2,a2,a3
    3f2a:	b6e5                	j	3b12 <__subdf3+0x9e>
    3f2c:	fff38513          	addi	a0,t2,-1
    3f30:	18050e63          	beqz	a0,40cc <__subdf3+0x658>
    3f34:	7ff00593          	li	a1,2047
    3f38:	20b38363          	beq	t2,a1,413e <__subdf3+0x6ca>
    3f3c:	03800613          	li	a2,56
    3f40:	85b6                	mv	a1,a3
    3f42:	0ea65b63          	bge	a2,a0,4038 <__subdf3+0x5c4>
    3f46:	4605                	li	a2,1
    3f48:	40c70633          	sub	a2,a4,a2
    3f4c:	00c73733          	sltu	a4,a4,a2
    3f50:	40e784b3          	sub	s1,a5,a4
    3f54:	841a                	mv	s0,t1
    3f56:	b6e1                	j	3b1e <__subdf3+0xaa>
    3f58:	00361313          	slli	t1,a2,0x3
    3f5c:	01d79713          	slli	a4,a5,0x1d
    3f60:	00335313          	srli	t1,t1,0x3
    3f64:	00e36333          	or	t1,t1,a4
    3f68:	838d                	srli	a5,a5,0x3
    3f6a:	bb15                	j	3c9e <__subdf3+0x22a>
    3f6c:	ff8007b7          	lui	a5,0xff800
    3f70:	17fd                	addi	a5,a5,-1 # ff7fffff <_eusrstack+0xdf7fdfff>
    3f72:	8fe9                	and	a5,a5,a0
    3f74:	01d79313          	slli	t1,a5,0x1d
    3f78:	8c15                	sub	s0,s0,a3
    3f7a:	838d                	srli	a5,a5,0x3
    3f7c:	bd75                	j	3e38 <__subdf3+0x3c4>
    3f7e:	7ff00613          	li	a2,2047
    3f82:	e2c687e3          	beq	a3,a2,3db0 <__subdf3+0x33c>
    3f86:	4602                	lw	a2,0(sp)
    3f88:	97a6                	add	a5,a5,s1
    3f8a:	8436                	mv	s0,a3
    3f8c:	00e60533          	add	a0,a2,a4
    3f90:	00c53733          	sltu	a4,a0,a2
    3f94:	97ba                	add	a5,a5,a4
    3f96:	8105                	srli	a0,a0,0x1
    3f98:	01f79613          	slli	a2,a5,0x1f
    3f9c:	8e49                	or	a2,a2,a0
    3f9e:	891d                	andi	a0,a0,7
    3fa0:	0017d493          	srli	s1,a5,0x1
    3fa4:	be0511e3          	bnez	a0,3b86 <__subdf3+0x112>
    3fa8:	b721                	j	3eb0 <__subdf3+0x43c>
    3faa:	4602                	lw	a2,0(sp)
    3fac:	8f85                	sub	a5,a5,s1
    3fae:	85b6                	mv	a1,a3
    3fb0:	40c70633          	sub	a2,a4,a2
    3fb4:	00c73733          	sltu	a4,a4,a2
    3fb8:	40e784b3          	sub	s1,a5,a4
    3fbc:	be8d                	j	3b2e <__subdf3+0xba>
    3fbe:	12029f63          	bnez	t0,40fc <__subdf3+0x688>
    3fc2:	1c031c63          	bnez	t1,419a <__subdf3+0x726>
    3fc6:	4701                	li	a4,0
    3fc8:	7ff00413          	li	s0,2047
    3fcc:	000807b7          	lui	a5,0x80
    3fd0:	befd                	j	3bce <__subdf3+0x15a>
    3fd2:	4682                	lw	a3,0(sp)
    3fd4:	97a6                	add	a5,a5,s1
    3fd6:	4405                	li	s0,1
    3fd8:	00e68633          	add	a2,a3,a4
    3fdc:	00d63733          	sltu	a4,a2,a3
    3fe0:	00e784b3          	add	s1,a5,a4
    3fe4:	008007b7          	lui	a5,0x800
    3fe8:	8fe5                	and	a5,a5,s1
    3fea:	dc078ae3          	beqz	a5,3dbe <__subdf3+0x34a>
    3fee:	4409                	li	s0,2
    3ff0:	b19d                	j	3c56 <__subdf3+0x1e2>
    3ff2:	4682                	lw	a3,0(sp)
    3ff4:	40f487b3          	sub	a5,s1,a5
    3ff8:	4405                	li	s0,1
    3ffa:	40e68633          	sub	a2,a3,a4
    3ffe:	00c6b733          	sltu	a4,a3,a2
    4002:	40e784b3          	sub	s1,a5,a4
    4006:	be21                	j	3b1e <__subdf3+0xaa>
    4008:	050e                	slli	a0,a0,0x3
    400a:	01d49313          	slli	t1,s1,0x1d
    400e:	810d                	srli	a0,a0,0x3
    4010:	00a36333          	or	t1,t1,a0
    4014:	0034d793          	srli	a5,s1,0x3
    4018:	b159                	j	3c9e <__subdf3+0x22a>
    401a:	d20386e3          	beqz	t2,3d46 <__subdf3+0x2d2>
    401e:	40830533          	sub	a0,t1,s0
    4022:	83aa                	mv	t2,a0
    4024:	e20403e3          	beqz	s0,3e4a <__subdf3+0x3d6>
    4028:	03800613          	li	a2,56
    402c:	18a64663          	blt	a2,a0,41b8 <__subdf3+0x744>
    4030:	00800637          	lui	a2,0x800
    4034:	8cd1                	or	s1,s1,a2
    4036:	85b6                	mv	a1,a3
    4038:	46fd                	li	a3,31
    403a:	04a6c863          	blt	a3,a0,408a <__subdf3+0x616>
    403e:	4402                	lw	s0,0(sp)
    4040:	02000693          	li	a3,32
    4044:	8e89                	sub	a3,a3,a0
    4046:	00d49633          	sll	a2,s1,a3
    404a:	00a452b3          	srl	t0,s0,a0
    404e:	00d416b3          	sll	a3,s0,a3
    4052:	00566633          	or	a2,a2,t0
    4056:	00d036b3          	snez	a3,a3
    405a:	00a4d533          	srl	a0,s1,a0
    405e:	8e55                	or	a2,a2,a3
    4060:	8f89                	sub	a5,a5,a0
    4062:	b5dd                	j	3f48 <__subdf3+0x4d4>
    4064:	fe038613          	addi	a2,t2,-32
    4068:	02000693          	li	a3,32
    406c:	00c7d633          	srl	a2,a5,a2
    4070:	00d38963          	beq	t2,a3,4082 <__subdf3+0x60e>
    4074:	04000693          	li	a3,64
    4078:	407686b3          	sub	a3,a3,t2
    407c:	00d797b3          	sll	a5,a5,a3
    4080:	8f5d                	or	a4,a4,a5
    4082:	00e036b3          	snez	a3,a4
    4086:	8ed1                	or	a3,a3,a2
    4088:	b67d                	j	3c36 <__subdf3+0x1c2>
    408a:	fe050693          	addi	a3,a0,-32 # 7fffe0 <_data_lma+0x7f9520>
    408e:	02000613          	li	a2,32
    4092:	00d4d6b3          	srl	a3,s1,a3
    4096:	00c50a63          	beq	a0,a2,40aa <__subdf3+0x636>
    409a:	04000613          	li	a2,64
    409e:	8e09                	sub	a2,a2,a0
    40a0:	4502                	lw	a0,0(sp)
    40a2:	00c49633          	sll	a2,s1,a2
    40a6:	8e49                	or	a2,a2,a0
    40a8:	c032                	sw	a2,0(sp)
    40aa:	4602                	lw	a2,0(sp)
    40ac:	00c03633          	snez	a2,a2
    40b0:	8e55                	or	a2,a2,a3
    40b2:	bd59                	j	3f48 <__subdf3+0x4d4>
    40b4:	e40305e3          	beqz	t1,3efe <__subdf3+0x48a>
    40b8:	00361713          	slli	a4,a2,0x3
    40bc:	01d79313          	slli	t1,a5,0x1d
    40c0:	830d                	srli	a4,a4,0x3
    40c2:	00e36333          	or	t1,t1,a4
    40c6:	838d                	srli	a5,a5,0x3
    40c8:	85b6                	mv	a1,a3
    40ca:	b3bd                	j	3e38 <__subdf3+0x3c4>
    40cc:	4602                	lw	a2,0(sp)
    40ce:	8f85                	sub	a5,a5,s1
    40d0:	85b6                	mv	a1,a3
    40d2:	40c70633          	sub	a2,a4,a2
    40d6:	00c73733          	sltu	a4,a4,a2
    40da:	40e784b3          	sub	s1,a5,a4
    40de:	4405                	li	s0,1
    40e0:	bc3d                	j	3b1e <__subdf3+0xaa>
    40e2:	00351793          	slli	a5,a0,0x3
    40e6:	838d                	srli	a5,a5,0x3
    40e8:	01d49313          	slli	t1,s1,0x1d
    40ec:	00f36333          	or	t1,t1,a5
    40f0:	0034d793          	srli	a5,s1,0x3
    40f4:	b391                	j	3e38 <__subdf3+0x3c4>
    40f6:	84be                	mv	s1,a5
    40f8:	c03a                	sw	a4,0(sp)
    40fa:	bbb1                	j	3e56 <__subdf3+0x3e2>
    40fc:	ba0315e3          	bnez	t1,3ca6 <__subdf3+0x232>
    4100:	00351793          	slli	a5,a0,0x3
    4104:	838d                	srli	a5,a5,0x3
    4106:	01d49313          	slli	t1,s1,0x1d
    410a:	00f36333          	or	t1,t1,a5
    410e:	0034d793          	srli	a5,s1,0x3
    4112:	b671                	j	3c9e <__subdf3+0x22a>
    4114:	00361313          	slli	t1,a2,0x3
    4118:	01d79713          	slli	a4,a5,0x1d
    411c:	00335313          	srli	t1,t1,0x3
    4120:	00e36333          	or	t1,t1,a4
    4124:	838d                	srli	a5,a5,0x3
    4126:	bb09                	j	3e38 <__subdf3+0x3c4>
    4128:	00351313          	slli	t1,a0,0x3
    412c:	01d49793          	slli	a5,s1,0x1d
    4130:	00335313          	srli	t1,t1,0x3
    4134:	00f36333          	or	t1,t1,a5
    4138:	0034d793          	srli	a5,s1,0x3
    413c:	b9f5                	j	3e38 <__subdf3+0x3c4>
    413e:	00361713          	slli	a4,a2,0x3
    4142:	01d79313          	slli	t1,a5,0x1d
    4146:	830d                	srli	a4,a4,0x3
    4148:	00e36333          	or	t1,t1,a4
    414c:	838d                	srli	a5,a5,0x3
    414e:	85b6                	mv	a1,a3
    4150:	b6b9                	j	3c9e <__subdf3+0x22a>
    4152:	fe050693          	addi	a3,a0,-32
    4156:	02000293          	li	t0,32
    415a:	00d4d633          	srl	a2,s1,a3
    415e:	00550a63          	beq	a0,t0,4172 <__subdf3+0x6fe>
    4162:	04000693          	li	a3,64
    4166:	8e89                	sub	a3,a3,a0
    4168:	4502                	lw	a0,0(sp)
    416a:	00d496b3          	sll	a3,s1,a3
    416e:	8ec9                	or	a3,a3,a0
    4170:	c036                	sw	a3,0(sp)
    4172:	4682                	lw	a3,0(sp)
    4174:	00d036b3          	snez	a3,a3
    4178:	8ed1                	or	a3,a3,a2
    417a:	be75                	j	3d36 <__subdf3+0x2c2>
    417c:	00361713          	slli	a4,a2,0x3
    4180:	01d79313          	slli	t1,a5,0x1d
    4184:	830d                	srli	a4,a4,0x3
    4186:	00e36333          	or	t1,t1,a4
    418a:	838d                	srli	a5,a5,0x3
    418c:	be09                	j	3c9e <__subdf3+0x22a>
    418e:	00566333          	or	t1,a2,t0
    4192:	8496                	mv	s1,t0
    4194:	d0031ee3          	bnez	t1,3eb0 <__subdf3+0x43c>
    4198:	b39d                	j	3efe <__subdf3+0x48a>
    419a:	00361713          	slli	a4,a2,0x3
    419e:	01d79313          	slli	t1,a5,0x1d
    41a2:	830d                	srli	a4,a4,0x3
    41a4:	00676333          	or	t1,a4,t1
    41a8:	838d                	srli	a5,a5,0x3
    41aa:	85b6                	mv	a1,a3
    41ac:	bccd                	j	3c9e <__subdf3+0x22a>
    41ae:	02000793          	li	a5,32
    41b2:	8f95                	sub	a5,a5,a3
    41b4:	4701                	li	a4,0
    41b6:	ba6d                	j	3b70 <__subdf3+0xfc>
    41b8:	85b6                	mv	a1,a3
    41ba:	4605                	li	a2,1
    41bc:	b371                	j	3f48 <__subdf3+0x4d4>
    41be:	ca0388e3          	beqz	t2,3e6e <__subdf3+0x3fa>
    41c2:	40830533          	sub	a0,t1,s0
    41c6:	e019                	bnez	s0,41cc <__subdf3+0x758>
    41c8:	83aa                	mv	t2,a0
    41ca:	b605                	j	3cea <__subdf3+0x276>
    41cc:	03800613          	li	a2,56
    41d0:	4685                	li	a3,1
    41d2:	b6a642e3          	blt	a2,a0,3d36 <__subdf3+0x2c2>
    41d6:	008006b7          	lui	a3,0x800
    41da:	8cd5                	or	s1,s1,a3
    41dc:	be05                	j	3d0c <__subdf3+0x298>

000041de <__fixunsdfsi>:
    41de:	0145d793          	srli	a5,a1,0x14
    41e2:	00100637          	lui	a2,0x100
    41e6:	fff60693          	addi	a3,a2,-1 # fffff <_data_lma+0xf953f>
    41ea:	7ff7f793          	andi	a5,a5,2047
    41ee:	3fe00713          	li	a4,1022
    41f2:	832a                	mv	t1,a0
    41f4:	8eed                	and	a3,a3,a1
    41f6:	4501                	li	a0,0
    41f8:	81fd                	srli	a1,a1,0x1f
    41fa:	00f75363          	bge	a4,a5,4200 <__fixunsdfsi+0x22>
    41fe:	c191                	beqz	a1,4202 <__fixunsdfsi+0x24>
    4200:	8082                	ret
    4202:	41e00713          	li	a4,1054
    4206:	557d                	li	a0,-1
    4208:	fef74ce3          	blt	a4,a5,4200 <__fixunsdfsi+0x22>
    420c:	43300713          	li	a4,1075
    4210:	8f1d                	sub	a4,a4,a5
    4212:	45fd                	li	a1,31
    4214:	8ed1                	or	a3,a3,a2
    4216:	00e5ca63          	blt	a1,a4,422a <__fixunsdfsi+0x4c>
    421a:	bed78793          	addi	a5,a5,-1043 # 7ffbed <_data_lma+0x7f912d>
    421e:	00f696b3          	sll	a3,a3,a5
    4222:	00e35533          	srl	a0,t1,a4
    4226:	8d55                	or	a0,a0,a3
    4228:	8082                	ret
    422a:	41300513          	li	a0,1043
    422e:	8d1d                	sub	a0,a0,a5
    4230:	00a6d533          	srl	a0,a3,a0
    4234:	8082                	ret

00004236 <__floatunsidf>:
    4236:	1151                	addi	sp,sp,-12
    4238:	c222                	sw	s0,4(sp)
    423a:	c406                	sw	ra,8(sp)
    423c:	842a                	mv	s0,a0
    423e:	cd05                	beqz	a0,4276 <__floatunsidf+0x40>
    4240:	31c010ef          	jal	ra,555c <__clzsi2>
    4244:	41e00713          	li	a4,1054
    4248:	8f09                	sub	a4,a4,a0
    424a:	47a9                	li	a5,10
    424c:	7ff77713          	andi	a4,a4,2047
    4250:	02a7cd63          	blt	a5,a0,428a <__floatunsidf+0x54>
    4254:	47ad                	li	a5,11
    4256:	8f89                	sub	a5,a5,a0
    4258:	0555                	addi	a0,a0,21
    425a:	00f457b3          	srl	a5,s0,a5
    425e:	00a41433          	sll	s0,s0,a0
    4262:	40a2                	lw	ra,8(sp)
    4264:	8522                	mv	a0,s0
    4266:	07b2                	slli	a5,a5,0xc
    4268:	4412                	lw	s0,4(sp)
    426a:	83b1                	srli	a5,a5,0xc
    426c:	0752                	slli	a4,a4,0x14
    426e:	8fd9                	or	a5,a5,a4
    4270:	85be                	mv	a1,a5
    4272:	0131                	addi	sp,sp,12
    4274:	8082                	ret
    4276:	40a2                	lw	ra,8(sp)
    4278:	8522                	mv	a0,s0
    427a:	4701                	li	a4,0
    427c:	4412                	lw	s0,4(sp)
    427e:	4781                	li	a5,0
    4280:	0752                	slli	a4,a4,0x14
    4282:	8fd9                	or	a5,a5,a4
    4284:	85be                	mv	a1,a5
    4286:	0131                	addi	sp,sp,12
    4288:	8082                	ret
    428a:	1555                	addi	a0,a0,-11
    428c:	00a417b3          	sll	a5,s0,a0
    4290:	4401                	li	s0,0
    4292:	40a2                	lw	ra,8(sp)
    4294:	8522                	mv	a0,s0
    4296:	07b2                	slli	a5,a5,0xc
    4298:	4412                	lw	s0,4(sp)
    429a:	83b1                	srli	a5,a5,0xc
    429c:	0752                	slli	a4,a4,0x14
    429e:	8fd9                	or	a5,a5,a4
    42a0:	85be                	mv	a1,a5
    42a2:	0131                	addi	sp,sp,12
    42a4:	8082                	ret

000042a6 <__addsf3>:
    42a6:	1141                	addi	sp,sp,-16
    42a8:	00800737          	lui	a4,0x800
    42ac:	177d                	addi	a4,a4,-1 # 7fffff <_data_lma+0x7f953f>
    42ae:	0175d693          	srli	a3,a1,0x17
    42b2:	c226                	sw	s1,4(sp)
    42b4:	01755493          	srli	s1,a0,0x17
    42b8:	00a777b3          	and	a5,a4,a0
    42bc:	c422                	sw	s0,8(sp)
    42be:	8f6d                	and	a4,a4,a1
    42c0:	0ff4f493          	zext.b	s1,s1
    42c4:	01f55413          	srli	s0,a0,0x1f
    42c8:	c606                	sw	ra,12(sp)
    42ca:	0ff6f513          	zext.b	a0,a3
    42ce:	81fd                	srli	a1,a1,0x1f
    42d0:	078e                	slli	a5,a5,0x3
    42d2:	070e                	slli	a4,a4,0x3
    42d4:	40a48633          	sub	a2,s1,a0
    42d8:	04b40163          	beq	s0,a1,431a <__addsf3+0x74>
    42dc:	00c05f63          	blez	a2,42fa <__addsf3+0x54>
    42e0:	ed31                	bnez	a0,433c <__addsf3+0x96>
    42e2:	10070e63          	beqz	a4,43fe <__addsf3+0x158>
    42e6:	fff60693          	addi	a3,a2,-1
    42ea:	2a068b63          	beqz	a3,45a0 <__addsf3+0x2fa>
    42ee:	0ff00593          	li	a1,255
    42f2:	16b60a63          	beq	a2,a1,4466 <__addsf3+0x1c0>
    42f6:	8636                	mv	a2,a3
    42f8:	a889                	j	434a <__addsf3+0xa4>
    42fa:	c261                	beqz	a2,43ba <__addsf3+0x114>
    42fc:	40950633          	sub	a2,a0,s1
    4300:	1c049963          	bnez	s1,44d2 <__addsf3+0x22c>
    4304:	cbfd                	beqz	a5,43fa <__addsf3+0x154>
    4306:	fff60693          	addi	a3,a2,-1
    430a:	2c068563          	beqz	a3,45d4 <__addsf3+0x32e>
    430e:	0ff00313          	li	t1,255
    4312:	14660863          	beq	a2,t1,4462 <__addsf3+0x1bc>
    4316:	8636                	mv	a2,a3
    4318:	a2e1                	j	44e0 <__addsf3+0x23a>
    431a:	86a2                	mv	a3,s0
    431c:	14c05763          	blez	a2,446a <__addsf3+0x1c4>
    4320:	c171                	beqz	a0,43e4 <__addsf3+0x13e>
    4322:	0ff00593          	li	a1,255
    4326:	14b48063          	beq	s1,a1,4466 <__addsf3+0x1c0>
    432a:	040005b7          	lui	a1,0x4000
    432e:	8f4d                	or	a4,a4,a1
    4330:	45ed                	li	a1,27
    4332:	1ec5d663          	bge	a1,a2,451e <__addsf3+0x278>
    4336:	0785                	addi	a5,a5,1
    4338:	8626                	mv	a2,s1
    433a:	a089                	j	437c <__addsf3+0xd6>
    433c:	0ff00693          	li	a3,255
    4340:	12d48363          	beq	s1,a3,4466 <__addsf3+0x1c0>
    4344:	040006b7          	lui	a3,0x4000
    4348:	8f55                	or	a4,a4,a3
    434a:	45ed                	li	a1,27
    434c:	4685                	li	a3,1
    434e:	00c5cd63          	blt	a1,a2,4368 <__addsf3+0xc2>
    4352:	02000693          	li	a3,32
    4356:	8e91                	sub	a3,a3,a2
    4358:	00d716b3          	sll	a3,a4,a3
    435c:	00c75633          	srl	a2,a4,a2
    4360:	00d03733          	snez	a4,a3
    4364:	00e666b3          	or	a3,a2,a4
    4368:	8f95                	sub	a5,a5,a3
    436a:	04000737          	lui	a4,0x4000
    436e:	00e7f6b3          	and	a3,a5,a4
    4372:	e6d5                	bnez	a3,441e <__addsf3+0x178>
    4374:	0077f713          	andi	a4,a5,7
    4378:	8626                	mv	a2,s1
    437a:	c351                	beqz	a4,43fe <__addsf3+0x158>
    437c:	00f7f713          	andi	a4,a5,15
    4380:	4691                	li	a3,4
    4382:	00d70363          	beq	a4,a3,4388 <__addsf3+0xe2>
    4386:	0791                	addi	a5,a5,4
    4388:	04000737          	lui	a4,0x4000
    438c:	8f7d                	and	a4,a4,a5
    438e:	cb25                	beqz	a4,43fe <__addsf3+0x158>
    4390:	00160513          	addi	a0,a2,1
    4394:	0ff00713          	li	a4,255
    4398:	86a2                	mv	a3,s0
    439a:	06e50e63          	beq	a0,a4,4416 <__addsf3+0x170>
    439e:	00679713          	slli	a4,a5,0x6
    43a2:	0ff57513          	zext.b	a0,a0
    43a6:	8325                	srli	a4,a4,0x9
    43a8:	40b2                	lw	ra,12(sp)
    43aa:	4422                	lw	s0,8(sp)
    43ac:	055e                	slli	a0,a0,0x17
    43ae:	8d59                	or	a0,a0,a4
    43b0:	06fe                	slli	a3,a3,0x1f
    43b2:	4492                	lw	s1,4(sp)
    43b4:	8d55                	or	a0,a0,a3
    43b6:	0141                	addi	sp,sp,16
    43b8:	8082                	ret
    43ba:	00148693          	addi	a3,s1,1 # 800001 <_data_lma+0x7f9541>
    43be:	0fe6f693          	andi	a3,a3,254
    43c2:	14069363          	bnez	a3,4508 <__addsf3+0x262>
    43c6:	e8d9                	bnez	s1,445c <__addsf3+0x1b6>
    43c8:	20078263          	beqz	a5,45cc <__addsf3+0x326>
    43cc:	cb75                	beqz	a4,44c0 <__addsf3+0x21a>
    43ce:	40e78533          	sub	a0,a5,a4
    43d2:	040006b7          	lui	a3,0x4000
    43d6:	8ee9                	and	a3,a3,a0
    43d8:	22068263          	beqz	a3,45fc <__addsf3+0x356>
    43dc:	40f707b3          	sub	a5,a4,a5
    43e0:	842e                	mv	s0,a1
    43e2:	a88d                	j	4454 <__addsf3+0x1ae>
    43e4:	cf09                	beqz	a4,43fe <__addsf3+0x158>
    43e6:	fff60593          	addi	a1,a2,-1
    43ea:	1a058363          	beqz	a1,4590 <__addsf3+0x2ea>
    43ee:	0ff00513          	li	a0,255
    43f2:	06a60a63          	beq	a2,a0,4466 <__addsf3+0x1c0>
    43f6:	862e                	mv	a2,a1
    43f8:	bf25                	j	4330 <__addsf3+0x8a>
    43fa:	842e                	mv	s0,a1
    43fc:	87ba                	mv	a5,a4
    43fe:	0ff00713          	li	a4,255
    4402:	838d                	srli	a5,a5,0x3
    4404:	0ce61063          	bne	a2,a4,44c4 <__addsf3+0x21e>
    4408:	cfc9                	beqz	a5,44a2 <__addsf3+0x1fc>
    440a:	4681                	li	a3,0
    440c:	0ff00513          	li	a0,255
    4410:	00400737          	lui	a4,0x400
    4414:	bf51                	j	43a8 <__addsf3+0x102>
    4416:	0ff00513          	li	a0,255
    441a:	4701                	li	a4,0
    441c:	b771                	j	43a8 <__addsf3+0x102>
    441e:	177d                	addi	a4,a4,-1 # 3fffff <_data_lma+0x3f953f>
    4420:	00e7f6b3          	and	a3,a5,a4
    4424:	8536                	mv	a0,a3
    4426:	c036                	sw	a3,0(sp)
    4428:	134010ef          	jal	ra,555c <__clzsi2>
    442c:	4682                	lw	a3,0(sp)
    442e:	156d                	addi	a0,a0,-5
    4430:	00a696b3          	sll	a3,a3,a0
    4434:	06954063          	blt	a0,s1,4494 <__addsf3+0x1ee>
    4438:	8d05                	sub	a0,a0,s1
    443a:	00150793          	addi	a5,a0,1
    443e:	02000713          	li	a4,32
    4442:	8f1d                	sub	a4,a4,a5
    4444:	00e69733          	sll	a4,a3,a4
    4448:	00f6d7b3          	srl	a5,a3,a5
    444c:	00e03733          	snez	a4,a4
    4450:	8fd9                	or	a5,a5,a4
    4452:	4601                	li	a2,0
    4454:	0077f713          	andi	a4,a5,7
    4458:	f315                	bnez	a4,437c <__addsf3+0xd6>
    445a:	b73d                	j	4388 <__addsf3+0xe2>
    445c:	14079763          	bnez	a5,45aa <__addsf3+0x304>
    4460:	d74d                	beqz	a4,440a <__addsf3+0x164>
    4462:	842e                	mv	s0,a1
    4464:	87ba                	mv	a5,a4
    4466:	838d                	srli	a5,a5,0x3
    4468:	b745                	j	4408 <__addsf3+0x162>
    446a:	c229                	beqz	a2,44ac <__addsf3+0x206>
    446c:	40950633          	sub	a2,a0,s1
    4470:	e4fd                	bnez	s1,455e <__addsf3+0x2b8>
    4472:	d7c9                	beqz	a5,43fc <__addsf3+0x156>
    4474:	fff60593          	addi	a1,a2,-1
    4478:	10058c63          	beqz	a1,4590 <__addsf3+0x2ea>
    447c:	0ff00313          	li	t1,255
    4480:	fe6602e3          	beq	a2,t1,4464 <__addsf3+0x1be>
    4484:	862e                	mv	a2,a1
    4486:	45ed                	li	a1,27
    4488:	12c5d563          	bge	a1,a2,45b2 <__addsf3+0x30c>
    448c:	00170793          	addi	a5,a4,1
    4490:	862a                	mv	a2,a0
    4492:	b5ed                	j	437c <__addsf3+0xd6>
    4494:	fc0007b7          	lui	a5,0xfc000
    4498:	17fd                	addi	a5,a5,-1 # fbffffff <_eusrstack+0xdbffdfff>
    449a:	40a48633          	sub	a2,s1,a0
    449e:	8ff5                	and	a5,a5,a3
    44a0:	bf55                	j	4454 <__addsf3+0x1ae>
    44a2:	86a2                	mv	a3,s0
    44a4:	0ff00513          	li	a0,255
    44a8:	4701                	li	a4,0
    44aa:	bdfd                	j	43a8 <__addsf3+0x102>
    44ac:	00148613          	addi	a2,s1,1
    44b0:	0fe67593          	andi	a1,a2,254
    44b4:	edcd                	bnez	a1,456e <__addsf3+0x2c8>
    44b6:	e8e5                	bnez	s1,45a6 <__addsf3+0x300>
    44b8:	12078363          	beqz	a5,45de <__addsf3+0x338>
    44bc:	12071363          	bnez	a4,45e2 <__addsf3+0x33c>
    44c0:	838d                	srli	a5,a5,0x3
    44c2:	4601                	li	a2,0
    44c4:	07a6                	slli	a5,a5,0x9
    44c6:	0097d713          	srli	a4,a5,0x9
    44ca:	0ff67513          	zext.b	a0,a2
    44ce:	86a2                	mv	a3,s0
    44d0:	bde1                	j	43a8 <__addsf3+0x102>
    44d2:	0ff00693          	li	a3,255
    44d6:	f8d506e3          	beq	a0,a3,4462 <__addsf3+0x1bc>
    44da:	040006b7          	lui	a3,0x4000
    44de:	8fd5                	or	a5,a5,a3
    44e0:	436d                	li	t1,27
    44e2:	4685                	li	a3,1
    44e4:	00c34d63          	blt	t1,a2,44fe <__addsf3+0x258>
    44e8:	02000693          	li	a3,32
    44ec:	8e91                	sub	a3,a3,a2
    44ee:	00d796b3          	sll	a3,a5,a3
    44f2:	00c7d633          	srl	a2,a5,a2
    44f6:	00d037b3          	snez	a5,a3
    44fa:	00f666b3          	or	a3,a2,a5
    44fe:	40d707b3          	sub	a5,a4,a3
    4502:	84aa                	mv	s1,a0
    4504:	842e                	mv	s0,a1
    4506:	b595                	j	436a <__addsf3+0xc4>
    4508:	40e786b3          	sub	a3,a5,a4
    450c:	04000637          	lui	a2,0x4000
    4510:	8e75                	and	a2,a2,a3
    4512:	ea3d                	bnez	a2,4588 <__addsf3+0x2e2>
    4514:	fa81                	bnez	a3,4424 <__addsf3+0x17e>
    4516:	4681                	li	a3,0
    4518:	4501                	li	a0,0
    451a:	4701                	li	a4,0
    451c:	b571                	j	43a8 <__addsf3+0x102>
    451e:	02000593          	li	a1,32
    4522:	8d91                	sub	a1,a1,a2
    4524:	00b715b3          	sll	a1,a4,a1
    4528:	00c75733          	srl	a4,a4,a2
    452c:	00b03633          	snez	a2,a1
    4530:	8f51                	or	a4,a4,a2
    4532:	97ba                	add	a5,a5,a4
    4534:	04000737          	lui	a4,0x4000
    4538:	8f7d                	and	a4,a4,a5
    453a:	e2070de3          	beqz	a4,4374 <__addsf3+0xce>
    453e:	00148613          	addi	a2,s1,1
    4542:	0ff00513          	li	a0,255
    4546:	4701                	li	a4,0
    4548:	e6a600e3          	beq	a2,a0,43a8 <__addsf3+0x102>
    454c:	7e0006b7          	lui	a3,0x7e000
    4550:	0017d713          	srli	a4,a5,0x1
    4554:	16fd                	addi	a3,a3,-1 # 7dffffff <_eusrstack+0x5dffdfff>
    4556:	8b85                	andi	a5,a5,1
    4558:	8f75                	and	a4,a4,a3
    455a:	8fd9                	or	a5,a5,a4
    455c:	bde5                	j	4454 <__addsf3+0x1ae>
    455e:	0ff00593          	li	a1,255
    4562:	f0b501e3          	beq	a0,a1,4464 <__addsf3+0x1be>
    4566:	040005b7          	lui	a1,0x4000
    456a:	8fcd                	or	a5,a5,a1
    456c:	bf29                	j	4486 <__addsf3+0x1e0>
    456e:	0ff00593          	li	a1,255
    4572:	eab602e3          	beq	a2,a1,4416 <__addsf3+0x170>
    4576:	973e                	add	a4,a4,a5
    4578:	00175793          	srli	a5,a4,0x1
    457c:	0077f693          	andi	a3,a5,7
    4580:	de069ee3          	bnez	a3,437c <__addsf3+0xd6>
    4584:	838d                	srli	a5,a5,0x3
    4586:	bf3d                	j	44c4 <__addsf3+0x21e>
    4588:	40f706b3          	sub	a3,a4,a5
    458c:	842e                	mv	s0,a1
    458e:	bd59                	j	4424 <__addsf3+0x17e>
    4590:	97ba                	add	a5,a5,a4
    4592:	04000737          	lui	a4,0x4000
    4596:	8f7d                	and	a4,a4,a5
    4598:	4609                	li	a2,2
    459a:	4485                	li	s1,1
    459c:	fb45                	bnez	a4,454c <__addsf3+0x2a6>
    459e:	bbd9                	j	4374 <__addsf3+0xce>
    45a0:	8f99                	sub	a5,a5,a4
    45a2:	4485                	li	s1,1
    45a4:	b3d9                	j	436a <__addsf3+0xc4>
    45a6:	ea078fe3          	beqz	a5,4464 <__addsf3+0x1be>
    45aa:	e60710e3          	bnez	a4,440a <__addsf3+0x164>
    45ae:	838d                	srli	a5,a5,0x3
    45b0:	bda1                	j	4408 <__addsf3+0x162>
    45b2:	02000593          	li	a1,32
    45b6:	8d91                	sub	a1,a1,a2
    45b8:	00b795b3          	sll	a1,a5,a1
    45bc:	00c7d7b3          	srl	a5,a5,a2
    45c0:	00b03633          	snez	a2,a1
    45c4:	8fd1                	or	a5,a5,a2
    45c6:	97ba                	add	a5,a5,a4
    45c8:	84aa                	mv	s1,a0
    45ca:	b7ad                	j	4534 <__addsf3+0x28e>
    45cc:	d729                	beqz	a4,4516 <__addsf3+0x270>
    45ce:	842e                	mv	s0,a1
    45d0:	87ba                	mv	a5,a4
    45d2:	b5fd                	j	44c0 <__addsf3+0x21a>
    45d4:	40f707b3          	sub	a5,a4,a5
    45d8:	842e                	mv	s0,a1
    45da:	4485                	li	s1,1
    45dc:	b379                	j	436a <__addsf3+0xc4>
    45de:	87ba                	mv	a5,a4
    45e0:	b5c5                	j	44c0 <__addsf3+0x21a>
    45e2:	97ba                	add	a5,a5,a4
    45e4:	040006b7          	lui	a3,0x4000
    45e8:	8efd                	and	a3,a3,a5
    45ea:	4601                	li	a2,0
    45ec:	dec1                	beqz	a3,4584 <__addsf3+0x2de>
    45ee:	fc000737          	lui	a4,0xfc000
    45f2:	177d                	addi	a4,a4,-1 # fbffffff <_eusrstack+0xdbffdfff>
    45f4:	8ff9                	and	a5,a5,a4
    45f6:	4605                	li	a2,1
    45f8:	838d                	srli	a5,a5,0x3
    45fa:	b5e9                	j	44c4 <__addsf3+0x21e>
    45fc:	87aa                	mv	a5,a0
    45fe:	dd01                	beqz	a0,4516 <__addsf3+0x270>
    4600:	838d                	srli	a5,a5,0x3
    4602:	b5c9                	j	44c4 <__addsf3+0x21e>

00004604 <__divsf3>:
    4604:	fdc10113          	addi	sp,sp,-36
    4608:	01755793          	srli	a5,a0,0x17
    460c:	cc26                	sw	s1,24(sp)
    460e:	00951693          	slli	a3,a0,0x9
    4612:	d006                	sw	ra,32(sp)
    4614:	ce22                	sw	s0,28(sp)
    4616:	0ff7f793          	zext.b	a5,a5
    461a:	84ae                	mv	s1,a1
    461c:	82a5                	srli	a3,a3,0x9
    461e:	01f55713          	srli	a4,a0,0x1f
    4622:	c3e1                	beqz	a5,46e2 <__divsf3+0xde>
    4624:	0ff00613          	li	a2,255
    4628:	0cc78263          	beq	a5,a2,46ec <__divsf3+0xe8>
    462c:	068e                	slli	a3,a3,0x3
    462e:	04000637          	lui	a2,0x4000
    4632:	8ed1                	or	a3,a3,a2
    4634:	f8178313          	addi	t1,a5,-127
    4638:	4401                	li	s0,0
    463a:	4281                	li	t0,0
    463c:	0174d793          	srli	a5,s1,0x17
    4640:	00949593          	slli	a1,s1,0x9
    4644:	0ff7f793          	zext.b	a5,a5
    4648:	81a5                	srli	a1,a1,0x9
    464a:	80fd                	srli	s1,s1,0x1f
    464c:	cbb5                	beqz	a5,46c0 <__divsf3+0xbc>
    464e:	0ff00613          	li	a2,255
    4652:	0ac78363          	beq	a5,a2,46f8 <__divsf3+0xf4>
    4656:	058e                	slli	a1,a1,0x3
    4658:	04000637          	lui	a2,0x4000
    465c:	8dd1                	or	a1,a1,a2
    465e:	f8178793          	addi	a5,a5,-127
    4662:	4501                	li	a0,0
    4664:	43bd                	li	t2,15
    4666:	00974633          	xor	a2,a4,s1
    466a:	40f30333          	sub	t1,t1,a5
    466e:	1a83ee63          	bltu	t2,s0,482a <__divsf3+0x226>
    4672:	00002397          	auipc	t2,0x2
    4676:	21238393          	addi	t2,t2,530 # 6884 <OLED_F8x16+0x644>
    467a:	040a                	slli	s0,s0,0x2
    467c:	941e                	add	s0,s0,t2
    467e:	401c                	lw	a5,0(s0)
    4680:	979e                	add	a5,a5,t2
    4682:	8782                	jr	a5
    4684:	0ff00793          	li	a5,255
    4688:	4701                	li	a4,0
    468a:	5082                	lw	ra,32(sp)
    468c:	4472                	lw	s0,28(sp)
    468e:	01779513          	slli	a0,a5,0x17
    4692:	8d59                	or	a0,a0,a4
    4694:	067e                	slli	a2,a2,0x1f
    4696:	44e2                	lw	s1,24(sp)
    4698:	8d51                	or	a0,a0,a2
    469a:	02410113          	addi	sp,sp,36
    469e:	8082                	ret
    46a0:	478d                	li	a5,3
    46a2:	00f28963          	beq	t0,a5,46b4 <__divsf3+0xb0>
    46a6:	4785                	li	a5,1
    46a8:	0ef29d63          	bne	t0,a5,47a2 <__divsf3+0x19e>
    46ac:	862a                	mv	a2,a0
    46ae:	4781                	li	a5,0
    46b0:	4701                	li	a4,0
    46b2:	bfe1                	j	468a <__divsf3+0x86>
    46b4:	4601                	li	a2,0
    46b6:	0ff00793          	li	a5,255
    46ba:	00400737          	lui	a4,0x400
    46be:	b7f1                	j	468a <__divsf3+0x86>
    46c0:	e9d9                	bnez	a1,4756 <__divsf3+0x152>
    46c2:	00146413          	ori	s0,s0,1
    46c6:	47b5                	li	a5,13
    46c8:	00974633          	xor	a2,a4,s1
    46cc:	fa87ece3          	bltu	a5,s0,4684 <__divsf3+0x80>
    46d0:	00002597          	auipc	a1,0x2
    46d4:	1f458593          	addi	a1,a1,500 # 68c4 <OLED_F8x16+0x684>
    46d8:	040a                	slli	s0,s0,0x2
    46da:	942e                	add	s0,s0,a1
    46dc:	401c                	lw	a5,0(s0)
    46de:	97ae                	add	a5,a5,a1
    46e0:	8782                	jr	a5
    46e2:	eaa1                	bnez	a3,4732 <__divsf3+0x12e>
    46e4:	4411                	li	s0,4
    46e6:	4301                	li	t1,0
    46e8:	4285                	li	t0,1
    46ea:	bf89                	j	463c <__divsf3+0x38>
    46ec:	ee95                	bnez	a3,4728 <__divsf3+0x124>
    46ee:	4421                	li	s0,8
    46f0:	0ff00313          	li	t1,255
    46f4:	4289                	li	t0,2
    46f6:	b799                	j	463c <__divsf3+0x38>
    46f8:	e195                	bnez	a1,471c <__divsf3+0x118>
    46fa:	00246413          	ori	s0,s0,2
    46fe:	1475                	addi	s0,s0,-3
    4700:	45ad                	li	a1,11
    4702:	00974633          	xor	a2,a4,s1
    4706:	fa85e4e3          	bltu	a1,s0,46ae <__divsf3+0xaa>
    470a:	00002517          	auipc	a0,0x2
    470e:	1f250513          	addi	a0,a0,498 # 68fc <OLED_F8x16+0x6bc>
    4712:	040a                	slli	s0,s0,0x2
    4714:	942a                	add	s0,s0,a0
    4716:	400c                	lw	a1,0(s0)
    4718:	95aa                	add	a1,a1,a0
    471a:	8582                	jr	a1
    471c:	00346413          	ori	s0,s0,3
    4720:	0ff00793          	li	a5,255
    4724:	450d                	li	a0,3
    4726:	bf3d                	j	4664 <__divsf3+0x60>
    4728:	4431                	li	s0,12
    472a:	0ff00313          	li	t1,255
    472e:	428d                	li	t0,3
    4730:	b731                	j	463c <__divsf3+0x38>
    4732:	8536                	mv	a0,a3
    4734:	c23a                	sw	a4,4(sp)
    4736:	c036                	sw	a3,0(sp)
    4738:	625000ef          	jal	ra,555c <__clzsi2>
    473c:	4682                	lw	a3,0(sp)
    473e:	ffb50793          	addi	a5,a0,-5
    4742:	4712                	lw	a4,4(sp)
    4744:	00f696b3          	sll	a3,a3,a5
    4748:	f8a00793          	li	a5,-118
    474c:	40a78333          	sub	t1,a5,a0
    4750:	4401                	li	s0,0
    4752:	4281                	li	t0,0
    4754:	b5e5                	j	463c <__divsf3+0x38>
    4756:	852e                	mv	a0,a1
    4758:	c81a                	sw	t1,16(sp)
    475a:	c636                	sw	a3,12(sp)
    475c:	c416                	sw	t0,8(sp)
    475e:	c23a                	sw	a4,4(sp)
    4760:	c02e                	sw	a1,0(sp)
    4762:	5fb000ef          	jal	ra,555c <__clzsi2>
    4766:	4582                	lw	a1,0(sp)
    4768:	ffb50793          	addi	a5,a0,-5
    476c:	4712                	lw	a4,4(sp)
    476e:	00f595b3          	sll	a1,a1,a5
    4772:	f8a00793          	li	a5,-118
    4776:	8f89                	sub	a5,a5,a0
    4778:	42a2                	lw	t0,8(sp)
    477a:	46b2                	lw	a3,12(sp)
    477c:	4342                	lw	t1,16(sp)
    477e:	4501                	li	a0,0
    4780:	b5d5                	j	4664 <__divsf3+0x60>
    4782:	f0130313          	addi	t1,t1,-255 # 7fff01 <_data_lma+0x7f9441>
    4786:	4789                	li	a5,2
    4788:	853a                	mv	a0,a4
    478a:	f0f29be3          	bne	t0,a5,46a0 <__divsf3+0x9c>
    478e:	862a                	mv	a2,a0
    4790:	0ff00793          	li	a5,255
    4794:	4701                	li	a4,0
    4796:	bdd5                	j	468a <__divsf3+0x86>
    4798:	478d                	li	a5,3
    479a:	f0f50de3          	beq	a0,a5,46b4 <__divsf3+0xb0>
    479e:	8526                	mv	a0,s1
    47a0:	86ae                	mv	a3,a1
    47a2:	862a                	mv	a2,a0
    47a4:	07f30793          	addi	a5,t1,127
    47a8:	02f05f63          	blez	a5,47e6 <__divsf3+0x1e2>
    47ac:	0076f713          	andi	a4,a3,7
    47b0:	c719                	beqz	a4,47be <__divsf3+0x1ba>
    47b2:	00f6f713          	andi	a4,a3,15
    47b6:	4591                	li	a1,4
    47b8:	00b70363          	beq	a4,a1,47be <__divsf3+0x1ba>
    47bc:	0691                	addi	a3,a3,4 # 4000004 <_data_lma+0x3ff9544>
    47be:	08000737          	lui	a4,0x8000
    47c2:	8f75                	and	a4,a4,a3
    47c4:	c719                	beqz	a4,47d2 <__divsf3+0x1ce>
    47c6:	f80007b7          	lui	a5,0xf8000
    47ca:	17fd                	addi	a5,a5,-1 # f7ffffff <_eusrstack+0xd7ffdfff>
    47cc:	8efd                	and	a3,a3,a5
    47ce:	08030793          	addi	a5,t1,128
    47d2:	0fe00713          	li	a4,254
    47d6:	eaf747e3          	blt	a4,a5,4684 <__divsf3+0x80>
    47da:	00669713          	slli	a4,a3,0x6
    47de:	8325                	srli	a4,a4,0x9
    47e0:	0ff7f793          	zext.b	a5,a5
    47e4:	b55d                	j	468a <__divsf3+0x86>
    47e6:	4585                	li	a1,1
    47e8:	c799                	beqz	a5,47f6 <__divsf3+0x1f2>
    47ea:	8d9d                	sub	a1,a1,a5
    47ec:	456d                	li	a0,27
    47ee:	4781                	li	a5,0
    47f0:	4701                	li	a4,0
    47f2:	e8b54ce3          	blt	a0,a1,468a <__divsf3+0x86>
    47f6:	09e30713          	addi	a4,t1,158
    47fa:	00e69733          	sll	a4,a3,a4
    47fe:	00e03733          	snez	a4,a4
    4802:	00b6d7b3          	srl	a5,a3,a1
    4806:	8fd9                	or	a5,a5,a4
    4808:	0077f713          	andi	a4,a5,7
    480c:	c719                	beqz	a4,481a <__divsf3+0x216>
    480e:	00f7f713          	andi	a4,a5,15
    4812:	4691                	li	a3,4
    4814:	00d70363          	beq	a4,a3,481a <__divsf3+0x216>
    4818:	0791                	addi	a5,a5,4
    481a:	04000737          	lui	a4,0x4000
    481e:	8f7d                	and	a4,a4,a5
    4820:	10070d63          	beqz	a4,493a <__divsf3+0x336>
    4824:	4785                	li	a5,1
    4826:	4701                	li	a4,0
    4828:	b58d                	j	468a <__divsf3+0x86>
    482a:	67c1                	lui	a5,0x10
    482c:	00559493          	slli	s1,a1,0x5
    4830:	17fd                	addi	a5,a5,-1 # ffff <_data_lma+0x953f>
    4832:	0104d713          	srli	a4,s1,0x10
    4836:	8fe5                	and	a5,a5,s1
    4838:	c03a                	sw	a4,0(sp)
    483a:	c23e                	sw	a5,4(sp)
    483c:	0ab6fe63          	bgeu	a3,a1,48f8 <__divsf3+0x2f4>
    4840:	8536                	mv	a0,a3
    4842:	85ba                	mv	a1,a4
    4844:	c832                	sw	a2,16(sp)
    4846:	c61a                	sw	t1,12(sp)
    4848:	c436                	sw	a3,8(sp)
    484a:	87bfb0ef          	jal	ra,c4 <__hidden___udivsi3>
    484e:	4792                	lw	a5,4(sp)
    4850:	46a2                	lw	a3,8(sp)
    4852:	4332                	lw	t1,12(sp)
    4854:	4642                	lw	a2,16(sp)
    4856:	02f502b3          	mul	t0,a0,a5
    485a:	842a                	mv	s0,a0
    485c:	87b6                	mv	a5,a3
    485e:	137d                	addi	t1,t1,-1
    4860:	4681                	li	a3,0
    4862:	4582                	lw	a1,0(sp)
    4864:	853e                	mv	a0,a5
    4866:	ca32                	sw	a2,20(sp)
    4868:	c836                	sw	a3,16(sp)
    486a:	c616                	sw	t0,12(sp)
    486c:	c41a                	sw	t1,8(sp)
    486e:	883fb0ef          	jal	ra,f0 <__umodsi3>
    4872:	46c2                	lw	a3,16(sp)
    4874:	42b2                	lw	t0,12(sp)
    4876:	01051793          	slli	a5,a0,0x10
    487a:	8fd5                	or	a5,a5,a3
    487c:	4322                	lw	t1,8(sp)
    487e:	4652                	lw	a2,20(sp)
    4880:	0057f863          	bgeu	a5,t0,4890 <__divsf3+0x28c>
    4884:	97a6                	add	a5,a5,s1
    4886:	fff40693          	addi	a3,s0,-1
    488a:	0a97f363          	bgeu	a5,s1,4930 <__divsf3+0x32c>
    488e:	8436                	mv	s0,a3
    4890:	4582                	lw	a1,0(sp)
    4892:	405787b3          	sub	a5,a5,t0
    4896:	853e                	mv	a0,a5
    4898:	ca32                	sw	a2,20(sp)
    489a:	c81a                	sw	t1,16(sp)
    489c:	c63e                	sw	a5,12(sp)
    489e:	827fb0ef          	jal	ra,c4 <__hidden___udivsi3>
    48a2:	4792                	lw	a5,4(sp)
    48a4:	4582                	lw	a1,0(sp)
    48a6:	c42a                	sw	a0,8(sp)
    48a8:	02f503b3          	mul	t2,a0,a5
    48ac:	47b2                	lw	a5,12(sp)
    48ae:	853e                	mv	a0,a5
    48b0:	c21e                	sw	t2,4(sp)
    48b2:	83ffb0ef          	jal	ra,f0 <__umodsi3>
    48b6:	4392                	lw	t2,4(sp)
    48b8:	01051693          	slli	a3,a0,0x10
    48bc:	42a2                	lw	t0,8(sp)
    48be:	4342                	lw	t1,16(sp)
    48c0:	4652                	lw	a2,20(sp)
    48c2:	0276f163          	bgeu	a3,t2,48e4 <__divsf3+0x2e0>
    48c6:	009687b3          	add	a5,a3,s1
    48ca:	00d7b5b3          	sltu	a1,a5,a3
    48ce:	fff28513          	addi	a0,t0,-1
    48d2:	86be                	mv	a3,a5
    48d4:	e599                	bnez	a1,48e2 <__divsf3+0x2de>
    48d6:	0077f663          	bgeu	a5,t2,48e2 <__divsf3+0x2de>
    48da:	12f9                	addi	t0,t0,-2
    48dc:	009786b3          	add	a3,a5,s1
    48e0:	a011                	j	48e4 <__divsf3+0x2e0>
    48e2:	82aa                	mv	t0,a0
    48e4:	01041713          	slli	a4,s0,0x10
    48e8:	407686b3          	sub	a3,a3,t2
    48ec:	00576733          	or	a4,a4,t0
    48f0:	00d036b3          	snez	a3,a3
    48f4:	8ed9                	or	a3,a3,a4
    48f6:	b57d                	j	47a4 <__divsf3+0x1a0>
    48f8:	4582                	lw	a1,0(sp)
    48fa:	0016d793          	srli	a5,a3,0x1
    48fe:	853e                	mv	a0,a5
    4900:	ca32                	sw	a2,20(sp)
    4902:	c81a                	sw	t1,16(sp)
    4904:	c636                	sw	a3,12(sp)
    4906:	c43e                	sw	a5,8(sp)
    4908:	fbcfb0ef          	jal	ra,c4 <__hidden___udivsi3>
    490c:	46b2                	lw	a3,12(sp)
    490e:	4792                	lw	a5,4(sp)
    4910:	4652                	lw	a2,20(sp)
    4912:	06fe                	slli	a3,a3,0x1f
    4914:	02f502b3          	mul	t0,a0,a5
    4918:	4342                	lw	t1,16(sp)
    491a:	47a2                	lw	a5,8(sp)
    491c:	842a                	mv	s0,a0
    491e:	82c1                	srli	a3,a3,0x10
    4920:	b789                	j	4862 <__divsf3+0x25e>
    4922:	8526                	mv	a0,s1
    4924:	862a                	mv	a2,a0
    4926:	b361                	j	46ae <__divsf3+0xaa>
    4928:	4601                	li	a2,0
    492a:	00400737          	lui	a4,0x400
    492e:	bbb1                	j	468a <__divsf3+0x86>
    4930:	f457ffe3          	bgeu	a5,t0,488e <__divsf3+0x28a>
    4934:	1479                	addi	s0,s0,-2
    4936:	97a6                	add	a5,a5,s1
    4938:	bfa1                	j	4890 <__divsf3+0x28c>
    493a:	079a                	slli	a5,a5,0x6
    493c:	0097d713          	srli	a4,a5,0x9
    4940:	4781                	li	a5,0
    4942:	b3a1                	j	468a <__divsf3+0x86>
    4944:	8526                	mv	a0,s1
    4946:	b5a1                	j	478e <__divsf3+0x18a>

00004948 <__eqsf2>:
    4948:	01755693          	srli	a3,a0,0x17
    494c:	008007b7          	lui	a5,0x800
    4950:	17fd                	addi	a5,a5,-1 # 7fffff <_data_lma+0x7f953f>
    4952:	0175d613          	srli	a2,a1,0x17
    4956:	0ff6f693          	zext.b	a3,a3
    495a:	0ff00313          	li	t1,255
    495e:	00a7f2b3          	and	t0,a5,a0
    4962:	01f55713          	srli	a4,a0,0x1f
    4966:	8fed                	and	a5,a5,a1
    4968:	0ff67613          	zext.b	a2,a2
    496c:	81fd                	srli	a1,a1,0x1f
    496e:	4505                	li	a0,1
    4970:	02668263          	beq	a3,t1,4994 <__eqsf2+0x4c>
    4974:	00660763          	beq	a2,t1,4982 <__eqsf2+0x3a>
    4978:	00c69463          	bne	a3,a2,4980 <__eqsf2+0x38>
    497c:	00f28463          	beq	t0,a5,4984 <__eqsf2+0x3c>
    4980:	8082                	ret
    4982:	8082                	ret
    4984:	4501                	li	a0,0
    4986:	feb70de3          	beq	a4,a1,4980 <__eqsf2+0x38>
    498a:	4505                	li	a0,1
    498c:	faf5                	bnez	a3,4980 <__eqsf2+0x38>
    498e:	00503533          	snez	a0,t0
    4992:	8082                	ret
    4994:	fed616e3          	bne	a2,a3,4980 <__eqsf2+0x38>
    4998:	00f2e7b3          	or	a5,t0,a5
    499c:	f3f5                	bnez	a5,4980 <__eqsf2+0x38>
    499e:	00b74533          	xor	a0,a4,a1
    49a2:	8082                	ret

000049a4 <__gesf2>:
    49a4:	01755613          	srli	a2,a0,0x17
    49a8:	00800737          	lui	a4,0x800
    49ac:	177d                	addi	a4,a4,-1 # 7fffff <_data_lma+0x7f953f>
    49ae:	0175d693          	srli	a3,a1,0x17
    49b2:	0ff67613          	zext.b	a2,a2
    49b6:	0ff00313          	li	t1,255
    49ba:	00a772b3          	and	t0,a4,a0
    49be:	01f55793          	srli	a5,a0,0x1f
    49c2:	8f6d                	and	a4,a4,a1
    49c4:	0ff6f513          	zext.b	a0,a3
    49c8:	81fd                	srli	a1,a1,0x1f
    49ca:	02660563          	beq	a2,t1,49f4 <__gesf2+0x50>
    49ce:	00650a63          	beq	a0,t1,49e2 <__gesf2+0x3e>
    49d2:	ea05                	bnez	a2,4a02 <__gesf2+0x5e>
    49d4:	e909                	bnez	a0,49e6 <__gesf2+0x42>
    49d6:	c339                	beqz	a4,4a1c <__gesf2+0x78>
    49d8:	04029e63          	bnez	t0,4a34 <__gesf2+0x90>
    49dc:	c9a1                	beqz	a1,4a2c <__gesf2+0x88>
    49de:	852e                	mv	a0,a1
    49e0:	8082                	ret
    49e2:	e739                	bnez	a4,4a30 <__gesf2+0x8c>
    49e4:	e219                	bnez	a2,49ea <__gesf2+0x46>
    49e6:	fe028be3          	beqz	t0,49dc <__gesf2+0x38>
    49ea:	00b79963          	bne	a5,a1,49fc <__gesf2+0x58>
    49ee:	cf9d                	beqz	a5,4a2c <__gesf2+0x88>
    49f0:	853e                	mv	a0,a5
    49f2:	8082                	ret
    49f4:	02029e63          	bnez	t0,4a30 <__gesf2+0x8c>
    49f8:	02c50563          	beq	a0,a2,4a22 <__gesf2+0x7e>
    49fc:	4505                	li	a0,1
    49fe:	e79d                	bnez	a5,4a2c <__gesf2+0x88>
    4a00:	8082                	ret
    4a02:	dd6d                	beqz	a0,49fc <__gesf2+0x58>
    4a04:	feb79ce3          	bne	a5,a1,49fc <__gesf2+0x58>
    4a08:	fec54ae3          	blt	a0,a2,49fc <__gesf2+0x58>
    4a0c:	fea641e3          	blt	a2,a0,49ee <__gesf2+0x4a>
    4a10:	fe5766e3          	bltu	a4,t0,49fc <__gesf2+0x58>
    4a14:	4501                	li	a0,0
    4a16:	fce2ece3          	bltu	t0,a4,49ee <__gesf2+0x4a>
    4a1a:	8082                	ret
    4a1c:	fe0290e3          	bnez	t0,49fc <__gesf2+0x58>
    4a20:	8082                	ret
    4a22:	e719                	bnez	a4,4a30 <__gesf2+0x8c>
    4a24:	fcb79ce3          	bne	a5,a1,49fc <__gesf2+0x58>
    4a28:	4501                	li	a0,0
    4a2a:	8082                	ret
    4a2c:	557d                	li	a0,-1
    4a2e:	8082                	ret
    4a30:	5579                	li	a0,-2
    4a32:	8082                	ret
    4a34:	fcb78ee3          	beq	a5,a1,4a10 <__gesf2+0x6c>
    4a38:	b7d1                	j	49fc <__gesf2+0x58>

00004a3a <__lesf2>:
    4a3a:	01755613          	srli	a2,a0,0x17
    4a3e:	00800737          	lui	a4,0x800
    4a42:	177d                	addi	a4,a4,-1 # 7fffff <_data_lma+0x7f953f>
    4a44:	0175d693          	srli	a3,a1,0x17
    4a48:	0ff67613          	zext.b	a2,a2
    4a4c:	0ff00313          	li	t1,255
    4a50:	00a772b3          	and	t0,a4,a0
    4a54:	01f55793          	srli	a5,a0,0x1f
    4a58:	8f6d                	and	a4,a4,a1
    4a5a:	0ff6f513          	zext.b	a0,a3
    4a5e:	81fd                	srli	a1,a1,0x1f
    4a60:	02660663          	beq	a2,t1,4a8c <__lesf2+0x52>
    4a64:	00650a63          	beq	a0,t1,4a78 <__lesf2+0x3e>
    4a68:	ee05                	bnez	a2,4aa0 <__lesf2+0x66>
    4a6a:	e911                	bnez	a0,4a7e <__lesf2+0x44>
    4a6c:	cb29                	beqz	a4,4abe <__lesf2+0x84>
    4a6e:	04029f63          	bnez	t0,4acc <__lesf2+0x92>
    4a72:	c9b9                	beqz	a1,4ac8 <__lesf2+0x8e>
    4a74:	852e                	mv	a0,a1
    4a76:	8082                	ret
    4a78:	4509                	li	a0,2
    4a7a:	eb01                	bnez	a4,4a8a <__lesf2+0x50>
    4a7c:	e219                	bnez	a2,4a82 <__lesf2+0x48>
    4a7e:	fe028ae3          	beqz	t0,4a72 <__lesf2+0x38>
    4a82:	02b78b63          	beq	a5,a1,4ab8 <__lesf2+0x7e>
    4a86:	4505                	li	a0,1
    4a88:	e3a1                	bnez	a5,4ac8 <__lesf2+0x8e>
    4a8a:	8082                	ret
    4a8c:	02029c63          	bnez	t0,4ac4 <__lesf2+0x8a>
    4a90:	fec51be3          	bne	a0,a2,4a86 <__lesf2+0x4c>
    4a94:	4509                	li	a0,2
    4a96:	fb75                	bnez	a4,4a8a <__lesf2+0x50>
    4a98:	feb797e3          	bne	a5,a1,4a86 <__lesf2+0x4c>
    4a9c:	4501                	li	a0,0
    4a9e:	8082                	ret
    4aa0:	d17d                	beqz	a0,4a86 <__lesf2+0x4c>
    4aa2:	feb792e3          	bne	a5,a1,4a86 <__lesf2+0x4c>
    4aa6:	fec540e3          	blt	a0,a2,4a86 <__lesf2+0x4c>
    4aaa:	00a64763          	blt	a2,a0,4ab8 <__lesf2+0x7e>
    4aae:	fc576ce3          	bltu	a4,t0,4a86 <__lesf2+0x4c>
    4ab2:	4501                	li	a0,0
    4ab4:	fce2fbe3          	bgeu	t0,a4,4a8a <__lesf2+0x50>
    4ab8:	cb81                	beqz	a5,4ac8 <__lesf2+0x8e>
    4aba:	853e                	mv	a0,a5
    4abc:	8082                	ret
    4abe:	fc0294e3          	bnez	t0,4a86 <__lesf2+0x4c>
    4ac2:	8082                	ret
    4ac4:	4509                	li	a0,2
    4ac6:	8082                	ret
    4ac8:	557d                	li	a0,-1
    4aca:	8082                	ret
    4acc:	feb781e3          	beq	a5,a1,4aae <__lesf2+0x74>
    4ad0:	bf5d                	j	4a86 <__lesf2+0x4c>

00004ad2 <__mulsf3>:
    4ad2:	1101                	addi	sp,sp,-32
    4ad4:	ca26                	sw	s1,20(sp)
    4ad6:	01755493          	srli	s1,a0,0x17
    4ada:	00951613          	slli	a2,a0,0x9
    4ade:	ce06                	sw	ra,28(sp)
    4ae0:	cc22                	sw	s0,24(sp)
    4ae2:	0ff4f493          	zext.b	s1,s1
    4ae6:	8225                	srli	a2,a2,0x9
    4ae8:	01f55693          	srli	a3,a0,0x1f
    4aec:	10048763          	beqz	s1,4bfa <__mulsf3+0x128>
    4af0:	0ff00793          	li	a5,255
    4af4:	10f48863          	beq	s1,a5,4c04 <__mulsf3+0x132>
    4af8:	060e                	slli	a2,a2,0x3
    4afa:	040007b7          	lui	a5,0x4000
    4afe:	8e5d                	or	a2,a2,a5
    4b00:	f8148493          	addi	s1,s1,-127
    4b04:	4701                	li	a4,0
    4b06:	4281                	li	t0,0
    4b08:	0175d793          	srli	a5,a1,0x17
    4b0c:	00959413          	slli	s0,a1,0x9
    4b10:	0ff7f793          	zext.b	a5,a5
    4b14:	8025                	srli	s0,s0,0x9
    4b16:	81fd                	srli	a1,a1,0x1f
    4b18:	c7e9                	beqz	a5,4be2 <__mulsf3+0x110>
    4b1a:	0ff00513          	li	a0,255
    4b1e:	04a78f63          	beq	a5,a0,4b7c <__mulsf3+0xaa>
    4b22:	f8178793          	addi	a5,a5,-127 # 3ffff81 <_data_lma+0x3ff94c1>
    4b26:	04000537          	lui	a0,0x4000
    4b2a:	040e                	slli	s0,s0,0x3
    4b2c:	8c49                	or	s0,s0,a0
    4b2e:	00978533          	add	a0,a5,s1
    4b32:	00150493          	addi	s1,a0,1 # 4000001 <_data_lma+0x3ff9541>
    4b36:	4329                	li	t1,10
    4b38:	c026                	sw	s1,0(sp)
    4b3a:	4781                	li	a5,0
    4b3c:	0ee34c63          	blt	t1,a4,4c34 <__mulsf3+0x162>
    4b40:	00b6c333          	xor	t1,a3,a1
    4b44:	4689                	li	a3,2
    4b46:	839a                	mv	t2,t1
    4b48:	04e6c963          	blt	a3,a4,4b9a <__mulsf3+0xc8>
    4b4c:	177d                	addi	a4,a4,-1
    4b4e:	4585                	li	a1,1
    4b50:	14e5e963          	bltu	a1,a4,4ca2 <__mulsf3+0x1d0>
    4b54:	0ad78e63          	beq	a5,a3,4c10 <__mulsf3+0x13e>
    4b58:	4705                	li	a4,1
    4b5a:	831e                	mv	t1,t2
    4b5c:	06e79163          	bne	a5,a4,4bbe <__mulsf3+0xec>
    4b60:	4781                	li	a5,0
    4b62:	4381                	li	t2,0
    4b64:	40f2                	lw	ra,28(sp)
    4b66:	4462                	lw	s0,24(sp)
    4b68:	01779513          	slli	a0,a5,0x17
    4b6c:	00756533          	or	a0,a0,t2
    4b70:	037e                	slli	t1,t1,0x1f
    4b72:	44d2                	lw	s1,20(sp)
    4b74:	00656533          	or	a0,a0,t1
    4b78:	6105                	addi	sp,sp,32
    4b7a:	8082                	ret
    4b7c:	0ff48513          	addi	a0,s1,255
    4b80:	cc49                	beqz	s0,4c1a <__mulsf3+0x148>
    4b82:	10048493          	addi	s1,s1,256
    4b86:	00b6c333          	xor	t1,a3,a1
    4b8a:	c026                	sw	s1,0(sp)
    4b8c:	00376713          	ori	a4,a4,3
    4b90:	44a9                	li	s1,10
    4b92:	839a                	mv	t2,t1
    4b94:	20e4c663          	blt	s1,a4,4da0 <__mulsf3+0x2ce>
    4b98:	478d                	li	a5,3
    4b9a:	4685                	li	a3,1
    4b9c:	00e69733          	sll	a4,a3,a4
    4ba0:	53077693          	andi	a3,a4,1328
    4ba4:	ce99                	beqz	a3,4bc2 <__mulsf3+0xf0>
    4ba6:	4789                	li	a5,2
    4ba8:	06f28463          	beq	t0,a5,4c10 <__mulsf3+0x13e>
    4bac:	478d                	li	a5,3
    4bae:	02f28463          	beq	t0,a5,4bd6 <__mulsf3+0x104>
    4bb2:	8796                	mv	a5,t0
    4bb4:	4705                	li	a4,1
    4bb6:	8432                	mv	s0,a2
    4bb8:	831e                	mv	t1,t2
    4bba:	fae783e3          	beq	a5,a4,4b60 <__mulsf3+0x8e>
    4bbe:	4502                	lw	a0,0(sp)
    4bc0:	a2a1                	j	4d08 <__mulsf3+0x236>
    4bc2:	24077693          	andi	a3,a4,576
    4bc6:	ea81                	bnez	a3,4bd6 <__mulsf3+0x104>
    4bc8:	08877713          	andi	a4,a4,136
    4bcc:	cb79                	beqz	a4,4ca2 <__mulsf3+0x1d0>
    4bce:	83ae                	mv	t2,a1
    4bd0:	8622                	mv	a2,s0
    4bd2:	82be                	mv	t0,a5
    4bd4:	bfc9                	j	4ba6 <__mulsf3+0xd4>
    4bd6:	4301                	li	t1,0
    4bd8:	0ff00793          	li	a5,255
    4bdc:	004003b7          	lui	t2,0x400
    4be0:	b751                	j	4b64 <__mulsf3+0x92>
    4be2:	e059                	bnez	s0,4c68 <__mulsf3+0x196>
    4be4:	8526                	mv	a0,s1
    4be6:	00150493          	addi	s1,a0,1
    4bea:	00176713          	ori	a4,a4,1
    4bee:	4329                	li	t1,10
    4bf0:	c026                	sw	s1,0(sp)
    4bf2:	4785                	li	a5,1
    4bf4:	f4e356e3          	bge	t1,a4,4b40 <__mulsf3+0x6e>
    4bf8:	a835                	j	4c34 <__mulsf3+0x162>
    4bfa:	e621                	bnez	a2,4c42 <__mulsf3+0x170>
    4bfc:	4711                	li	a4,4
    4bfe:	4481                	li	s1,0
    4c00:	4285                	li	t0,1
    4c02:	b719                	j	4b08 <__mulsf3+0x36>
    4c04:	ea15                	bnez	a2,4c38 <__mulsf3+0x166>
    4c06:	4721                	li	a4,8
    4c08:	0ff00493          	li	s1,255
    4c0c:	4289                	li	t0,2
    4c0e:	bded                	j	4b08 <__mulsf3+0x36>
    4c10:	831e                	mv	t1,t2
    4c12:	0ff00793          	li	a5,255
    4c16:	4381                	li	t2,0
    4c18:	b7b1                	j	4b64 <__mulsf3+0x92>
    4c1a:	10048793          	addi	a5,s1,256
    4c1e:	c03e                	sw	a5,0(sp)
    4c20:	00276713          	ori	a4,a4,2
    4c24:	4329                	li	t1,10
    4c26:	43b9                	li	t2,14
    4c28:	4789                	li	a5,2
    4c2a:	f0e35be3          	bge	t1,a4,4b40 <__mulsf3+0x6e>
    4c2e:	472d                	li	a4,11
    4c30:	f8e38fe3          	beq	t2,a4,4bce <__mulsf3+0xfc>
    4c34:	83b6                	mv	t2,a3
    4c36:	bf85                	j	4ba6 <__mulsf3+0xd4>
    4c38:	4731                	li	a4,12
    4c3a:	0ff00493          	li	s1,255
    4c3e:	428d                	li	t0,3
    4c40:	b5e1                	j	4b08 <__mulsf3+0x36>
    4c42:	8532                	mv	a0,a2
    4c44:	c42e                	sw	a1,8(sp)
    4c46:	c236                	sw	a3,4(sp)
    4c48:	c032                	sw	a2,0(sp)
    4c4a:	113000ef          	jal	ra,555c <__clzsi2>
    4c4e:	4602                	lw	a2,0(sp)
    4c50:	ffb50793          	addi	a5,a0,-5
    4c54:	f8a00493          	li	s1,-118
    4c58:	4692                	lw	a3,4(sp)
    4c5a:	45a2                	lw	a1,8(sp)
    4c5c:	00f61633          	sll	a2,a2,a5
    4c60:	8c89                	sub	s1,s1,a0
    4c62:	4701                	li	a4,0
    4c64:	4281                	li	t0,0
    4c66:	b54d                	j	4b08 <__mulsf3+0x36>
    4c68:	8522                	mv	a0,s0
    4c6a:	c832                	sw	a2,16(sp)
    4c6c:	c616                	sw	t0,12(sp)
    4c6e:	c43a                	sw	a4,8(sp)
    4c70:	c22e                	sw	a1,4(sp)
    4c72:	c036                	sw	a3,0(sp)
    4c74:	0e9000ef          	jal	ra,555c <__clzsi2>
    4c78:	ffb50793          	addi	a5,a0,-5
    4c7c:	40a48533          	sub	a0,s1,a0
    4c80:	f8a50513          	addi	a0,a0,-118
    4c84:	4722                	lw	a4,8(sp)
    4c86:	00150493          	addi	s1,a0,1
    4c8a:	4682                	lw	a3,0(sp)
    4c8c:	4329                	li	t1,10
    4c8e:	c026                	sw	s1,0(sp)
    4c90:	00f41433          	sll	s0,s0,a5
    4c94:	4592                	lw	a1,4(sp)
    4c96:	42b2                	lw	t0,12(sp)
    4c98:	4642                	lw	a2,16(sp)
    4c9a:	4781                	li	a5,0
    4c9c:	eae352e3          	bge	t1,a4,4b40 <__mulsf3+0x6e>
    4ca0:	bf51                	j	4c34 <__mulsf3+0x162>
    4ca2:	63c1                	lui	t2,0x10
    4ca4:	fff38713          	addi	a4,t2,-1 # ffff <_data_lma+0x953f>
    4ca8:	01065693          	srli	a3,a2,0x10
    4cac:	01045293          	srli	t0,s0,0x10
    4cb0:	8e79                	and	a2,a2,a4
    4cb2:	8f61                	and	a4,a4,s0
    4cb4:	02c705b3          	mul	a1,a4,a2
    4cb8:	02e68733          	mul	a4,a3,a4
    4cbc:	0105d793          	srli	a5,a1,0x10
    4cc0:	02c28633          	mul	a2,t0,a2
    4cc4:	963a                	add	a2,a2,a4
    4cc6:	97b2                	add	a5,a5,a2
    4cc8:	025686b3          	mul	a3,a3,t0
    4ccc:	00e7f363          	bgeu	a5,a4,4cd2 <__mulsf3+0x200>
    4cd0:	969e                	add	a3,a3,t2
    4cd2:	6641                	lui	a2,0x10
    4cd4:	167d                	addi	a2,a2,-1 # ffff <_data_lma+0x953f>
    4cd6:	00c7f733          	and	a4,a5,a2
    4cda:	8df1                	and	a1,a1,a2
    4cdc:	0742                	slli	a4,a4,0x10
    4cde:	972e                	add	a4,a4,a1
    4ce0:	00671613          	slli	a2,a4,0x6
    4ce4:	0107d413          	srli	s0,a5,0x10
    4ce8:	8369                	srli	a4,a4,0x1a
    4cea:	00c037b3          	snez	a5,a2
    4cee:	9436                	add	s0,s0,a3
    4cf0:	8fd9                	or	a5,a5,a4
    4cf2:	041a                	slli	s0,s0,0x6
    4cf4:	8c5d                	or	s0,s0,a5
    4cf6:	080007b7          	lui	a5,0x8000
    4cfa:	8fe1                	and	a5,a5,s0
    4cfc:	c791                	beqz	a5,4d08 <__mulsf3+0x236>
    4cfe:	4502                	lw	a0,0(sp)
    4d00:	00145793          	srli	a5,s0,0x1
    4d04:	8805                	andi	s0,s0,1
    4d06:	8c5d                	or	s0,s0,a5
    4d08:	07f50793          	addi	a5,a0,127
    4d0c:	04f05063          	blez	a5,4d4c <__mulsf3+0x27a>
    4d10:	00747713          	andi	a4,s0,7
    4d14:	c719                	beqz	a4,4d22 <__mulsf3+0x250>
    4d16:	00f47713          	andi	a4,s0,15
    4d1a:	4691                	li	a3,4
    4d1c:	00d70363          	beq	a4,a3,4d22 <__mulsf3+0x250>
    4d20:	0411                	addi	s0,s0,4
    4d22:	08000737          	lui	a4,0x8000
    4d26:	8f61                	and	a4,a4,s0
    4d28:	c719                	beqz	a4,4d36 <__mulsf3+0x264>
    4d2a:	f80007b7          	lui	a5,0xf8000
    4d2e:	17fd                	addi	a5,a5,-1 # f7ffffff <_eusrstack+0xd7ffdfff>
    4d30:	8c7d                	and	s0,s0,a5
    4d32:	08050793          	addi	a5,a0,128
    4d36:	0fe00713          	li	a4,254
    4d3a:	04f74a63          	blt	a4,a5,4d8e <__mulsf3+0x2bc>
    4d3e:	00641393          	slli	t2,s0,0x6
    4d42:	0093d393          	srli	t2,t2,0x9
    4d46:	0ff7f793          	zext.b	a5,a5
    4d4a:	bd29                	j	4b64 <__mulsf3+0x92>
    4d4c:	4705                	li	a4,1
    4d4e:	c799                	beqz	a5,4d5c <__mulsf3+0x28a>
    4d50:	8f1d                	sub	a4,a4,a5
    4d52:	46ed                	li	a3,27
    4d54:	4781                	li	a5,0
    4d56:	4381                	li	t2,0
    4d58:	e0e6c6e3          	blt	a3,a4,4b64 <__mulsf3+0x92>
    4d5c:	09e50513          	addi	a0,a0,158
    4d60:	00a41533          	sll	a0,s0,a0
    4d64:	00e457b3          	srl	a5,s0,a4
    4d68:	00a03733          	snez	a4,a0
    4d6c:	8fd9                	or	a5,a5,a4
    4d6e:	0077f713          	andi	a4,a5,7
    4d72:	c719                	beqz	a4,4d80 <__mulsf3+0x2ae>
    4d74:	00f7f713          	andi	a4,a5,15
    4d78:	4691                	li	a3,4
    4d7a:	00d70363          	beq	a4,a3,4d80 <__mulsf3+0x2ae>
    4d7e:	0791                	addi	a5,a5,4
    4d80:	04000737          	lui	a4,0x4000
    4d84:	8f7d                	and	a4,a4,a5
    4d86:	cb01                	beqz	a4,4d96 <__mulsf3+0x2c4>
    4d88:	4785                	li	a5,1
    4d8a:	4381                	li	t2,0
    4d8c:	bbe1                	j	4b64 <__mulsf3+0x92>
    4d8e:	0ff00793          	li	a5,255
    4d92:	4381                	li	t2,0
    4d94:	bbc1                	j	4b64 <__mulsf3+0x92>
    4d96:	079a                	slli	a5,a5,0x6
    4d98:	0097d393          	srli	t2,a5,0x9
    4d9c:	4781                	li	a5,0
    4d9e:	b3d9                	j	4b64 <__mulsf3+0x92>
    4da0:	453d                	li	a0,15
    4da2:	4301                	li	t1,0
    4da4:	004003b7          	lui	t2,0x400
    4da8:	daa70ee3          	beq	a4,a0,4b64 <__mulsf3+0x92>
    4dac:	43ad                	li	t2,11
    4dae:	478d                	li	a5,3
    4db0:	bdbd                	j	4c2e <__mulsf3+0x15c>

00004db2 <__subsf3>:
    4db2:	00800737          	lui	a4,0x800
    4db6:	1141                	addi	sp,sp,-16
    4db8:	0175d693          	srli	a3,a1,0x17
    4dbc:	177d                	addi	a4,a4,-1 # 7fffff <_data_lma+0x7f953f>
    4dbe:	00a777b3          	and	a5,a4,a0
    4dc2:	c422                	sw	s0,8(sp)
    4dc4:	8f6d                	and	a4,a4,a1
    4dc6:	01f55413          	srli	s0,a0,0x1f
    4dca:	c226                	sw	s1,4(sp)
    4dcc:	c606                	sw	ra,12(sp)
    4dce:	01755493          	srli	s1,a0,0x17
    4dd2:	0ff00313          	li	t1,255
    4dd6:	0ff6f513          	zext.b	a0,a3
    4dda:	0ff4f493          	zext.b	s1,s1
    4dde:	86a2                	mv	a3,s0
    4de0:	078e                	slli	a5,a5,0x3
    4de2:	81fd                	srli	a1,a1,0x1f
    4de4:	00371613          	slli	a2,a4,0x3
    4de8:	04650363          	beq	a0,t1,4e2e <__subsf3+0x7c>
    4dec:	0015c593          	xori	a1,a1,1
    4df0:	40a48733          	sub	a4,s1,a0
    4df4:	00b40f63          	beq	s0,a1,4e12 <__subsf3+0x60>
    4df8:	30e05663          	blez	a4,5104 <__subsf3+0x352>
    4dfc:	e135                	bnez	a0,4e60 <__subsf3+0xae>
    4dfe:	14060c63          	beqz	a2,4f56 <__subsf3+0x1a4>
    4e02:	fff70693          	addi	a3,a4,-1
    4e06:	28068e63          	beqz	a3,50a2 <__subsf3+0x2f0>
    4e0a:	02670f63          	beq	a4,t1,4e48 <__subsf3+0x96>
    4e0e:	8736                	mv	a4,a3
    4e10:	a8a9                	j	4e6a <__subsf3+0xb8>
    4e12:	30e05563          	blez	a4,511c <__subsf3+0x36a>
    4e16:	c96d                	beqz	a0,4f08 <__subsf3+0x156>
    4e18:	02648863          	beq	s1,t1,4e48 <__subsf3+0x96>
    4e1c:	040005b7          	lui	a1,0x4000
    4e20:	8e4d                	or	a2,a2,a1
    4e22:	45ed                	li	a1,27
    4e24:	12e5df63          	bge	a1,a4,4f62 <__subsf3+0x1b0>
    4e28:	0785                	addi	a5,a5,1
    4e2a:	8726                	mv	a4,s1
    4e2c:	a88d                	j	4e9e <__subsf3+0xec>
    4e2e:	f0148713          	addi	a4,s1,-255
    4e32:	e645                	bnez	a2,4eda <__subsf3+0x128>
    4e34:	0015c593          	xori	a1,a1,1
    4e38:	0eb40163          	beq	s0,a1,4f1a <__subsf3+0x168>
    4e3c:	18070a63          	beqz	a4,4fd0 <__subsf3+0x21e>
    4e40:	10048663          	beqz	s1,4f4c <__subsf3+0x19a>
    4e44:	842e                	mv	s0,a1
    4e46:	87b2                	mv	a5,a2
    4e48:	838d                	srli	a5,a5,0x3
    4e4a:	00147693          	andi	a3,s0,1
    4e4e:	0ff00513          	li	a0,255
    4e52:	cbbd                	beqz	a5,4ec8 <__subsf3+0x116>
    4e54:	4681                	li	a3,0
    4e56:	0ff00513          	li	a0,255
    4e5a:	004007b7          	lui	a5,0x400
    4e5e:	a0ad                	j	4ec8 <__subsf3+0x116>
    4e60:	fe6484e3          	beq	s1,t1,4e48 <__subsf3+0x96>
    4e64:	040006b7          	lui	a3,0x4000
    4e68:	8e55                	or	a2,a2,a3
    4e6a:	45ed                	li	a1,27
    4e6c:	4685                	li	a3,1
    4e6e:	00e5cd63          	blt	a1,a4,4e88 <__subsf3+0xd6>
    4e72:	02000693          	li	a3,32
    4e76:	8e99                	sub	a3,a3,a4
    4e78:	00d616b3          	sll	a3,a2,a3
    4e7c:	00e65633          	srl	a2,a2,a4
    4e80:	00d03733          	snez	a4,a3
    4e84:	00e666b3          	or	a3,a2,a4
    4e88:	8f95                	sub	a5,a5,a3
    4e8a:	04000737          	lui	a4,0x4000
    4e8e:	00e7f6b3          	and	a3,a5,a4
    4e92:	10069163          	bnez	a3,4f94 <__subsf3+0x1e2>
    4e96:	0077f693          	andi	a3,a5,7
    4e9a:	8726                	mv	a4,s1
    4e9c:	cecd                	beqz	a3,4f56 <__subsf3+0x1a4>
    4e9e:	00f7f693          	andi	a3,a5,15
    4ea2:	4611                	li	a2,4
    4ea4:	00c68363          	beq	a3,a2,4eaa <__subsf3+0xf8>
    4ea8:	0791                	addi	a5,a5,4 # 400004 <_data_lma+0x3f9544>
    4eaa:	040006b7          	lui	a3,0x4000
    4eae:	8efd                	and	a3,a3,a5
    4eb0:	c2dd                	beqz	a3,4f56 <__subsf3+0x1a4>
    4eb2:	0705                	addi	a4,a4,1 # 4000001 <_data_lma+0x3ff9541>
    4eb4:	0ff00613          	li	a2,255
    4eb8:	00147693          	andi	a3,s0,1
    4ebc:	0cc70863          	beq	a4,a2,4f8c <__subsf3+0x1da>
    4ec0:	079a                	slli	a5,a5,0x6
    4ec2:	0ff77513          	zext.b	a0,a4
    4ec6:	83a5                	srli	a5,a5,0x9
    4ec8:	40b2                	lw	ra,12(sp)
    4eca:	4422                	lw	s0,8(sp)
    4ecc:	055e                	slli	a0,a0,0x17
    4ece:	8d5d                	or	a0,a0,a5
    4ed0:	06fe                	slli	a3,a3,0x1f
    4ed2:	4492                	lw	s1,4(sp)
    4ed4:	8d55                	or	a0,a0,a3
    4ed6:	0141                	addi	sp,sp,16
    4ed8:	8082                	ret
    4eda:	f6b411e3          	bne	s0,a1,4e3c <__subsf3+0x8a>
    4ede:	c331                	beqz	a4,4f22 <__subsf3+0x170>
    4ee0:	1a049f63          	bnez	s1,509e <__subsf3+0x2ec>
    4ee4:	0ff00713          	li	a4,255
    4ee8:	c7b5                	beqz	a5,4f54 <__subsf3+0x1a2>
    4eea:	fff70593          	addi	a1,a4,-1
    4eee:	12058763          	beqz	a1,501c <__subsf3+0x26a>
    4ef2:	0ff00313          	li	t1,255
    4ef6:	1a670463          	beq	a4,t1,509e <__subsf3+0x2ec>
    4efa:	476d                	li	a4,27
    4efc:	1ab75963          	bge	a4,a1,50ae <__subsf3+0x2fc>
    4f00:	00160793          	addi	a5,a2,1
    4f04:	872a                	mv	a4,a0
    4f06:	bf61                	j	4e9e <__subsf3+0xec>
    4f08:	c639                	beqz	a2,4f56 <__subsf3+0x1a4>
    4f0a:	fff70593          	addi	a1,a4,-1
    4f0e:	10058763          	beqz	a1,501c <__subsf3+0x26a>
    4f12:	f2670be3          	beq	a4,t1,4e48 <__subsf3+0x96>
    4f16:	872e                	mv	a4,a1
    4f18:	b729                	j	4e22 <__subsf3+0x70>
    4f1a:	c701                	beqz	a4,4f22 <__subsf3+0x170>
    4f1c:	d4e1                	beqz	s1,4ee4 <__subsf3+0x132>
    4f1e:	4781                	li	a5,0
    4f20:	b725                	j	4e48 <__subsf3+0x96>
    4f22:	00148713          	addi	a4,s1,1
    4f26:	0fe77593          	andi	a1,a4,254
    4f2a:	14059463          	bnez	a1,5072 <__subsf3+0x2c0>
    4f2e:	16049763          	bnez	s1,509c <__subsf3+0x2ea>
    4f32:	1a078563          	beqz	a5,50dc <__subsf3+0x32a>
    4f36:	1a061563          	bnez	a2,50e0 <__subsf3+0x32e>
    4f3a:	838d                	srli	a5,a5,0x3
    4f3c:	4701                	li	a4,0
    4f3e:	07a6                	slli	a5,a5,0x9
    4f40:	83a5                	srli	a5,a5,0x9
    4f42:	0ff77513          	zext.b	a0,a4
    4f46:	00147693          	andi	a3,s0,1
    4f4a:	bfbd                	j	4ec8 <__subsf3+0x116>
    4f4c:	0ff00713          	li	a4,255
    4f50:	e7fd                	bnez	a5,503e <__subsf3+0x28c>
    4f52:	842e                	mv	s0,a1
    4f54:	87b2                	mv	a5,a2
    4f56:	0ff00693          	li	a3,255
    4f5a:	838d                	srli	a5,a5,0x3
    4f5c:	eed707e3          	beq	a4,a3,4e4a <__subsf3+0x98>
    4f60:	bff9                	j	4f3e <__subsf3+0x18c>
    4f62:	02000593          	li	a1,32
    4f66:	8d99                	sub	a1,a1,a4
    4f68:	00b615b3          	sll	a1,a2,a1
    4f6c:	00b035b3          	snez	a1,a1
    4f70:	00e65633          	srl	a2,a2,a4
    4f74:	8e4d                	or	a2,a2,a1
    4f76:	97b2                	add	a5,a5,a2
    4f78:	04000737          	lui	a4,0x4000
    4f7c:	8f7d                	and	a4,a4,a5
    4f7e:	df01                	beqz	a4,4e96 <__subsf3+0xe4>
    4f80:	00148713          	addi	a4,s1,1
    4f84:	0ff00613          	li	a2,255
    4f88:	0ac71263          	bne	a4,a2,502c <__subsf3+0x27a>
    4f8c:	0ff00513          	li	a0,255
    4f90:	4781                	li	a5,0
    4f92:	bf1d                	j	4ec8 <__subsf3+0x116>
    4f94:	177d                	addi	a4,a4,-1 # 3ffffff <_data_lma+0x3ff953f>
    4f96:	8f7d                	and	a4,a4,a5
    4f98:	853a                	mv	a0,a4
    4f9a:	c03a                	sw	a4,0(sp)
    4f9c:	23c1                	jal	555c <__clzsi2>
    4f9e:	4702                	lw	a4,0(sp)
    4fa0:	156d                	addi	a0,a0,-5
    4fa2:	00a716b3          	sll	a3,a4,a0
    4fa6:	04954963          	blt	a0,s1,4ff8 <__subsf3+0x246>
    4faa:	8d05                	sub	a0,a0,s1
    4fac:	00150793          	addi	a5,a0,1
    4fb0:	02000713          	li	a4,32
    4fb4:	8f1d                	sub	a4,a4,a5
    4fb6:	00e69733          	sll	a4,a3,a4
    4fba:	00e03733          	snez	a4,a4
    4fbe:	00f6d7b3          	srl	a5,a3,a5
    4fc2:	8fd9                	or	a5,a5,a4
    4fc4:	4701                	li	a4,0
    4fc6:	0077f693          	andi	a3,a5,7
    4fca:	ec069ae3          	bnez	a3,4e9e <__subsf3+0xec>
    4fce:	bdf1                	j	4eaa <__subsf3+0xf8>
    4fd0:	00148713          	addi	a4,s1,1
    4fd4:	0fe77713          	andi	a4,a4,254
    4fd8:	e71d                	bnez	a4,5006 <__subsf3+0x254>
    4fda:	e8cd                	bnez	s1,508c <__subsf3+0x2da>
    4fdc:	cfe5                	beqz	a5,50d4 <__subsf3+0x322>
    4fde:	de31                	beqz	a2,4f3a <__subsf3+0x188>
    4fe0:	40c78733          	sub	a4,a5,a2
    4fe4:	040006b7          	lui	a3,0x4000
    4fe8:	8ef9                	and	a3,a3,a4
    4fea:	10068863          	beqz	a3,50fa <__subsf3+0x348>
    4fee:	40f607b3          	sub	a5,a2,a5
    4ff2:	4701                	li	a4,0
    4ff4:	842e                	mv	s0,a1
    4ff6:	bfc1                	j	4fc6 <__subsf3+0x214>
    4ff8:	fc0007b7          	lui	a5,0xfc000
    4ffc:	17fd                	addi	a5,a5,-1 # fbffffff <_eusrstack+0xdbffdfff>
    4ffe:	40a48733          	sub	a4,s1,a0
    5002:	8ff5                	and	a5,a5,a3
    5004:	b7c9                	j	4fc6 <__subsf3+0x214>
    5006:	40c78733          	sub	a4,a5,a2
    500a:	040006b7          	lui	a3,0x4000
    500e:	8ef9                	and	a3,a3,a4
    5010:	e2d1                	bnez	a3,5094 <__subsf3+0x2e2>
    5012:	f359                	bnez	a4,4f98 <__subsf3+0x1e6>
    5014:	4681                	li	a3,0
    5016:	4501                	li	a0,0
    5018:	4781                	li	a5,0
    501a:	b57d                	j	4ec8 <__subsf3+0x116>
    501c:	97b2                	add	a5,a5,a2
    501e:	040006b7          	lui	a3,0x4000
    5022:	8efd                	and	a3,a3,a5
    5024:	4709                	li	a4,2
    5026:	4485                	li	s1,1
    5028:	e60687e3          	beqz	a3,4e96 <__subsf3+0xe4>
    502c:	7e000637          	lui	a2,0x7e000
    5030:	0017d693          	srli	a3,a5,0x1
    5034:	167d                	addi	a2,a2,-1 # 7dffffff <_eusrstack+0x5dffdfff>
    5036:	8b85                	andi	a5,a5,1
    5038:	8ef1                	and	a3,a3,a2
    503a:	8fd5                	or	a5,a5,a3
    503c:	b769                	j	4fc6 <__subsf3+0x214>
    503e:	fff70693          	addi	a3,a4,-1
    5042:	c6c1                	beqz	a3,50ca <__subsf3+0x318>
    5044:	0ff00313          	li	t1,255
    5048:	842e                	mv	s0,a1
    504a:	04670a63          	beq	a4,t1,509e <__subsf3+0x2ec>
    504e:	45ed                	li	a1,27
    5050:	4705                	li	a4,1
    5052:	00d5cc63          	blt	a1,a3,506a <__subsf3+0x2b8>
    5056:	02000713          	li	a4,32
    505a:	8f15                	sub	a4,a4,a3
    505c:	00e79733          	sll	a4,a5,a4
    5060:	00d7d6b3          	srl	a3,a5,a3
    5064:	00e03733          	snez	a4,a4
    5068:	8f55                	or	a4,a4,a3
    506a:	40e607b3          	sub	a5,a2,a4
    506e:	84aa                	mv	s1,a0
    5070:	bd29                	j	4e8a <__subsf3+0xd8>
    5072:	0ff00593          	li	a1,255
    5076:	f0b70be3          	beq	a4,a1,4f8c <__subsf3+0x1da>
    507a:	963e                	add	a2,a2,a5
    507c:	00165793          	srli	a5,a2,0x1
    5080:	0077f693          	andi	a3,a5,7
    5084:	e0069de3          	bnez	a3,4e9e <__subsf3+0xec>
    5088:	838d                	srli	a5,a5,0x3
    508a:	bd55                	j	4f3e <__subsf3+0x18c>
    508c:	ef91                	bnez	a5,50a8 <__subsf3+0x2f6>
    508e:	dc0603e3          	beqz	a2,4e54 <__subsf3+0xa2>
    5092:	bb4d                	j	4e44 <__subsf3+0x92>
    5094:	40f60733          	sub	a4,a2,a5
    5098:	842e                	mv	s0,a1
    509a:	bdfd                	j	4f98 <__subsf3+0x1e6>
    509c:	e791                	bnez	a5,50a8 <__subsf3+0x2f6>
    509e:	87b2                	mv	a5,a2
    50a0:	b365                	j	4e48 <__subsf3+0x96>
    50a2:	8f91                	sub	a5,a5,a2
    50a4:	4485                	li	s1,1
    50a6:	b3d5                	j	4e8a <__subsf3+0xd8>
    50a8:	da0600e3          	beqz	a2,4e48 <__subsf3+0x96>
    50ac:	b365                	j	4e54 <__subsf3+0xa2>
    50ae:	02000713          	li	a4,32
    50b2:	8f0d                	sub	a4,a4,a1
    50b4:	00e79733          	sll	a4,a5,a4
    50b8:	00b7d5b3          	srl	a1,a5,a1
    50bc:	00e037b3          	snez	a5,a4
    50c0:	8ddd                	or	a1,a1,a5
    50c2:	00c587b3          	add	a5,a1,a2
    50c6:	84aa                	mv	s1,a0
    50c8:	bd45                	j	4f78 <__subsf3+0x1c6>
    50ca:	40f607b3          	sub	a5,a2,a5
    50ce:	842e                	mv	s0,a1
    50d0:	4485                	li	s1,1
    50d2:	bb65                	j	4e8a <__subsf3+0xd8>
    50d4:	d221                	beqz	a2,5014 <__subsf3+0x262>
    50d6:	842e                	mv	s0,a1
    50d8:	87b2                	mv	a5,a2
    50da:	b585                	j	4f3a <__subsf3+0x188>
    50dc:	87b2                	mv	a5,a2
    50de:	bdb1                	j	4f3a <__subsf3+0x188>
    50e0:	97b2                	add	a5,a5,a2
    50e2:	040006b7          	lui	a3,0x4000
    50e6:	8efd                	and	a3,a3,a5
    50e8:	4701                	li	a4,0
    50ea:	ded9                	beqz	a3,5088 <__subsf3+0x2d6>
    50ec:	fc000737          	lui	a4,0xfc000
    50f0:	177d                	addi	a4,a4,-1 # fbffffff <_eusrstack+0xdbffdfff>
    50f2:	8ff9                	and	a5,a5,a4
    50f4:	838d                	srli	a5,a5,0x3
    50f6:	4705                	li	a4,1
    50f8:	b599                	j	4f3e <__subsf3+0x18c>
    50fa:	df09                	beqz	a4,5014 <__subsf3+0x262>
    50fc:	87ba                	mv	a5,a4
    50fe:	838d                	srli	a5,a5,0x3
    5100:	4701                	li	a4,0
    5102:	bd35                	j	4f3e <__subsf3+0x18c>
    5104:	ec0706e3          	beqz	a4,4fd0 <__subsf3+0x21e>
    5108:	409506b3          	sub	a3,a0,s1
    510c:	8736                	mv	a4,a3
    510e:	e40481e3          	beqz	s1,4f50 <__subsf3+0x19e>
    5112:	04000737          	lui	a4,0x4000
    5116:	8fd9                	or	a5,a5,a4
    5118:	842e                	mv	s0,a1
    511a:	bf15                	j	504e <__subsf3+0x29c>
    511c:	e00703e3          	beqz	a4,4f22 <__subsf3+0x170>
    5120:	409505b3          	sub	a1,a0,s1
    5124:	e099                	bnez	s1,512a <__subsf3+0x378>
    5126:	872e                	mv	a4,a1
    5128:	b3c1                	j	4ee8 <__subsf3+0x136>
    512a:	04000737          	lui	a4,0x4000
    512e:	8fd9                	or	a5,a5,a4
    5130:	b3e9                	j	4efa <__subsf3+0x148>

00005132 <__unordsf2>:
    5132:	01755693          	srli	a3,a0,0x17
    5136:	00800737          	lui	a4,0x800
    513a:	177d                	addi	a4,a4,-1 # 7fffff <_data_lma+0x7f953f>
    513c:	0175d613          	srli	a2,a1,0x17
    5140:	0ff6f693          	zext.b	a3,a3
    5144:	0ff00313          	li	t1,255
    5148:	00a777b3          	and	a5,a4,a0
    514c:	0ff67613          	zext.b	a2,a2
    5150:	8f6d                	and	a4,a4,a1
    5152:	00668b63          	beq	a3,t1,5168 <__unordsf2+0x36>
    5156:	0ff00793          	li	a5,255
    515a:	4501                	li	a0,0
    515c:	00f60363          	beq	a2,a5,5162 <__unordsf2+0x30>
    5160:	8082                	ret
    5162:	00e03533          	snez	a0,a4
    5166:	8082                	ret
    5168:	4505                	li	a0,1
    516a:	d7f5                	beqz	a5,5156 <__unordsf2+0x24>
    516c:	8082                	ret

0000516e <__fixunssfsi>:
    516e:	01755713          	srli	a4,a0,0x17
    5172:	00800637          	lui	a2,0x800
    5176:	fff60793          	addi	a5,a2,-1 # 7fffff <_data_lma+0x7f953f>
    517a:	0ff77713          	zext.b	a4,a4
    517e:	07e00593          	li	a1,126
    5182:	00a7f6b3          	and	a3,a5,a0
    5186:	01f55793          	srli	a5,a0,0x1f
    518a:	4501                	li	a0,0
    518c:	00e5d363          	bge	a1,a4,5192 <__fixunssfsi+0x24>
    5190:	c391                	beqz	a5,5194 <__fixunssfsi+0x26>
    5192:	8082                	ret
    5194:	09e00793          	li	a5,158
    5198:	557d                	li	a0,-1
    519a:	fee7cce3          	blt	a5,a4,5192 <__fixunssfsi+0x24>
    519e:	09500593          	li	a1,149
    51a2:	00c6e7b3          	or	a5,a3,a2
    51a6:	00e5d763          	bge	a1,a4,51b4 <__fixunssfsi+0x46>
    51aa:	f6a70513          	addi	a0,a4,-150
    51ae:	00a79533          	sll	a0,a5,a0
    51b2:	8082                	ret
    51b4:	09600513          	li	a0,150
    51b8:	8d19                	sub	a0,a0,a4
    51ba:	00a7d533          	srl	a0,a5,a0
    51be:	8082                	ret

000051c0 <__floatsisf>:
    51c0:	1151                	addi	sp,sp,-12
    51c2:	c406                	sw	ra,8(sp)
    51c4:	c222                	sw	s0,4(sp)
    51c6:	c026                	sw	s1,0(sp)
    51c8:	c121                	beqz	a0,5208 <__floatsisf+0x48>
    51ca:	41f55713          	srai	a4,a0,0x1f
    51ce:	00a744b3          	xor	s1,a4,a0
    51d2:	8c99                	sub	s1,s1,a4
    51d4:	87aa                	mv	a5,a0
    51d6:	8526                	mv	a0,s1
    51d8:	01f7d413          	srli	s0,a5,0x1f
    51dc:	2641                	jal	555c <__clzsi2>
    51de:	86aa                	mv	a3,a0
    51e0:	09e00513          	li	a0,158
    51e4:	40d507b3          	sub	a5,a0,a3
    51e8:	09600713          	li	a4,150
    51ec:	02f74b63          	blt	a4,a5,5222 <__floatsisf+0x62>
    51f0:	4721                	li	a4,8
    51f2:	08e68b63          	beq	a3,a4,5288 <__floatsisf+0xc8>
    51f6:	ff868513          	addi	a0,a3,-8 # 3fffff8 <_data_lma+0x3ff9538>
    51fa:	00a49733          	sll	a4,s1,a0
    51fe:	0726                	slli	a4,a4,0x9
    5200:	8325                	srli	a4,a4,0x9
    5202:	0ff7f513          	zext.b	a0,a5
    5206:	a021                	j	520e <__floatsisf+0x4e>
    5208:	4401                	li	s0,0
    520a:	4501                	li	a0,0
    520c:	4701                	li	a4,0
    520e:	40a2                	lw	ra,8(sp)
    5210:	01f41793          	slli	a5,s0,0x1f
    5214:	4412                	lw	s0,4(sp)
    5216:	055e                	slli	a0,a0,0x17
    5218:	8d59                	or	a0,a0,a4
    521a:	4482                	lw	s1,0(sp)
    521c:	8d5d                	or	a0,a0,a5
    521e:	0131                	addi	sp,sp,12
    5220:	8082                	ret
    5222:	09900713          	li	a4,153
    5226:	04f74463          	blt	a4,a5,526e <__floatsisf+0xae>
    522a:	4715                	li	a4,5
    522c:	ffb68613          	addi	a2,a3,-5
    5230:	00e68463          	beq	a3,a4,5238 <__floatsisf+0x78>
    5234:	00c494b3          	sll	s1,s1,a2
    5238:	fc000637          	lui	a2,0xfc000
    523c:	167d                	addi	a2,a2,-1 # fbffffff <_eusrstack+0xdbffdfff>
    523e:	0074f593          	andi	a1,s1,7
    5242:	00c4f733          	and	a4,s1,a2
    5246:	cd99                	beqz	a1,5264 <__floatsisf+0xa4>
    5248:	88bd                	andi	s1,s1,15
    524a:	4591                	li	a1,4
    524c:	00b48c63          	beq	s1,a1,5264 <__floatsisf+0xa4>
    5250:	0711                	addi	a4,a4,4
    5252:	040005b7          	lui	a1,0x4000
    5256:	8df9                	and	a1,a1,a4
    5258:	c591                	beqz	a1,5264 <__floatsisf+0xa4>
    525a:	09f00513          	li	a0,159
    525e:	8f71                	and	a4,a4,a2
    5260:	40d507b3          	sub	a5,a0,a3
    5264:	071a                	slli	a4,a4,0x6
    5266:	8325                	srli	a4,a4,0x9
    5268:	0ff7f513          	zext.b	a0,a5
    526c:	b74d                	j	520e <__floatsisf+0x4e>
    526e:	01b68713          	addi	a4,a3,27
    5272:	4615                	li	a2,5
    5274:	00e49733          	sll	a4,s1,a4
    5278:	8e15                	sub	a2,a2,a3
    527a:	00c4d633          	srl	a2,s1,a2
    527e:	00e03733          	snez	a4,a4
    5282:	00e664b3          	or	s1,a2,a4
    5286:	bf4d                	j	5238 <__floatsisf+0x78>
    5288:	00949713          	slli	a4,s1,0x9
    528c:	8325                	srli	a4,a4,0x9
    528e:	09600513          	li	a0,150
    5292:	bfb5                	j	520e <__floatsisf+0x4e>

00005294 <__floatunsisf>:
    5294:	c121                	beqz	a0,52d4 <__floatunsisf+0x40>
    5296:	1151                	addi	sp,sp,-12
    5298:	c222                	sw	s0,4(sp)
    529a:	c406                	sw	ra,8(sp)
    529c:	842a                	mv	s0,a0
    529e:	2c7d                	jal	555c <__clzsi2>
    52a0:	86aa                	mv	a3,a0
    52a2:	09e00513          	li	a0,158
    52a6:	40d507b3          	sub	a5,a0,a3
    52aa:	09600713          	li	a4,150
    52ae:	02f74863          	blt	a4,a5,52de <__floatunsisf+0x4a>
    52b2:	4721                	li	a4,8
    52b4:	08e68d63          	beq	a3,a4,534e <__floatunsisf+0xba>
    52b8:	ff868513          	addi	a0,a3,-8
    52bc:	00a41733          	sll	a4,s0,a0
    52c0:	0726                	slli	a4,a4,0x9
    52c2:	8325                	srli	a4,a4,0x9
    52c4:	0ff7f513          	zext.b	a0,a5
    52c8:	40a2                	lw	ra,8(sp)
    52ca:	4412                	lw	s0,4(sp)
    52cc:	055e                	slli	a0,a0,0x17
    52ce:	8d59                	or	a0,a0,a4
    52d0:	0131                	addi	sp,sp,12
    52d2:	8082                	ret
    52d4:	4501                	li	a0,0
    52d6:	4701                	li	a4,0
    52d8:	055e                	slli	a0,a0,0x17
    52da:	8d59                	or	a0,a0,a4
    52dc:	8082                	ret
    52de:	09900713          	li	a4,153
    52e2:	04f74963          	blt	a4,a5,5334 <__floatunsisf+0xa0>
    52e6:	4715                	li	a4,5
    52e8:	ffb68613          	addi	a2,a3,-5
    52ec:	00e68463          	beq	a3,a4,52f4 <__floatunsisf+0x60>
    52f0:	00c41433          	sll	s0,s0,a2
    52f4:	fc000637          	lui	a2,0xfc000
    52f8:	167d                	addi	a2,a2,-1 # fbffffff <_eusrstack+0xdbffdfff>
    52fa:	00747593          	andi	a1,s0,7
    52fe:	00c47733          	and	a4,s0,a2
    5302:	cd99                	beqz	a1,5320 <__floatunsisf+0x8c>
    5304:	883d                	andi	s0,s0,15
    5306:	4591                	li	a1,4
    5308:	00b40c63          	beq	s0,a1,5320 <__floatunsisf+0x8c>
    530c:	0711                	addi	a4,a4,4
    530e:	040005b7          	lui	a1,0x4000
    5312:	8df9                	and	a1,a1,a4
    5314:	c591                	beqz	a1,5320 <__floatunsisf+0x8c>
    5316:	09f00513          	li	a0,159
    531a:	8f71                	and	a4,a4,a2
    531c:	40d507b3          	sub	a5,a0,a3
    5320:	40a2                	lw	ra,8(sp)
    5322:	4412                	lw	s0,4(sp)
    5324:	071a                	slli	a4,a4,0x6
    5326:	0ff7f513          	zext.b	a0,a5
    532a:	8325                	srli	a4,a4,0x9
    532c:	055e                	slli	a0,a0,0x17
    532e:	8d59                	or	a0,a0,a4
    5330:	0131                	addi	sp,sp,12
    5332:	8082                	ret
    5334:	01b68613          	addi	a2,a3,27
    5338:	4715                	li	a4,5
    533a:	00c41633          	sll	a2,s0,a2
    533e:	8f15                	sub	a4,a4,a3
    5340:	00c03633          	snez	a2,a2
    5344:	00e45733          	srl	a4,s0,a4
    5348:	00e66433          	or	s0,a2,a4
    534c:	b765                	j	52f4 <__floatunsisf+0x60>
    534e:	00941713          	slli	a4,s0,0x9
    5352:	8325                	srli	a4,a4,0x9
    5354:	09600513          	li	a0,150
    5358:	bf85                	j	52c8 <__floatunsisf+0x34>

0000535a <__extendsfdf2>:
    535a:	01755793          	srli	a5,a0,0x17
    535e:	0ff7f793          	zext.b	a5,a5
    5362:	1141                	addi	sp,sp,-16
    5364:	00178693          	addi	a3,a5,1
    5368:	c422                	sw	s0,8(sp)
    536a:	00951713          	slli	a4,a0,0x9
    536e:	c606                	sw	ra,12(sp)
    5370:	0fe6f693          	andi	a3,a3,254
    5374:	8325                	srli	a4,a4,0x9
    5376:	01f55413          	srli	s0,a0,0x1f
    537a:	c28d                	beqz	a3,539c <__extendsfdf2+0x42>
    537c:	00375693          	srli	a3,a4,0x3
    5380:	38078793          	addi	a5,a5,896
    5384:	0776                	slli	a4,a4,0x1d
    5386:	01f41513          	slli	a0,s0,0x1f
    538a:	40b2                	lw	ra,12(sp)
    538c:	4422                	lw	s0,8(sp)
    538e:	07d2                	slli	a5,a5,0x14
    5390:	8fd5                	or	a5,a5,a3
    5392:	8fc9                	or	a5,a5,a0
    5394:	85be                	mv	a1,a5
    5396:	853a                	mv	a0,a4
    5398:	0141                	addi	sp,sp,16
    539a:	8082                	ret
    539c:	eb8d                	bnez	a5,53ce <__extendsfdf2+0x74>
    539e:	c721                	beqz	a4,53e6 <__extendsfdf2+0x8c>
    53a0:	853a                	mv	a0,a4
    53a2:	c03a                	sw	a4,0(sp)
    53a4:	2a65                	jal	555c <__clzsi2>
    53a6:	47a9                	li	a5,10
    53a8:	4702                	lw	a4,0(sp)
    53aa:	04a7c563          	blt	a5,a0,53f4 <__extendsfdf2+0x9a>
    53ae:	46ad                	li	a3,11
    53b0:	8e89                	sub	a3,a3,a0
    53b2:	01550793          	addi	a5,a0,21
    53b6:	00d756b3          	srl	a3,a4,a3
    53ba:	00f71733          	sll	a4,a4,a5
    53be:	38900793          	li	a5,905
    53c2:	06b2                	slli	a3,a3,0xc
    53c4:	8f89                	sub	a5,a5,a0
    53c6:	82b1                	srli	a3,a3,0xc
    53c8:	7ff7f793          	andi	a5,a5,2047
    53cc:	bf6d                	j	5386 <__extendsfdf2+0x2c>
    53ce:	cf19                	beqz	a4,53ec <__extendsfdf2+0x92>
    53d0:	00375693          	srli	a3,a4,0x3
    53d4:	000807b7          	lui	a5,0x80
    53d8:	8edd                	or	a3,a3,a5
    53da:	06b2                	slli	a3,a3,0xc
    53dc:	0776                	slli	a4,a4,0x1d
    53de:	82b1                	srli	a3,a3,0xc
    53e0:	7ff00793          	li	a5,2047
    53e4:	b74d                	j	5386 <__extendsfdf2+0x2c>
    53e6:	4781                	li	a5,0
    53e8:	4681                	li	a3,0
    53ea:	bf71                	j	5386 <__extendsfdf2+0x2c>
    53ec:	7ff00793          	li	a5,2047
    53f0:	4681                	li	a3,0
    53f2:	bf51                	j	5386 <__extendsfdf2+0x2c>
    53f4:	ff550693          	addi	a3,a0,-11
    53f8:	00d716b3          	sll	a3,a4,a3
    53fc:	4701                	li	a4,0
    53fe:	b7c1                	j	53be <__extendsfdf2+0x64>

00005400 <__truncdfsf2>:
    5400:	0145d793          	srli	a5,a1,0x14
    5404:	7ff7f793          	andi	a5,a5,2047
    5408:	00c59693          	slli	a3,a1,0xc
    540c:	00178713          	addi	a4,a5,1 # 80001 <_data_lma+0x79541>
    5410:	82a5                	srli	a3,a3,0x9
    5412:	01d55613          	srli	a2,a0,0x1d
    5416:	7fe77713          	andi	a4,a4,2046
    541a:	81fd                	srli	a1,a1,0x1f
    541c:	8e55                	or	a2,a2,a3
    541e:	00351313          	slli	t1,a0,0x3
    5422:	c305                	beqz	a4,5442 <__truncdfsf2+0x42>
    5424:	c8078693          	addi	a3,a5,-896
    5428:	0fe00713          	li	a4,254
    542c:	04d75363          	bge	a4,a3,5472 <__truncdfsf2+0x72>
    5430:	0ff00793          	li	a5,255
    5434:	4701                	li	a4,0
    5436:	07de                	slli	a5,a5,0x17
    5438:	00e7e533          	or	a0,a5,a4
    543c:	05fe                	slli	a1,a1,0x1f
    543e:	8d4d                	or	a0,a0,a1
    5440:	8082                	ret
    5442:	00666733          	or	a4,a2,t1
    5446:	eb81                	bnez	a5,5456 <__truncdfsf2+0x56>
    5448:	cb2d                	beqz	a4,54ba <__truncdfsf2+0xba>
    544a:	4701                	li	a4,0
    544c:	0726                	slli	a4,a4,0x9
    544e:	8325                	srli	a4,a4,0x9
    5450:	0ff7f793          	zext.b	a5,a5
    5454:	b7cd                	j	5436 <__truncdfsf2+0x36>
    5456:	0ff00793          	li	a5,255
    545a:	df71                	beqz	a4,5436 <__truncdfsf2+0x36>
    545c:	0ff00793          	li	a5,255
    5460:	00400737          	lui	a4,0x400
    5464:	07de                	slli	a5,a5,0x17
    5466:	4581                	li	a1,0
    5468:	00e7e533          	or	a0,a5,a4
    546c:	05fe                	slli	a1,a1,0x1f
    546e:	8d4d                	or	a0,a0,a1
    5470:	8082                	ret
    5472:	04d05c63          	blez	a3,54ca <__truncdfsf2+0xca>
    5476:	00651713          	slli	a4,a0,0x6
    547a:	00e03733          	snez	a4,a4
    547e:	060e                	slli	a2,a2,0x3
    5480:	01d35313          	srli	t1,t1,0x1d
    5484:	8f51                	or	a4,a4,a2
    5486:	00676733          	or	a4,a4,t1
    548a:	00777793          	andi	a5,a4,7
    548e:	c3f1                	beqz	a5,5552 <__truncdfsf2+0x152>
    5490:	00f77793          	andi	a5,a4,15
    5494:	4611                	li	a2,4
    5496:	0ac78e63          	beq	a5,a2,5552 <__truncdfsf2+0x152>
    549a:	0711                	addi	a4,a4,4 # 400004 <_data_lma+0x3f9544>
    549c:	040007b7          	lui	a5,0x4000
    54a0:	8ff9                	and	a5,a5,a4
    54a2:	c3d5                	beqz	a5,5546 <__truncdfsf2+0x146>
    54a4:	00168793          	addi	a5,a3,1
    54a8:	0ff7f793          	zext.b	a5,a5
    54ac:	4701                	li	a4,0
    54ae:	07de                	slli	a5,a5,0x17
    54b0:	00e7e533          	or	a0,a5,a4
    54b4:	05fe                	slli	a1,a1,0x1f
    54b6:	8d4d                	or	a0,a0,a1
    54b8:	8082                	ret
    54ba:	4781                	li	a5,0
    54bc:	4701                	li	a4,0
    54be:	07de                	slli	a5,a5,0x17
    54c0:	00e7e533          	or	a0,a5,a4
    54c4:	05fe                	slli	a1,a1,0x1f
    54c6:	8d4d                	or	a0,a0,a1
    54c8:	8082                	ret
    54ca:	5725                	li	a4,-23
    54cc:	fee6c7e3          	blt	a3,a4,54ba <__truncdfsf2+0xba>
    54d0:	4779                	li	a4,30
    54d2:	00800537          	lui	a0,0x800
    54d6:	8f15                	sub	a4,a4,a3
    54d8:	42fd                	li	t0,31
    54da:	8e49                	or	a2,a2,a0
    54dc:	02e2df63          	bge	t0,a4,551a <__truncdfsf2+0x11a>
    54e0:	5579                	li	a0,-2
    54e2:	40d506b3          	sub	a3,a0,a3
    54e6:	02000513          	li	a0,32
    54ea:	00d656b3          	srl	a3,a2,a3
    54ee:	00a70863          	beq	a4,a0,54fe <__truncdfsf2+0xfe>
    54f2:	ca278793          	addi	a5,a5,-862 # 3fffca2 <_data_lma+0x3ff91e2>
    54f6:	00f61633          	sll	a2,a2,a5
    54fa:	00c36333          	or	t1,t1,a2
    54fe:	00603733          	snez	a4,t1
    5502:	8f55                	or	a4,a4,a3
    5504:	00777793          	andi	a5,a4,7
    5508:	c3b1                	beqz	a5,554c <__truncdfsf2+0x14c>
    550a:	00f77793          	andi	a5,a4,15
    550e:	4691                	li	a3,4
    5510:	02d79963          	bne	a5,a3,5542 <__truncdfsf2+0x142>
    5514:	830d                	srli	a4,a4,0x3
    5516:	4781                	li	a5,0
    5518:	bf15                	j	544c <__truncdfsf2+0x4c>
    551a:	c8278793          	addi	a5,a5,-894
    551e:	00f316b3          	sll	a3,t1,a5
    5522:	00d036b3          	snez	a3,a3
    5526:	00f617b3          	sll	a5,a2,a5
    552a:	8fd5                	or	a5,a5,a3
    552c:	00e35733          	srl	a4,t1,a4
    5530:	8f5d                	or	a4,a4,a5
    5532:	00777793          	andi	a5,a4,7
    5536:	4681                	li	a3,0
    5538:	ffa1                	bnez	a5,5490 <__truncdfsf2+0x90>
    553a:	830d                	srli	a4,a4,0x3
    553c:	157d                	addi	a0,a0,-1 # 7fffff <_data_lma+0x7f953f>
    553e:	8f69                	and	a4,a4,a0
    5540:	bddd                	j	5436 <__truncdfsf2+0x36>
    5542:	0711                	addi	a4,a4,4
    5544:	4681                	li	a3,0
    5546:	830d                	srli	a4,a4,0x3
    5548:	87b6                	mv	a5,a3
    554a:	b709                	j	544c <__truncdfsf2+0x4c>
    554c:	071a                	slli	a4,a4,0x6
    554e:	8325                	srli	a4,a4,0x9
    5550:	b5dd                	j	5436 <__truncdfsf2+0x36>
    5552:	071a                	slli	a4,a4,0x6
    5554:	8325                	srli	a4,a4,0x9
    5556:	0ff6f793          	zext.b	a5,a3
    555a:	bdf1                	j	5436 <__truncdfsf2+0x36>

0000555c <__clzsi2>:
    555c:	67c1                	lui	a5,0x10
    555e:	02f57563          	bgeu	a0,a5,5588 <__clzsi2+0x2c>
    5562:	10053793          	sltiu	a5,a0,256
    5566:	0017c793          	xori	a5,a5,1
    556a:	078e                	slli	a5,a5,0x3
    556c:	02000713          	li	a4,32
    5570:	8f1d                	sub	a4,a4,a5
    5572:	00f55533          	srl	a0,a0,a5
    5576:	00001797          	auipc	a5,0x1
    557a:	3b678793          	addi	a5,a5,950 # 692c <__clz_tab>
    557e:	97aa                	add	a5,a5,a0
    5580:	2388                	lbu	a0,0(a5)
    5582:	40a70533          	sub	a0,a4,a0
    5586:	8082                	ret
    5588:	010007b7          	lui	a5,0x1000
    558c:	00f57f63          	bgeu	a0,a5,55aa <__clzsi2+0x4e>
    5590:	47c1                	li	a5,16
    5592:	00f55533          	srl	a0,a0,a5
    5596:	00001797          	auipc	a5,0x1
    559a:	39678793          	addi	a5,a5,918 # 692c <__clz_tab>
    559e:	97aa                	add	a5,a5,a0
    55a0:	2388                	lbu	a0,0(a5)
    55a2:	4741                	li	a4,16
    55a4:	40a70533          	sub	a0,a4,a0
    55a8:	8082                	ret
    55aa:	47e1                	li	a5,24
    55ac:	00f55533          	srl	a0,a0,a5
    55b0:	00001797          	auipc	a5,0x1
    55b4:	37c78793          	addi	a5,a5,892 # 692c <__clz_tab>
    55b8:	97aa                	add	a5,a5,a0
    55ba:	2388                	lbu	a0,0(a5)
    55bc:	4721                	li	a4,8
    55be:	40a70533          	sub	a0,a4,a0
    55c2:	8082                	ret

000055c4 <__errno>:
    55c4:	1fffb517          	auipc	a0,0x1fffb
    55c8:	b3452503          	lw	a0,-1228(a0) # 200000f8 <_impure_ptr>
    55cc:	8082                	ret

000055ce <_vsiprintf_r>:
    55ce:	800007b7          	lui	a5,0x80000
    55d2:	f8c10113          	addi	sp,sp,-116
    55d6:	17fd                	addi	a5,a5,-1 # 7fffffff <_eusrstack+0x5fffdfff>
    55d8:	ca3e                	sw	a5,20(sp)
    55da:	c43e                	sw	a5,8(sp)
    55dc:	77c1                	lui	a5,0xffff0
    55de:	c02e                	sw	a1,0(sp)
    55e0:	c82e                	sw	a1,16(sp)
    55e2:	20878793          	addi	a5,a5,520 # ffff0208 <_eusrstack+0xdffee208>
    55e6:	858a                	mv	a1,sp
    55e8:	d886                	sw	ra,112(sp)
    55ea:	c63e                	sw	a5,12(sp)
    55ec:	28cd                	jal	56de <_svfiprintf_r>
    55ee:	4782                	lw	a5,0(sp)
    55f0:	00078023          	sb	zero,0(a5)
    55f4:	50c6                	lw	ra,112(sp)
    55f6:	07410113          	addi	sp,sp,116
    55fa:	8082                	ret

000055fc <vsiprintf>:
    55fc:	86b2                	mv	a3,a2
    55fe:	862e                	mv	a2,a1
    5600:	85aa                	mv	a1,a0
    5602:	1fffb517          	auipc	a0,0x1fffb
    5606:	af652503          	lw	a0,-1290(a0) # 200000f8 <_impure_ptr>
    560a:	fc5ff06f          	j	55ce <_vsiprintf_r>

0000560e <__ssputs_r>:
    560e:	1101                	addi	sp,sp,-32
    5610:	c432                	sw	a2,8(sp)
    5612:	4590                	lw	a2,8(a1)
    5614:	ca26                	sw	s1,20(sp)
    5616:	ce06                	sw	ra,28(sp)
    5618:	cc22                	sw	s0,24(sp)
    561a:	c22a                	sw	a0,4(sp)
    561c:	419c                	lw	a5,0(a1)
    561e:	84ae                	mv	s1,a1
    5620:	06c6e863          	bltu	a3,a2,5690 <__ssputs_r+0x82>
    5624:	00c59703          	lh	a4,12(a1) # 400000c <_data_lma+0x3ff954c>
    5628:	48077593          	andi	a1,a4,1152
    562c:	c1a5                	beqz	a1,568c <__ssputs_r+0x7e>
    562e:	48c8                	lw	a0,20(s1)
    5630:	460d                	li	a2,3
    5632:	488c                	lw	a1,16(s1)
    5634:	02a60633          	mul	a2,a2,a0
    5638:	8f8d                	sub	a5,a5,a1
    563a:	c03e                	sw	a5,0(sp)
    563c:	01f65413          	srli	s0,a2,0x1f
    5640:	9432                	add	s0,s0,a2
    5642:	00168613          	addi	a2,a3,1
    5646:	8405                	srai	s0,s0,0x1
    5648:	963e                	add	a2,a2,a5
    564a:	00c47363          	bgeu	s0,a2,5650 <__ssputs_r+0x42>
    564e:	8432                	mv	s0,a2
    5650:	40077713          	andi	a4,a4,1024
    5654:	c32d                	beqz	a4,56b6 <__ssputs_r+0xa8>
    5656:	4512                	lw	a0,4(sp)
    5658:	85a2                	mv	a1,s0
    565a:	c836                	sw	a3,16(sp)
    565c:	78c000ef          	jal	ra,5de8 <_malloc_r>
    5660:	c62a                	sw	a0,12(sp)
    5662:	c52d                	beqz	a0,56cc <__ssputs_r+0xbe>
    5664:	4602                	lw	a2,0(sp)
    5666:	488c                	lw	a1,16(s1)
    5668:	ad3fa0ef          	jal	ra,13a <memcpy>
    566c:	24d2                	lhu	a2,12(s1)
    566e:	4732                	lw	a4,12(sp)
    5670:	46c2                	lw	a3,16(sp)
    5672:	b7f67613          	andi	a2,a2,-1153
    5676:	08066613          	ori	a2,a2,128
    567a:	a4d2                	sh	a2,12(s1)
    567c:	4782                	lw	a5,0(sp)
    567e:	c898                	sw	a4,16(s1)
    5680:	c8c0                	sw	s0,20(s1)
    5682:	973e                	add	a4,a4,a5
    5684:	8c1d                	sub	s0,s0,a5
    5686:	c098                	sw	a4,0(s1)
    5688:	8636                	mv	a2,a3
    568a:	c480                	sw	s0,8(s1)
    568c:	00c6f363          	bgeu	a3,a2,5692 <__ssputs_r+0x84>
    5690:	8636                	mv	a2,a3
    5692:	45a2                	lw	a1,8(sp)
    5694:	4088                	lw	a0,0(s1)
    5696:	c032                	sw	a2,0(sp)
    5698:	ac9fa0ef          	jal	ra,160 <memmove>
    569c:	4498                	lw	a4,8(s1)
    569e:	4602                	lw	a2,0(sp)
    56a0:	4501                	li	a0,0
    56a2:	8f11                	sub	a4,a4,a2
    56a4:	c498                	sw	a4,8(s1)
    56a6:	4098                	lw	a4,0(s1)
    56a8:	9732                	add	a4,a4,a2
    56aa:	c098                	sw	a4,0(s1)
    56ac:	40f2                	lw	ra,28(sp)
    56ae:	4462                	lw	s0,24(sp)
    56b0:	44d2                	lw	s1,20(sp)
    56b2:	6105                	addi	sp,sp,32
    56b4:	8082                	ret
    56b6:	4512                	lw	a0,4(sp)
    56b8:	8622                	mv	a2,s0
    56ba:	c636                	sw	a3,12(sp)
    56bc:	03d000ef          	jal	ra,5ef8 <_realloc_r>
    56c0:	46b2                	lw	a3,12(sp)
    56c2:	872a                	mv	a4,a0
    56c4:	fd45                	bnez	a0,567c <__ssputs_r+0x6e>
    56c6:	488c                	lw	a1,16(s1)
    56c8:	4512                	lw	a0,4(sp)
    56ca:	2d15                	jal	5cfe <_free_r>
    56cc:	4792                	lw	a5,4(sp)
    56ce:	4731                	li	a4,12
    56d0:	557d                	li	a0,-1
    56d2:	c398                	sw	a4,0(a5)
    56d4:	24da                	lhu	a4,12(s1)
    56d6:	04076713          	ori	a4,a4,64
    56da:	a4da                	sh	a4,12(s1)
    56dc:	bfc1                	j	56ac <__ssputs_r+0x9e>

000056de <_svfiprintf_r>:
    56de:	25da                	lhu	a4,12(a1)
    56e0:	f7810113          	addi	sp,sp,-136
    56e4:	c122                	sw	s0,128(sp)
    56e6:	dea6                	sw	s1,124(sp)
    56e8:	01f10793          	addi	a5,sp,31
    56ec:	c306                	sw	ra,132(sp)
    56ee:	c22a                	sw	a0,4(sp)
    56f0:	c02e                	sw	a1,0(sp)
    56f2:	08077713          	andi	a4,a4,128
    56f6:	84b2                	mv	s1,a2
    56f8:	ff87f413          	andi	s0,a5,-8
    56fc:	cb15                	beqz	a4,5730 <_svfiprintf_r+0x52>
    56fe:	4998                	lw	a4,16(a1)
    5700:	eb05                	bnez	a4,5730 <_svfiprintf_r+0x52>
    5702:	04000593          	li	a1,64
    5706:	c636                	sw	a3,12(sp)
    5708:	25c5                	jal	5de8 <_malloc_r>
    570a:	4782                	lw	a5,0(sp)
    570c:	46b2                	lw	a3,12(sp)
    570e:	c388                	sw	a0,0(a5)
    5710:	cb88                	sw	a0,16(a5)
    5712:	e919                	bnez	a0,5728 <_svfiprintf_r+0x4a>
    5714:	4712                	lw	a4,4(sp)
    5716:	47b1                	li	a5,12
    5718:	c31c                	sw	a5,0(a4)
    571a:	557d                	li	a0,-1
    571c:	409a                	lw	ra,132(sp)
    571e:	440a                	lw	s0,128(sp)
    5720:	54f6                	lw	s1,124(sp)
    5722:	08810113          	addi	sp,sp,136
    5726:	8082                	ret
    5728:	4782                	lw	a5,0(sp)
    572a:	04000713          	li	a4,64
    572e:	cbd8                	sw	a4,20(a5)
    5730:	02000713          	li	a4,32
    5734:	bc18                	sb	a4,25(s0)
    5736:	03000713          	li	a4,48
    573a:	00042a23          	sw	zero,20(s0)
    573e:	ac38                	sb	a4,26(s0)
    5740:	ca36                	sw	a3,20(sp)
    5742:	8726                	mv	a4,s1
    5744:	02500613          	li	a2,37
    5748:	2314                	lbu	a3,0(a4)
    574a:	c299                	beqz	a3,5750 <_svfiprintf_r+0x72>
    574c:	0ac69363          	bne	a3,a2,57f2 <_svfiprintf_r+0x114>
    5750:	409706b3          	sub	a3,a4,s1
    5754:	02970163          	beq	a4,s1,5776 <_svfiprintf_r+0x98>
    5758:	4582                	lw	a1,0(sp)
    575a:	4512                	lw	a0,4(sp)
    575c:	8626                	mv	a2,s1
    575e:	c83a                	sw	a4,16(sp)
    5760:	c636                	sw	a3,12(sp)
    5762:	eadff0ef          	jal	ra,560e <__ssputs_r>
    5766:	567d                	li	a2,-1
    5768:	1ac50763          	beq	a0,a2,5916 <_svfiprintf_r+0x238>
    576c:	4850                	lw	a2,20(s0)
    576e:	46b2                	lw	a3,12(sp)
    5770:	4742                	lw	a4,16(sp)
    5772:	9636                	add	a2,a2,a3
    5774:	c850                	sw	a2,20(s0)
    5776:	2314                	lbu	a3,0(a4)
    5778:	18068f63          	beqz	a3,5916 <_svfiprintf_r+0x238>
    577c:	00170493          	addi	s1,a4,1
    5780:	577d                	li	a4,-1
    5782:	00042023          	sw	zero,0(s0)
    5786:	00042623          	sw	zero,12(s0)
    578a:	c058                	sw	a4,4(s0)
    578c:	00042423          	sw	zero,8(s0)
    5790:	040401a3          	sb	zero,67(s0)
    5794:	04042c23          	sw	zero,88(s0)
    5798:	208c                	lbu	a1,0(s1)
    579a:	4615                	li	a2,5
    579c:	00001517          	auipc	a0,0x1
    57a0:	29050513          	addi	a0,a0,656 # 6a2c <__clz_tab+0x100>
    57a4:	2389                	jal	5ce6 <memchr>
    57a6:	4014                	lw	a3,0(s0)
    57a8:	00148713          	addi	a4,s1,1
    57ac:	e529                	bnez	a0,57f6 <_svfiprintf_r+0x118>
    57ae:	0106f613          	andi	a2,a3,16
    57b2:	c609                	beqz	a2,57bc <_svfiprintf_r+0xde>
    57b4:	02000613          	li	a2,32
    57b8:	04c401a3          	sb	a2,67(s0)
    57bc:	0086f613          	andi	a2,a3,8
    57c0:	c609                	beqz	a2,57ca <_svfiprintf_r+0xec>
    57c2:	02b00613          	li	a2,43
    57c6:	04c401a3          	sb	a2,67(s0)
    57ca:	208c                	lbu	a1,0(s1)
    57cc:	02a00613          	li	a2,42
    57d0:	02c58f63          	beq	a1,a2,580e <_svfiprintf_r+0x130>
    57d4:	4454                	lw	a3,12(s0)
    57d6:	8726                	mv	a4,s1
    57d8:	4581                	li	a1,0
    57da:	4525                	li	a0,9
    57dc:	42a9                	li	t0,10
    57de:	2310                	lbu	a2,0(a4)
    57e0:	00170313          	addi	t1,a4,1
    57e4:	fd060613          	addi	a2,a2,-48
    57e8:	06c57763          	bgeu	a0,a2,5856 <_svfiprintf_r+0x178>
    57ec:	c98d                	beqz	a1,581e <_svfiprintf_r+0x140>
    57ee:	c454                	sw	a3,12(s0)
    57f0:	a03d                	j	581e <_svfiprintf_r+0x140>
    57f2:	0705                	addi	a4,a4,1
    57f4:	bf91                	j	5748 <_svfiprintf_r+0x6a>
    57f6:	00001617          	auipc	a2,0x1
    57fa:	23660613          	addi	a2,a2,566 # 6a2c <__clz_tab+0x100>
    57fe:	8d11                	sub	a0,a0,a2
    5800:	4605                	li	a2,1
    5802:	00a61633          	sll	a2,a2,a0
    5806:	8ed1                	or	a3,a3,a2
    5808:	c014                	sw	a3,0(s0)
    580a:	84ba                	mv	s1,a4
    580c:	b771                	j	5798 <_svfiprintf_r+0xba>
    580e:	4652                	lw	a2,20(sp)
    5810:	00460593          	addi	a1,a2,4
    5814:	4210                	lw	a2,0(a2)
    5816:	ca2e                	sw	a1,20(sp)
    5818:	02064863          	bltz	a2,5848 <_svfiprintf_r+0x16a>
    581c:	c450                	sw	a2,12(s0)
    581e:	2310                	lbu	a2,0(a4)
    5820:	02e00693          	li	a3,46
    5824:	04d61e63          	bne	a2,a3,5880 <_svfiprintf_r+0x1a2>
    5828:	3310                	lbu	a2,1(a4)
    582a:	02a00693          	li	a3,42
    582e:	02d61a63          	bne	a2,a3,5862 <_svfiprintf_r+0x184>
    5832:	46d2                	lw	a3,20(sp)
    5834:	0709                	addi	a4,a4,2
    5836:	00468613          	addi	a2,a3,4
    583a:	4294                	lw	a3,0(a3)
    583c:	ca32                	sw	a2,20(sp)
    583e:	0006d363          	bgez	a3,5844 <_svfiprintf_r+0x166>
    5842:	56fd                	li	a3,-1
    5844:	c054                	sw	a3,4(s0)
    5846:	a82d                	j	5880 <_svfiprintf_r+0x1a2>
    5848:	40c00633          	neg	a2,a2
    584c:	0026e693          	ori	a3,a3,2
    5850:	c450                	sw	a2,12(s0)
    5852:	c014                	sw	a3,0(s0)
    5854:	b7e9                	j	581e <_svfiprintf_r+0x140>
    5856:	025686b3          	mul	a3,a3,t0
    585a:	871a                	mv	a4,t1
    585c:	4585                	li	a1,1
    585e:	96b2                	add	a3,a3,a2
    5860:	bfbd                	j	57de <_svfiprintf_r+0x100>
    5862:	0705                	addi	a4,a4,1
    5864:	00042223          	sw	zero,4(s0)
    5868:	4581                	li	a1,0
    586a:	4681                	li	a3,0
    586c:	4525                	li	a0,9
    586e:	42a9                	li	t0,10
    5870:	2310                	lbu	a2,0(a4)
    5872:	00170313          	addi	t1,a4,1
    5876:	fd060613          	addi	a2,a2,-48
    587a:	06c57763          	bgeu	a0,a2,58e8 <_svfiprintf_r+0x20a>
    587e:	f1f9                	bnez	a1,5844 <_svfiprintf_r+0x166>
    5880:	230c                	lbu	a1,0(a4)
    5882:	460d                	li	a2,3
    5884:	00001517          	auipc	a0,0x1
    5888:	1b050513          	addi	a0,a0,432 # 6a34 <__clz_tab+0x108>
    588c:	c63a                	sw	a4,12(sp)
    588e:	29a1                	jal	5ce6 <memchr>
    5890:	4732                	lw	a4,12(sp)
    5892:	cd11                	beqz	a0,58ae <_svfiprintf_r+0x1d0>
    5894:	00001697          	auipc	a3,0x1
    5898:	1a068693          	addi	a3,a3,416 # 6a34 <__clz_tab+0x108>
    589c:	8d15                	sub	a0,a0,a3
    589e:	4014                	lw	a3,0(s0)
    58a0:	04000613          	li	a2,64
    58a4:	00a61633          	sll	a2,a2,a0
    58a8:	8ed1                	or	a3,a3,a2
    58aa:	0705                	addi	a4,a4,1
    58ac:	c014                	sw	a3,0(s0)
    58ae:	230c                	lbu	a1,0(a4)
    58b0:	4619                	li	a2,6
    58b2:	00001517          	auipc	a0,0x1
    58b6:	18650513          	addi	a0,a0,390 # 6a38 <__clz_tab+0x10c>
    58ba:	00170493          	addi	s1,a4,1
    58be:	ac0c                	sb	a1,24(s0)
    58c0:	211d                	jal	5ce6 <memchr>
    58c2:	c135                	beqz	a0,5926 <_svfiprintf_r+0x248>
    58c4:	00000713          	li	a4,0
    58c8:	e715                	bnez	a4,58f4 <_svfiprintf_r+0x216>
    58ca:	4018                	lw	a4,0(s0)
    58cc:	4652                	lw	a2,20(sp)
    58ce:	10077713          	andi	a4,a4,256
    58d2:	00860693          	addi	a3,a2,8
    58d6:	c319                	beqz	a4,58dc <_svfiprintf_r+0x1fe>
    58d8:	00460693          	addi	a3,a2,4
    58dc:	ca36                	sw	a3,20(sp)
    58de:	4858                	lw	a4,20(s0)
    58e0:	47a2                	lw	a5,8(sp)
    58e2:	973e                	add	a4,a4,a5
    58e4:	c858                	sw	a4,20(s0)
    58e6:	bdb1                	j	5742 <_svfiprintf_r+0x64>
    58e8:	025686b3          	mul	a3,a3,t0
    58ec:	871a                	mv	a4,t1
    58ee:	4585                	li	a1,1
    58f0:	96b2                	add	a3,a3,a2
    58f2:	bfbd                	j	5870 <_svfiprintf_r+0x192>
    58f4:	4602                	lw	a2,0(sp)
    58f6:	4512                	lw	a0,4(sp)
    58f8:	0858                	addi	a4,sp,20
    58fa:	00000697          	auipc	a3,0x0
    58fe:	d1468693          	addi	a3,a3,-748 # 560e <__ssputs_r>
    5902:	85a2                	mv	a1,s0
    5904:	00000097          	auipc	ra,0x0
    5908:	000000e7          	jalr	zero # 0 <_sinit>
    590c:	c42a                	sw	a0,8(sp)
    590e:	47a2                	lw	a5,8(sp)
    5910:	577d                	li	a4,-1
    5912:	fce796e3          	bne	a5,a4,58de <_svfiprintf_r+0x200>
    5916:	4782                	lw	a5,0(sp)
    5918:	27da                	lhu	a4,12(a5)
    591a:	04077713          	andi	a4,a4,64
    591e:	de071ee3          	bnez	a4,571a <_svfiprintf_r+0x3c>
    5922:	4848                	lw	a0,20(s0)
    5924:	bbe5                	j	571c <_svfiprintf_r+0x3e>
    5926:	4602                	lw	a2,0(sp)
    5928:	4512                	lw	a0,4(sp)
    592a:	0858                	addi	a4,sp,20
    592c:	00000697          	auipc	a3,0x0
    5930:	ce268693          	addi	a3,a3,-798 # 560e <__ssputs_r>
    5934:	85a2                	mv	a1,s0
    5936:	2211                	jal	5a3a <_printf_i>
    5938:	bfd1                	j	590c <_svfiprintf_r+0x22e>

0000593a <_printf_common>:
    593a:	1101                	addi	sp,sp,-32
    593c:	ca26                	sw	s1,20(sp)
    593e:	c236                	sw	a3,4(sp)
    5940:	84ba                	mv	s1,a4
    5942:	4594                	lw	a3,8(a1)
    5944:	4998                	lw	a4,16(a1)
    5946:	cc22                	sw	s0,24(sp)
    5948:	ce06                	sw	ra,28(sp)
    594a:	c02a                	sw	a0,0(sp)
    594c:	87ae                	mv	a5,a1
    594e:	8432                	mv	s0,a2
    5950:	00d75363          	bge	a4,a3,5956 <_printf_common+0x1c>
    5954:	8736                	mv	a4,a3
    5956:	c018                	sw	a4,0(s0)
    5958:	0437c683          	lbu	a3,67(a5)
    595c:	c299                	beqz	a3,5962 <_printf_common+0x28>
    595e:	0705                	addi	a4,a4,1
    5960:	c018                	sw	a4,0(s0)
    5962:	4398                	lw	a4,0(a5)
    5964:	02077713          	andi	a4,a4,32
    5968:	c701                	beqz	a4,5970 <_printf_common+0x36>
    596a:	4018                	lw	a4,0(s0)
    596c:	0709                	addi	a4,a4,2
    596e:	c018                	sw	a4,0(s0)
    5970:	4398                	lw	a4,0(a5)
    5972:	01978613          	addi	a2,a5,25
    5976:	8b19                	andi	a4,a4,6
    5978:	cf29                	beqz	a4,59d2 <_printf_common+0x98>
    597a:	4398                	lw	a4,0(a5)
    597c:	0437c683          	lbu	a3,67(a5)
    5980:	02077713          	andi	a4,a4,32
    5984:	00d036b3          	snez	a3,a3
    5988:	ef2d                	bnez	a4,5a02 <_printf_common+0xc8>
    598a:	4592                	lw	a1,4(sp)
    598c:	4502                	lw	a0,0(sp)
    598e:	04378613          	addi	a2,a5,67
    5992:	c43e                	sw	a5,8(sp)
    5994:	9482                	jalr	s1
    5996:	577d                	li	a4,-1
    5998:	04e50f63          	beq	a0,a4,59f6 <_printf_common+0xbc>
    599c:	47a2                	lw	a5,8(sp)
    599e:	4611                	li	a2,4
    59a0:	4701                	li	a4,0
    59a2:	4394                	lw	a3,0(a5)
    59a4:	8a99                	andi	a3,a3,6
    59a6:	00c69863          	bne	a3,a2,59b6 <_printf_common+0x7c>
    59aa:	47d8                	lw	a4,12(a5)
    59ac:	4014                	lw	a3,0(s0)
    59ae:	8f15                	sub	a4,a4,a3
    59b0:	00075363          	bgez	a4,59b6 <_printf_common+0x7c>
    59b4:	4701                	li	a4,0
    59b6:	4794                	lw	a3,8(a5)
    59b8:	4b90                	lw	a2,16(a5)
    59ba:	00d65463          	bge	a2,a3,59c2 <_printf_common+0x88>
    59be:	8e91                	sub	a3,a3,a2
    59c0:	9736                	add	a4,a4,a3
    59c2:	4401                	li	s0,0
    59c4:	01a78613          	addi	a2,a5,26
    59c8:	04871c63          	bne	a4,s0,5a20 <_printf_common+0xe6>
    59cc:	4501                	li	a0,0
    59ce:	a02d                	j	59f8 <_printf_common+0xbe>
    59d0:	0705                	addi	a4,a4,1
    59d2:	47d4                	lw	a3,12(a5)
    59d4:	400c                	lw	a1,0(s0)
    59d6:	8e8d                	sub	a3,a3,a1
    59d8:	fad751e3          	bge	a4,a3,597a <_printf_common+0x40>
    59dc:	4592                	lw	a1,4(sp)
    59de:	4502                	lw	a0,0(sp)
    59e0:	4685                	li	a3,1
    59e2:	c83e                	sw	a5,16(sp)
    59e4:	c63a                	sw	a4,12(sp)
    59e6:	c432                	sw	a2,8(sp)
    59e8:	9482                	jalr	s1
    59ea:	56fd                	li	a3,-1
    59ec:	4622                	lw	a2,8(sp)
    59ee:	4732                	lw	a4,12(sp)
    59f0:	47c2                	lw	a5,16(sp)
    59f2:	fcd51fe3          	bne	a0,a3,59d0 <_printf_common+0x96>
    59f6:	557d                	li	a0,-1
    59f8:	40f2                	lw	ra,28(sp)
    59fa:	4462                	lw	s0,24(sp)
    59fc:	44d2                	lw	s1,20(sp)
    59fe:	6105                	addi	sp,sp,32
    5a00:	8082                	ret
    5a02:	00d78633          	add	a2,a5,a3
    5a06:	03000593          	li	a1,48
    5a0a:	04b601a3          	sb	a1,67(a2)
    5a0e:	0457c603          	lbu	a2,69(a5)
    5a12:	00168713          	addi	a4,a3,1
    5a16:	973e                	add	a4,a4,a5
    5a18:	0689                	addi	a3,a3,2
    5a1a:	04c701a3          	sb	a2,67(a4)
    5a1e:	b7b5                	j	598a <_printf_common+0x50>
    5a20:	4592                	lw	a1,4(sp)
    5a22:	4502                	lw	a0,0(sp)
    5a24:	4685                	li	a3,1
    5a26:	c63a                	sw	a4,12(sp)
    5a28:	c432                	sw	a2,8(sp)
    5a2a:	9482                	jalr	s1
    5a2c:	57fd                	li	a5,-1
    5a2e:	fcf504e3          	beq	a0,a5,59f6 <_printf_common+0xbc>
    5a32:	4732                	lw	a4,12(sp)
    5a34:	4622                	lw	a2,8(sp)
    5a36:	0405                	addi	s0,s0,1
    5a38:	bf41                	j	59c8 <_printf_common+0x8e>

00005a3a <_printf_i>:
    5a3a:	fd410113          	addi	sp,sp,-44
    5a3e:	d222                	sw	s0,36(sp)
    5a40:	d406                	sw	ra,40(sp)
    5a42:	d026                	sw	s1,32(sp)
    5a44:	c436                	sw	a3,8(sp)
    5a46:	2d94                	lbu	a3,24(a1)
    5a48:	842e                	mv	s0,a1
    5a4a:	c232                	sw	a2,4(sp)
    5a4c:	c02a                	sw	a0,0(sp)
    5a4e:	04358613          	addi	a2,a1,67
    5a52:	07800593          	li	a1,120
    5a56:	02d5e063          	bltu	a1,a3,5a76 <_printf_i+0x3c>
    5a5a:	06200593          	li	a1,98
    5a5e:	02d5e163          	bltu	a1,a3,5a80 <_printf_i+0x46>
    5a62:	20068463          	beqz	a3,5c6a <_printf_i+0x230>
    5a66:	05800593          	li	a1,88
    5a6a:	00001297          	auipc	t0,0x1
    5a6e:	fd628293          	addi	t0,t0,-42 # 6a40 <__clz_tab+0x114>
    5a72:	16b68b63          	beq	a3,a1,5be8 <_printf_i+0x1ae>
    5a76:	04240493          	addi	s1,s0,66
    5a7a:	04d40123          	sb	a3,66(s0)
    5a7e:	a815                	j	5ab2 <_printf_i+0x78>
    5a80:	f9d68593          	addi	a1,a3,-99
    5a84:	0ff5f593          	zext.b	a1,a1
    5a88:	4555                	li	a0,21
    5a8a:	feb566e3          	bltu	a0,a1,5a76 <_printf_i+0x3c>
    5a8e:	00001517          	auipc	a0,0x1
    5a92:	fda50513          	addi	a0,a0,-38 # 6a68 <__clz_tab+0x13c>
    5a96:	058a                	slli	a1,a1,0x2
    5a98:	95aa                	add	a1,a1,a0
    5a9a:	418c                	lw	a1,0(a1)
    5a9c:	95aa                	add	a1,a1,a0
    5a9e:	8582                	jr	a1
    5aa0:	4314                	lw	a3,0(a4)
    5aa2:	04240493          	addi	s1,s0,66
    5aa6:	00468613          	addi	a2,a3,4
    5aaa:	c310                	sw	a2,0(a4)
    5aac:	4298                	lw	a4,0(a3)
    5aae:	04e40123          	sb	a4,66(s0)
    5ab2:	4705                	li	a4,1
    5ab4:	aae1                	j	5c8c <_printf_i+0x252>
    5ab6:	4014                	lw	a3,0(s0)
    5ab8:	00072303          	lw	t1,0(a4)
    5abc:	0806f513          	andi	a0,a3,128
    5ac0:	00430593          	addi	a1,t1,4
    5ac4:	cd39                	beqz	a0,5b22 <_printf_i+0xe8>
    5ac6:	00032303          	lw	t1,0(t1)
    5aca:	c30c                	sw	a1,0(a4)
    5acc:	404c                	lw	a1,4(s0)
    5ace:	16035363          	bgez	t1,5c34 <_printf_i+0x1fa>
    5ad2:	02d00513          	li	a0,45
    5ad6:	04a401a3          	sb	a0,67(s0)
    5ada:	c40c                	sw	a1,8(s0)
    5adc:	0405dd63          	bgez	a1,5b36 <_printf_i+0xfc>
    5ae0:	40600333          	neg	t1,t1
    5ae4:	00001297          	auipc	t0,0x1
    5ae8:	f5c28293          	addi	t0,t0,-164 # 6a40 <__clz_tab+0x114>
    5aec:	45a9                	li	a1,10
    5aee:	84b2                	mv	s1,a2
    5af0:	851a                	mv	a0,t1
    5af2:	cc32                	sw	a2,24(sp)
    5af4:	ca16                	sw	t0,20(sp)
    5af6:	c82e                	sw	a1,16(sp)
    5af8:	c61a                	sw	t1,12(sp)
    5afa:	df6fa0ef          	jal	ra,f0 <__umodsi3>
    5afe:	42d2                	lw	t0,20(sp)
    5b00:	4332                	lw	t1,12(sp)
    5b02:	45c2                	lw	a1,16(sp)
    5b04:	9516                	add	a0,a0,t0
    5b06:	2114                	lbu	a3,0(a0)
    5b08:	851a                	mv	a0,t1
    5b0a:	14fd                	addi	s1,s1,-1
    5b0c:	a094                	sb	a3,0(s1)
    5b0e:	db6fa0ef          	jal	ra,c4 <__hidden___udivsi3>
    5b12:	46b2                	lw	a3,12(sp)
    5b14:	45c2                	lw	a1,16(sp)
    5b16:	42d2                	lw	t0,20(sp)
    5b18:	4662                	lw	a2,24(sp)
    5b1a:	832a                	mv	t1,a0
    5b1c:	fcb6fae3          	bgeu	a3,a1,5af0 <_printf_i+0xb6>
    5b20:	a885                	j	5b90 <_printf_i+0x156>
    5b22:	00032303          	lw	t1,0(t1)
    5b26:	0406f513          	andi	a0,a3,64
    5b2a:	c30c                	sw	a1,0(a4)
    5b2c:	d145                	beqz	a0,5acc <_printf_i+0x92>
    5b2e:	0342                	slli	t1,t1,0x10
    5b30:	41035313          	srai	t1,t1,0x10
    5b34:	bf61                	j	5acc <_printf_i+0x92>
    5b36:	9aed                	andi	a3,a3,-5
    5b38:	c014                	sw	a3,0(s0)
    5b3a:	b75d                	j	5ae0 <_printf_i+0xa6>
    5b3c:	4008                	lw	a0,0(s0)
    5b3e:	430c                	lw	a1,0(a4)
    5b40:	08057293          	andi	t0,a0,128
    5b44:	00458313          	addi	t1,a1,4
    5b48:	00028763          	beqz	t0,5b56 <_printf_i+0x11c>
    5b4c:	00672023          	sw	t1,0(a4)
    5b50:	0005a303          	lw	t1,0(a1)
    5b54:	a801                	j	5b64 <_printf_i+0x12a>
    5b56:	04057513          	andi	a0,a0,64
    5b5a:	00672023          	sw	t1,0(a4)
    5b5e:	d96d                	beqz	a0,5b50 <_printf_i+0x116>
    5b60:	0005d303          	lhu	t1,0(a1)
    5b64:	06f00593          	li	a1,111
    5b68:	00001297          	auipc	t0,0x1
    5b6c:	ed828293          	addi	t0,t0,-296 # 6a40 <__clz_tab+0x114>
    5b70:	0cb69063          	bne	a3,a1,5c30 <_printf_i+0x1f6>
    5b74:	45a1                	li	a1,8
    5b76:	040401a3          	sb	zero,67(s0)
    5b7a:	4054                	lw	a3,4(s0)
    5b7c:	c414                	sw	a3,8(s0)
    5b7e:	f606c8e3          	bltz	a3,5aee <_printf_i+0xb4>
    5b82:	4008                	lw	a0,0(s0)
    5b84:	996d                	andi	a0,a0,-5
    5b86:	c008                	sw	a0,0(s0)
    5b88:	f60313e3          	bnez	t1,5aee <_printf_i+0xb4>
    5b8c:	84b2                	mv	s1,a2
    5b8e:	f2a5                	bnez	a3,5aee <_printf_i+0xb4>
    5b90:	4721                	li	a4,8
    5b92:	00e59e63          	bne	a1,a4,5bae <_printf_i+0x174>
    5b96:	4018                	lw	a4,0(s0)
    5b98:	8b05                	andi	a4,a4,1
    5b9a:	cb11                	beqz	a4,5bae <_printf_i+0x174>
    5b9c:	4054                	lw	a3,4(s0)
    5b9e:	4818                	lw	a4,16(s0)
    5ba0:	00d74763          	blt	a4,a3,5bae <_printf_i+0x174>
    5ba4:	03000713          	li	a4,48
    5ba8:	fee48fa3          	sb	a4,-1(s1)
    5bac:	14fd                	addi	s1,s1,-1
    5bae:	8e05                	sub	a2,a2,s1
    5bb0:	c810                	sw	a2,16(s0)
    5bb2:	4722                	lw	a4,8(sp)
    5bb4:	4692                	lw	a3,4(sp)
    5bb6:	4502                	lw	a0,0(sp)
    5bb8:	0870                	addi	a2,sp,28
    5bba:	85a2                	mv	a1,s0
    5bbc:	d7fff0ef          	jal	ra,593a <_printf_common>
    5bc0:	577d                	li	a4,-1
    5bc2:	0ce51963          	bne	a0,a4,5c94 <_printf_i+0x25a>
    5bc6:	557d                	li	a0,-1
    5bc8:	50a2                	lw	ra,40(sp)
    5bca:	5412                	lw	s0,36(sp)
    5bcc:	5482                	lw	s1,32(sp)
    5bce:	02c10113          	addi	sp,sp,44
    5bd2:	8082                	ret
    5bd4:	4014                	lw	a3,0(s0)
    5bd6:	0206e693          	ori	a3,a3,32
    5bda:	c014                	sw	a3,0(s0)
    5bdc:	07800693          	li	a3,120
    5be0:	00001297          	auipc	t0,0x1
    5be4:	e7428293          	addi	t0,t0,-396 # 6a54 <__clz_tab+0x128>
    5be8:	04d402a3          	sb	a3,69(s0)
    5bec:	4014                	lw	a3,0(s0)
    5bee:	430c                	lw	a1,0(a4)
    5bf0:	0806f313          	andi	t1,a3,128
    5bf4:	00458513          	addi	a0,a1,4
    5bf8:	00030663          	beqz	t1,5c04 <_printf_i+0x1ca>
    5bfc:	c308                	sw	a0,0(a4)
    5bfe:	0005a303          	lw	t1,0(a1)
    5c02:	a801                	j	5c12 <_printf_i+0x1d8>
    5c04:	0406f313          	andi	t1,a3,64
    5c08:	c308                	sw	a0,0(a4)
    5c0a:	fe030ae3          	beqz	t1,5bfe <_printf_i+0x1c4>
    5c0e:	0005d303          	lhu	t1,0(a1)
    5c12:	0016f593          	andi	a1,a3,1
    5c16:	c581                	beqz	a1,5c1e <_printf_i+0x1e4>
    5c18:	0206e693          	ori	a3,a3,32
    5c1c:	c014                	sw	a3,0(s0)
    5c1e:	00030463          	beqz	t1,5c26 <_printf_i+0x1ec>
    5c22:	45c1                	li	a1,16
    5c24:	bf89                	j	5b76 <_printf_i+0x13c>
    5c26:	4014                	lw	a3,0(s0)
    5c28:	fdf6f693          	andi	a3,a3,-33
    5c2c:	c014                	sw	a3,0(s0)
    5c2e:	bfd5                	j	5c22 <_printf_i+0x1e8>
    5c30:	45a9                	li	a1,10
    5c32:	b791                	j	5b76 <_printf_i+0x13c>
    5c34:	00001297          	auipc	t0,0x1
    5c38:	e0c28293          	addi	t0,t0,-500 # 6a40 <__clz_tab+0x114>
    5c3c:	45a9                	li	a1,10
    5c3e:	bf35                	j	5b7a <_printf_i+0x140>
    5c40:	400c                	lw	a1,0(s0)
    5c42:	4314                	lw	a3,0(a4)
    5c44:	4848                	lw	a0,20(s0)
    5c46:	0805f293          	andi	t0,a1,128
    5c4a:	00468313          	addi	t1,a3,4
    5c4e:	00028763          	beqz	t0,5c5c <_printf_i+0x222>
    5c52:	00672023          	sw	t1,0(a4)
    5c56:	4298                	lw	a4,0(a3)
    5c58:	c308                	sw	a0,0(a4)
    5c5a:	a801                	j	5c6a <_printf_i+0x230>
    5c5c:	00672023          	sw	t1,0(a4)
    5c60:	0405f593          	andi	a1,a1,64
    5c64:	4298                	lw	a4,0(a3)
    5c66:	d9ed                	beqz	a1,5c58 <_printf_i+0x21e>
    5c68:	a30a                	sh	a0,0(a4)
    5c6a:	00042823          	sw	zero,16(s0)
    5c6e:	84b2                	mv	s1,a2
    5c70:	b789                	j	5bb2 <_printf_i+0x178>
    5c72:	4314                	lw	a3,0(a4)
    5c74:	4581                	li	a1,0
    5c76:	00468613          	addi	a2,a3,4
    5c7a:	c310                	sw	a2,0(a4)
    5c7c:	4284                	lw	s1,0(a3)
    5c7e:	4050                	lw	a2,4(s0)
    5c80:	8526                	mv	a0,s1
    5c82:	2095                	jal	5ce6 <memchr>
    5c84:	c119                	beqz	a0,5c8a <_printf_i+0x250>
    5c86:	8d05                	sub	a0,a0,s1
    5c88:	c048                	sw	a0,4(s0)
    5c8a:	4058                	lw	a4,4(s0)
    5c8c:	c818                	sw	a4,16(s0)
    5c8e:	040401a3          	sb	zero,67(s0)
    5c92:	b705                	j	5bb2 <_printf_i+0x178>
    5c94:	4814                	lw	a3,16(s0)
    5c96:	4592                	lw	a1,4(sp)
    5c98:	4502                	lw	a0,0(sp)
    5c9a:	47a2                	lw	a5,8(sp)
    5c9c:	8626                	mv	a2,s1
    5c9e:	9782                	jalr	a5
    5ca0:	577d                	li	a4,-1
    5ca2:	f2e502e3          	beq	a0,a4,5bc6 <_printf_i+0x18c>
    5ca6:	4018                	lw	a4,0(s0)
    5ca8:	8b09                	andi	a4,a4,2
    5caa:	eb15                	bnez	a4,5cde <_printf_i+0x2a4>
    5cac:	4772                	lw	a4,28(sp)
    5cae:	4448                	lw	a0,12(s0)
    5cb0:	f0e55ce3          	bge	a0,a4,5bc8 <_printf_i+0x18e>
    5cb4:	853a                	mv	a0,a4
    5cb6:	bf09                	j	5bc8 <_printf_i+0x18e>
    5cb8:	4592                	lw	a1,4(sp)
    5cba:	4502                	lw	a0,0(sp)
    5cbc:	47a2                	lw	a5,8(sp)
    5cbe:	4685                	li	a3,1
    5cc0:	c83a                	sw	a4,16(sp)
    5cc2:	c632                	sw	a2,12(sp)
    5cc4:	9782                	jalr	a5
    5cc6:	56fd                	li	a3,-1
    5cc8:	eed50fe3          	beq	a0,a3,5bc6 <_printf_i+0x18c>
    5ccc:	4742                	lw	a4,16(sp)
    5cce:	4632                	lw	a2,12(sp)
    5cd0:	0705                	addi	a4,a4,1
    5cd2:	4454                	lw	a3,12(s0)
    5cd4:	45f2                	lw	a1,28(sp)
    5cd6:	8e8d                	sub	a3,a3,a1
    5cd8:	fed740e3          	blt	a4,a3,5cb8 <_printf_i+0x27e>
    5cdc:	bfc1                	j	5cac <_printf_i+0x272>
    5cde:	4701                	li	a4,0
    5ce0:	01940613          	addi	a2,s0,25
    5ce4:	b7fd                	j	5cd2 <_printf_i+0x298>

00005ce6 <memchr>:
    5ce6:	0ff5f593          	zext.b	a1,a1
    5cea:	962a                	add	a2,a2,a0
    5cec:	00c51463          	bne	a0,a2,5cf4 <memchr+0xe>
    5cf0:	4501                	li	a0,0
    5cf2:	8082                	ret
    5cf4:	211c                	lbu	a5,0(a0)
    5cf6:	feb78ee3          	beq	a5,a1,5cf2 <memchr+0xc>
    5cfa:	0505                	addi	a0,a0,1
    5cfc:	bfc5                	j	5cec <memchr+0x6>

00005cfe <_free_r>:
    5cfe:	cdd1                	beqz	a1,5d9a <_free_r+0x9c>
    5d00:	ffc5a783          	lw	a5,-4(a1)
    5d04:	1141                	addi	sp,sp,-16
    5d06:	c422                	sw	s0,8(sp)
    5d08:	c606                	sw	ra,12(sp)
    5d0a:	ffc58413          	addi	s0,a1,-4
    5d0e:	0007d363          	bgez	a5,5d14 <_free_r+0x16>
    5d12:	943e                	add	s0,s0,a5
    5d14:	c02a                	sw	a0,0(sp)
    5d16:	2cb5                	jal	5f92 <__malloc_lock>
    5d18:	85018713          	addi	a4,gp,-1968 # 20000148 <__malloc_free_list>
    5d1c:	431c                	lw	a5,0(a4)
    5d1e:	4502                	lw	a0,0(sp)
    5d20:	eb81                	bnez	a5,5d30 <_free_r+0x32>
    5d22:	00042223          	sw	zero,4(s0)
    5d26:	c300                	sw	s0,0(a4)
    5d28:	4422                	lw	s0,8(sp)
    5d2a:	40b2                	lw	ra,12(sp)
    5d2c:	0141                	addi	sp,sp,16
    5d2e:	a4ad                	j	5f98 <__malloc_unlock>
    5d30:	00f47d63          	bgeu	s0,a5,5d4a <_free_r+0x4c>
    5d34:	4010                	lw	a2,0(s0)
    5d36:	00c406b3          	add	a3,s0,a2
    5d3a:	00d79663          	bne	a5,a3,5d46 <_free_r+0x48>
    5d3e:	4394                	lw	a3,0(a5)
    5d40:	43dc                	lw	a5,4(a5)
    5d42:	96b2                	add	a3,a3,a2
    5d44:	c014                	sw	a3,0(s0)
    5d46:	c05c                	sw	a5,4(s0)
    5d48:	bff9                	j	5d26 <_free_r+0x28>
    5d4a:	873e                	mv	a4,a5
    5d4c:	43dc                	lw	a5,4(a5)
    5d4e:	c399                	beqz	a5,5d54 <_free_r+0x56>
    5d50:	fef47de3          	bgeu	s0,a5,5d4a <_free_r+0x4c>
    5d54:	4314                	lw	a3,0(a4)
    5d56:	00d70633          	add	a2,a4,a3
    5d5a:	00861f63          	bne	a2,s0,5d78 <_free_r+0x7a>
    5d5e:	4010                	lw	a2,0(s0)
    5d60:	96b2                	add	a3,a3,a2
    5d62:	c314                	sw	a3,0(a4)
    5d64:	00d70633          	add	a2,a4,a3
    5d68:	fcc790e3          	bne	a5,a2,5d28 <_free_r+0x2a>
    5d6c:	4390                	lw	a2,0(a5)
    5d6e:	43dc                	lw	a5,4(a5)
    5d70:	96b2                	add	a3,a3,a2
    5d72:	c314                	sw	a3,0(a4)
    5d74:	c35c                	sw	a5,4(a4)
    5d76:	bf4d                	j	5d28 <_free_r+0x2a>
    5d78:	00c47563          	bgeu	s0,a2,5d82 <_free_r+0x84>
    5d7c:	47b1                	li	a5,12
    5d7e:	c11c                	sw	a5,0(a0)
    5d80:	b765                	j	5d28 <_free_r+0x2a>
    5d82:	4010                	lw	a2,0(s0)
    5d84:	00c406b3          	add	a3,s0,a2
    5d88:	00d79663          	bne	a5,a3,5d94 <_free_r+0x96>
    5d8c:	4394                	lw	a3,0(a5)
    5d8e:	43dc                	lw	a5,4(a5)
    5d90:	96b2                	add	a3,a3,a2
    5d92:	c014                	sw	a3,0(s0)
    5d94:	c05c                	sw	a5,4(s0)
    5d96:	c340                	sw	s0,4(a4)
    5d98:	bf41                	j	5d28 <_free_r+0x2a>
    5d9a:	8082                	ret

00005d9c <sbrk_aligned>:
    5d9c:	1141                	addi	sp,sp,-16
    5d9e:	c226                	sw	s1,4(sp)
    5da0:	84c18493          	addi	s1,gp,-1972 # 20000144 <__malloc_sbrk_start>
    5da4:	4098                	lw	a4,0(s1)
    5da6:	c422                	sw	s0,8(sp)
    5da8:	c606                	sw	ra,12(sp)
    5daa:	c02a                	sw	a0,0(sp)
    5dac:	842e                	mv	s0,a1
    5dae:	e701                	bnez	a4,5db6 <sbrk_aligned+0x1a>
    5db0:	4581                	li	a1,0
    5db2:	2a65                	jal	5f6a <_sbrk_r>
    5db4:	c088                	sw	a0,0(s1)
    5db6:	4502                	lw	a0,0(sp)
    5db8:	85a2                	mv	a1,s0
    5dba:	54fd                	li	s1,-1
    5dbc:	227d                	jal	5f6a <_sbrk_r>
    5dbe:	00951963          	bne	a0,s1,5dd0 <sbrk_aligned+0x34>
    5dc2:	547d                	li	s0,-1
    5dc4:	40b2                	lw	ra,12(sp)
    5dc6:	8522                	mv	a0,s0
    5dc8:	4422                	lw	s0,8(sp)
    5dca:	4492                	lw	s1,4(sp)
    5dcc:	0141                	addi	sp,sp,16
    5dce:	8082                	ret
    5dd0:	00350413          	addi	s0,a0,3
    5dd4:	9871                	andi	s0,s0,-4
    5dd6:	fe8507e3          	beq	a0,s0,5dc4 <sbrk_aligned+0x28>
    5dda:	40a405b3          	sub	a1,s0,a0
    5dde:	4502                	lw	a0,0(sp)
    5de0:	2269                	jal	5f6a <_sbrk_r>
    5de2:	fe9511e3          	bne	a0,s1,5dc4 <sbrk_aligned+0x28>
    5de6:	bff1                	j	5dc2 <sbrk_aligned+0x26>

00005de8 <_malloc_r>:
    5de8:	00358793          	addi	a5,a1,3
    5dec:	1131                	addi	sp,sp,-20
    5dee:	9bf1                	andi	a5,a5,-4
    5df0:	c426                	sw	s1,8(sp)
    5df2:	c806                	sw	ra,16(sp)
    5df4:	c622                	sw	s0,12(sp)
    5df6:	c02a                	sw	a0,0(sp)
    5df8:	00878493          	addi	s1,a5,8
    5dfc:	4731                	li	a4,12
    5dfe:	06e4fa63          	bgeu	s1,a4,5e72 <_malloc_r+0x8a>
    5e02:	44b1                	li	s1,12
    5e04:	06b4e963          	bltu	s1,a1,5e76 <_malloc_r+0x8e>
    5e08:	4502                	lw	a0,0(sp)
    5e0a:	2261                	jal	5f92 <__malloc_lock>
    5e0c:	85018313          	addi	t1,gp,-1968 # 20000148 <__malloc_free_list>
    5e10:	00032703          	lw	a4,0(t1)
    5e14:	843a                	mv	s0,a4
    5e16:	e82d                	bnez	s0,5e88 <_malloc_r+0xa0>
    5e18:	4502                	lw	a0,0(sp)
    5e1a:	85a6                	mv	a1,s1
    5e1c:	f81ff0ef          	jal	ra,5d9c <sbrk_aligned>
    5e20:	577d                	li	a4,-1
    5e22:	842a                	mv	s0,a0
    5e24:	85018313          	addi	t1,gp,-1968 # 20000148 <__malloc_free_list>
    5e28:	0ce51663          	bne	a0,a4,5ef4 <_malloc_r+0x10c>
    5e2c:	00032403          	lw	s0,0(t1)
    5e30:	8722                	mv	a4,s0
    5e32:	eb45                	bnez	a4,5ee2 <_malloc_r+0xfa>
    5e34:	4018                	lw	a4,0(s0)
    5e36:	4502                	lw	a0,0(sp)
    5e38:	4581                	li	a1,0
    5e3a:	9722                	add	a4,a4,s0
    5e3c:	c23a                	sw	a4,4(sp)
    5e3e:	2235                	jal	5f6a <_sbrk_r>
    5e40:	4712                	lw	a4,4(sp)
    5e42:	0aa71363          	bne	a4,a0,5ee8 <_malloc_r+0x100>
    5e46:	401c                	lw	a5,0(s0)
    5e48:	00348593          	addi	a1,s1,3
    5e4c:	8d9d                	sub	a1,a1,a5
    5e4e:	99f1                	andi	a1,a1,-4
    5e50:	00858493          	addi	s1,a1,8
    5e54:	47b1                	li	a5,12
    5e56:	00f4f363          	bgeu	s1,a5,5e5c <_malloc_r+0x74>
    5e5a:	44b1                	li	s1,12
    5e5c:	4502                	lw	a0,0(sp)
    5e5e:	85a6                	mv	a1,s1
    5e60:	f3dff0ef          	jal	ra,5d9c <sbrk_aligned>
    5e64:	57fd                	li	a5,-1
    5e66:	08f50163          	beq	a0,a5,5ee8 <_malloc_r+0x100>
    5e6a:	401c                	lw	a5,0(s0)
    5e6c:	97a6                	add	a5,a5,s1
    5e6e:	c01c                	sw	a5,0(s0)
    5e70:	a82d                	j	5eaa <_malloc_r+0xc2>
    5e72:	f804d9e3          	bgez	s1,5e04 <_malloc_r+0x1c>
    5e76:	4702                	lw	a4,0(sp)
    5e78:	47b1                	li	a5,12
    5e7a:	c31c                	sw	a5,0(a4)
    5e7c:	4501                	li	a0,0
    5e7e:	40c2                	lw	ra,16(sp)
    5e80:	4432                	lw	s0,12(sp)
    5e82:	44a2                	lw	s1,8(sp)
    5e84:	0151                	addi	sp,sp,20
    5e86:	8082                	ret
    5e88:	4010                	lw	a2,0(s0)
    5e8a:	8e05                	sub	a2,a2,s1
    5e8c:	04064863          	bltz	a2,5edc <_malloc_r+0xf4>
    5e90:	46ad                	li	a3,11
    5e92:	02c6fd63          	bgeu	a3,a2,5ecc <_malloc_r+0xe4>
    5e96:	c004                	sw	s1,0(s0)
    5e98:	009406b3          	add	a3,s0,s1
    5e9c:	02871663          	bne	a4,s0,5ec8 <_malloc_r+0xe0>
    5ea0:	00d32023          	sw	a3,0(t1)
    5ea4:	405c                	lw	a5,4(s0)
    5ea6:	c290                	sw	a2,0(a3)
    5ea8:	c2dc                	sw	a5,4(a3)
    5eaa:	4502                	lw	a0,0(sp)
    5eac:	20f5                	jal	5f98 <__malloc_unlock>
    5eae:	00b40513          	addi	a0,s0,11
    5eb2:	00440793          	addi	a5,s0,4
    5eb6:	9961                	andi	a0,a0,-8
    5eb8:	40f50733          	sub	a4,a0,a5
    5ebc:	fcf501e3          	beq	a0,a5,5e7e <_malloc_r+0x96>
    5ec0:	943a                	add	s0,s0,a4
    5ec2:	8f89                	sub	a5,a5,a0
    5ec4:	c01c                	sw	a5,0(s0)
    5ec6:	bf65                	j	5e7e <_malloc_r+0x96>
    5ec8:	c354                	sw	a3,4(a4)
    5eca:	bfe9                	j	5ea4 <_malloc_r+0xbc>
    5ecc:	405c                	lw	a5,4(s0)
    5ece:	00871563          	bne	a4,s0,5ed8 <_malloc_r+0xf0>
    5ed2:	00f32023          	sw	a5,0(t1)
    5ed6:	bfd1                	j	5eaa <_malloc_r+0xc2>
    5ed8:	c35c                	sw	a5,4(a4)
    5eda:	bfc1                	j	5eaa <_malloc_r+0xc2>
    5edc:	8722                	mv	a4,s0
    5ede:	4040                	lw	s0,4(s0)
    5ee0:	bf1d                	j	5e16 <_malloc_r+0x2e>
    5ee2:	843a                	mv	s0,a4
    5ee4:	4358                	lw	a4,4(a4)
    5ee6:	b7b1                	j	5e32 <_malloc_r+0x4a>
    5ee8:	4702                	lw	a4,0(sp)
    5eea:	47b1                	li	a5,12
    5eec:	c31c                	sw	a5,0(a4)
    5eee:	853a                	mv	a0,a4
    5ef0:	2065                	jal	5f98 <__malloc_unlock>
    5ef2:	b769                	j	5e7c <_malloc_r+0x94>
    5ef4:	c104                	sw	s1,0(a0)
    5ef6:	bf55                	j	5eaa <_malloc_r+0xc2>

00005ef8 <_realloc_r>:
    5ef8:	1121                	addi	sp,sp,-24
    5efa:	ca06                	sw	ra,20(sp)
    5efc:	c822                	sw	s0,16(sp)
    5efe:	c626                	sw	s1,12(sp)
    5f00:	c02a                	sw	a0,0(sp)
    5f02:	e981                	bnez	a1,5f12 <_realloc_r+0x1a>
    5f04:	4442                	lw	s0,16(sp)
    5f06:	40d2                	lw	ra,20(sp)
    5f08:	44b2                	lw	s1,12(sp)
    5f0a:	85b2                	mv	a1,a2
    5f0c:	0161                	addi	sp,sp,24
    5f0e:	edbff06f          	j	5de8 <_malloc_r>
    5f12:	ea11                	bnez	a2,5f26 <_realloc_r+0x2e>
    5f14:	debff0ef          	jal	ra,5cfe <_free_r>
    5f18:	4401                	li	s0,0
    5f1a:	40d2                	lw	ra,20(sp)
    5f1c:	8522                	mv	a0,s0
    5f1e:	4442                	lw	s0,16(sp)
    5f20:	44b2                	lw	s1,12(sp)
    5f22:	0161                	addi	sp,sp,24
    5f24:	8082                	ret
    5f26:	c232                	sw	a2,4(sp)
    5f28:	842e                	mv	s0,a1
    5f2a:	2895                	jal	5f9e <_malloc_usable_size_r>
    5f2c:	4612                	lw	a2,4(sp)
    5f2e:	87aa                	mv	a5,a0
    5f30:	00c56663          	bltu	a0,a2,5f3c <_realloc_r+0x44>
    5f34:	00155713          	srli	a4,a0,0x1
    5f38:	fec761e3          	bltu	a4,a2,5f1a <_realloc_r+0x22>
    5f3c:	4502                	lw	a0,0(sp)
    5f3e:	85b2                	mv	a1,a2
    5f40:	c43e                	sw	a5,8(sp)
    5f42:	c232                	sw	a2,4(sp)
    5f44:	ea5ff0ef          	jal	ra,5de8 <_malloc_r>
    5f48:	84aa                	mv	s1,a0
    5f4a:	d579                	beqz	a0,5f18 <_realloc_r+0x20>
    5f4c:	4612                	lw	a2,4(sp)
    5f4e:	47a2                	lw	a5,8(sp)
    5f50:	00c7f363          	bgeu	a5,a2,5f56 <_realloc_r+0x5e>
    5f54:	863e                	mv	a2,a5
    5f56:	85a2                	mv	a1,s0
    5f58:	8526                	mv	a0,s1
    5f5a:	9e0fa0ef          	jal	ra,13a <memcpy>
    5f5e:	4502                	lw	a0,0(sp)
    5f60:	85a2                	mv	a1,s0
    5f62:	8426                	mv	s0,s1
    5f64:	d9bff0ef          	jal	ra,5cfe <_free_r>
    5f68:	bf4d                	j	5f1a <_realloc_r+0x22>

00005f6a <_sbrk_r>:
    5f6a:	1151                	addi	sp,sp,-12
    5f6c:	c222                	sw	s0,4(sp)
    5f6e:	842a                	mv	s0,a0
    5f70:	852e                	mv	a0,a1
    5f72:	8401aa23          	sw	zero,-1964(gp) # 2000014c <errno>
    5f76:	c406                	sw	ra,8(sp)
    5f78:	a65fc0ef          	jal	ra,29dc <_sbrk>
    5f7c:	57fd                	li	a5,-1
    5f7e:	00f51663          	bne	a0,a5,5f8a <_sbrk_r+0x20>
    5f82:	8541a783          	lw	a5,-1964(gp) # 2000014c <errno>
    5f86:	c391                	beqz	a5,5f8a <_sbrk_r+0x20>
    5f88:	c01c                	sw	a5,0(s0)
    5f8a:	40a2                	lw	ra,8(sp)
    5f8c:	4412                	lw	s0,4(sp)
    5f8e:	0131                	addi	sp,sp,12
    5f90:	8082                	ret

00005f92 <__malloc_lock>:
    5f92:	85818513          	addi	a0,gp,-1960 # 20000150 <__lock___malloc_recursive_mutex>
    5f96:	a831                	j	5fb2 <__retarget_lock_acquire_recursive>

00005f98 <__malloc_unlock>:
    5f98:	85818513          	addi	a0,gp,-1960 # 20000150 <__lock___malloc_recursive_mutex>
    5f9c:	a821                	j	5fb4 <__retarget_lock_release_recursive>

00005f9e <_malloc_usable_size_r>:
    5f9e:	ffc5a783          	lw	a5,-4(a1)
    5fa2:	ffc78513          	addi	a0,a5,-4
    5fa6:	0007d563          	bgez	a5,5fb0 <_malloc_usable_size_r+0x12>
    5faa:	95aa                	add	a1,a1,a0
    5fac:	419c                	lw	a5,0(a1)
    5fae:	953e                	add	a0,a0,a5
    5fb0:	8082                	ret

00005fb2 <__retarget_lock_acquire_recursive>:
    5fb2:	8082                	ret

00005fb4 <__retarget_lock_release_recursive>:
    5fb4:	8082                	ret
    5fb6:	0000                	unimp
    5fb8:	c3889333          	.4byte	0xc3889333
    5fbc:	f000                	.2byte	0xf000
    5fbe:	457f                	.2byte	0x457f
    5fc0:	40533333          	.4byte	0x40533333
    5fc4:	4000                	lw	s0,0(s0)
    5fc6:	461c                	lw	a5,8(a2)
    5fc8:	399b1d63          	bne	s6,s9,6362 <OLED_F8x16+0x122>
    5fcc:	3b5bcf0f          	.4byte	0x3b5bcf0f
    5fd0:	0000                	unimp
    5fd2:	3f80                	lbu	s0,25(a5)
    5fd4:	43889333          	.4byte	0x43889333
    5fd8:	3c6075f7          	.4byte	0x3c6075f7
    5fdc:	c711                	beqz	a4,5fe8 <__retarget_lock_release_recursive+0x34>
    5fde:	3c3a                	lhu	a4,58(s0)
    5fe0:	ab9f 3bad 0000      	.byte	0x9f, 0xab, 0xad, 0x3b, 0x00, 0x00
    5fe6:	4120                	lw	s0,64(a0)
    5fe8:	51ec                	lw	a1,100(a1)
    5fea:	1eb8                	addi	a4,sp,888
    5fec:	eb85                	bnez	a5,601c <OLED_F6x8+0x18>
    5fee:	3fb1                	jal	5f4a <_realloc_r+0x52>
    5ff0:	0750                	addi	a2,sp,900
    5ff2:	0000                	unimp
    5ff4:	0778                	addi	a4,sp,908
    5ff6:	0000                	unimp
    5ff8:	079a                	slli	a5,a5,0x6
    5ffa:	0000                	unimp
    5ffc:	07ca                	slli	a5,a5,0x12
    5ffe:	0000                	unimp
    6000:	07e8                	addi	a0,sp,972
	...

00006004 <OLED_F6x8>:
	...
    600c:	2f00 0000 0000 0007 0007 1400 147f 147f     ./..............
    601c:	2400 7f2a 122a 2300 0813 6264 3600 5549     .$*.*..#..db.6IU
    602c:	5022 0000 0700 0000 0000 221c 0041 0000     "P........."A...
    603c:	2241 001c 1400 3e08 1408 0800 3e08 0808     A".....>.....>..
    604c:	0000 a000 0060 0800 0808 0808 0000 6060     ....`.........``
    605c:	0000 2000 0810 0204 3e00 4951 3e45 0000     ... .....>QIE>..
    606c:	7f42 0040 4200 5161 4649 2100 4541 314b     B.@..BaQIF.!AEK1
    607c:	1800 1214 107f 2700 4545 3945 3c00 494a     .......'EEE9.<JI
    608c:	3049 0100 0971 0305 3600 4949 3649 0600     I0..q....6III6..
    609c:	4949 1e29 0000 3636 0000 0000 3656 0000     II)...66....V6..
    60ac:	0800 2214 0041 1400 1414 1414 0000 2241     ..."A.........A"
    60bc:	0814 0200 5101 0609 3e00 5549 2e59 7c00     .....Q...>IUY..|
    60cc:	1112 7c12 7f00 4949 3649 3e00 4141 2241     ...|..III6.>AAA"
    60dc:	7f00 4141 1c22 7f00 4949 4149 7f00 0909     ..AA"...IIIA....
    60ec:	0109 3e00 4941 7a49 7f00 0808 7f08 0000     ...>AIIz........
    60fc:	7f41 0041 2000 4140 013f 7f00 1408 4122     A.A.. @A?....."A
    610c:	7f00 4040 4040 7f00 0c02 7f02 7f00 0804     ..@@@@..........
    611c:	7f10 3e00 4141 3e41 7f00 0909 0609 3e00     ...>AAA>.......>
    612c:	5141 5e21 7f00 1909 4629 4600 4949 3149     AQ!^....)F.FIII1
    613c:	0100 7f01 0101 3f00 4040 3f40 1f00 4020     .......?@@@?.. @
    614c:	1f20 3f00 3840 3f40 6300 0814 6314 0700      ..?@8@?.c...c..
    615c:	7008 0708 6100 4951 4345 0000 417f 0041     .p...aQIEC...AA.
    616c:	0200 0804 2010 0000 4141 007f 0400 0102     ..... ..AA......
    617c:	0402 4000 4040 4040 0000 0201 0004 2000     ...@@@@@....... 
    618c:	5454 7854 7f00 4448 3844 3800 4444 2044     TTTx..HDD8.8DDD 
    619c:	3800 4444 7f48 3800 5454 1854 0800 097e     .8DDH..8TTT...~.
    61ac:	0201 1800 a4a4 7ca4 7f00 0408 7804 0000     .......|.....x..
    61bc:	7d44 0040 4000 8480 007d 7f00 2810 0044     D}@..@..}....(D.
    61cc:	0000 7f41 0040 7c00 1804 7804 7c00 0408     ..A.@..|...x.|..
    61dc:	7804 3800 4444 3844 fc00 2424 1824 1800     .x.8DDD8..$$$...
    61ec:	2424 fc18 7c00 0408 0804 4800 5454 2054     $$...|.....HTTT 
    61fc:	0400 443f 2040 3c00 4040 7c20 1c00 4020     ..?D@ .<@@ |.. @
    620c:	1c20 3c00 3040 3c40 4400 1028 4428 1c00      ..<@0@<.D(.(D..
    621c:	a0a0 7ca0 4400 5464 444c 0000 7f08 0041     ...|.DdTLD....A.
    622c:	0000 7f00 0000 0000 7f41 0008 0800 0804     ........A.......
    623c:	0810 0000                                   ....

00006240 <OLED_F8x16>:
	...
    6250:	0000 f800 0000 0000 0000 3300 0030 0000     ...........30...
    6260:	1600 000e 0e16 0000 0000 0000 0000 0000     ................
    6270:	c040 4078 78c0 0040 3f04 0404 043f 0004     @.x@.x@..?..?...
    6280:	7000 fc88 3008 0000 1800 ff20 1e21 0000     .p...0.... .!...
    6290:	08f0 00f0 18e0 0000 2100 031c 211e 001e     .........!...!..
    62a0:	f000 8808 0070 0000 211e 2423 2719 1021     ....p....!#$.'!.
    62b0:	0000 1600 000e 0000 0000 0000 0000 0000     ................
    62c0:	0000 e000 0418 0002 0000 0700 2018 0040     ............. @.
    62d0:	0200 1804 00e0 0000 4000 1820 0007 0000     .........@ .....
    62e0:	4040 f080 4080 0040 0202 0f01 0201 0002     @@...@@.........
    62f0:	0000 f000 0000 0000 0101 1f01 0101 0001     ................
	...
    6308:	b000 0070 0000 0000 0000 0000 0000 0000     ..p.............
    6318:	0100 0101 0101 0101 0000 0000 0000 0000     ................
    6328:	3000 0030 0000 0000 0000 0000 6080 0418     .00..........`..
    6338:	6000 0618 0001 0000 e000 0810 1008 00e0     .`..............
    6348:	0f00 2010 1020 000f 1000 f810 0000 0000     ...  ...........
    6358:	2000 3f20 2020 0000 7000 0808 8808 0070     .  ?  ...p....p.
    6368:	3000 2428 2122 0030 3000 8808 4888 0030     .0($"!0..0...H0.
    6378:	1800 2020 1120 000e 0000 20c0 f810 0000     ..   ...... ....
    6388:	0700 2404 3f24 0024 f800 8808 0888 0008     ...$$?$.........
    6398:	1900 2021 1120 000e e000 8810 1888 0000     ..!  ...........
    63a8:	0f00 2011 1120 000e 3800 0808 38c8 0008     ...  ....8...8..
    63b8:	0000 3f00 0000 0000 7000 0888 8808 0070     ...?.....p....p.
    63c8:	1c00 2122 2221 001c e000 0810 1008 00e0     .."!!"..........
    63d8:	0000 2231 1122 000f 0000 c000 00c0 0000     ..1""...........
    63e8:	0000 3000 0030 0000 0000 c000 00c0 0000     ...00...........
    63f8:	0000 b080 0070 0000 0000 4080 1020 0008     ....p......@ ...
    6408:	0100 0402 1008 0020 4040 4040 4040 0040     ...... .@@@@@@@.
    6418:	0404 0404 0404 0004 0800 2010 8040 0000     ........... @...
    6428:	2000 0810 0204 0001 7000 0848 0808 00f0     . .......pH.....
    6438:	0000 3000 0136 0000 30c0 28c8 10e8 00e0     ...06....0.(....
    6448:	1807 2427 1423 000b 0000 38c0 00e0 0000     ..'$#......8....
    6458:	3c20 0223 2702 2038 f808 8888 7088 0000      <#..'8 .....p..
    6468:	3f20 2020 1120 000e 30c0 0808 0808 0038      ?   ....0....8.
    6478:	1807 2020 1020 0008 f808 0808 1008 00e0     ..   ...........
    6488:	3f20 2020 1020 000f f808 8888 08e8 0010      ?   ...........
    6498:	3f20 2020 2023 0018 f808 8888 08e8 0010      ?  # ..........
    64a8:	3f20 0020 0003 0000 30c0 0808 3808 0000      ? ......0...8..
    64b8:	1807 2020 1e22 0002 f808 0008 0800 08f8     ..  "...........
    64c8:	3f20 0121 2101 203f 0800 f808 0808 0000      ?!..!? ........
    64d8:	2000 3f20 2020 0000 0000 0808 08f8 0008     .  ?  ..........
    64e8:	80c0 8080 007f 0000 f808 c088 1828 0008     ............(...
    64f8:	3f20 0120 3826 0020 f808 0008 0000 0000      ? .&8 .........
    6508:	3f20 2020 2020 0030 f808 00f8 f8f8 0008      ?    0.........
    6518:	3f20 3f00 3f00 0020 f808 c030 0800 08f8      ?.?.? ...0.....
    6528:	3f20 0020 1807 003f 10e0 0808 1008 00e0      ? ...?.........
    6538:	100f 2020 1020 000f f808 0808 0808 00f0     ..   ...........
    6548:	3f20 0121 0101 0000 10e0 0808 1008 00e0      ?!.............
    6558:	180f 2424 5038 004f f808 8888 8888 0070     ..$$8PO.......p.
    6568:	3f20 0020 0c03 2030 7000 0888 0808 0038      ? ...0 .p....8.
    6578:	3800 2120 2221 001c 0818 f808 0808 0018     .8 !!"..........
    6588:	0000 3f20 0020 0000 f808 0008 0800 08f8     .. ? ...........
    6598:	1f00 2020 2020 001f 7808 0088 c800 0838     ..    ...x....8.
    65a8:	0000 3807 010e 0000 08f8 f800 0800 00f8     ...8............
    65b8:	3c03 0007 3c07 0003 1808 8068 6880 0818     .<...<....h..h..
    65c8:	3020 032c 2c03 2030 3808 00c8 38c8 0008      0,..,0 .8...8..
    65d8:	0000 3f20 0020 0000 0810 0808 38c8 0008     .. ? ........8..
    65e8:	3820 2126 2020 0018 0000 fe00 0202 0002      8&!  ..........
    65f8:	0000 7f00 4040 0040 0c00 c030 0000 0000     ....@@@...0.....
    6608:	0000 0100 3806 00c0 0200 0202 00fe 0000     .....8..........
    6618:	4000 4040 007f 0000 2000 0810 0804 2010     .@@@..... ..... 
	...
    6638:	8080 8080 8080 8080 0200 0804 0000 0000     ................
	...
    6650:	0000 8080 8080 0000 1900 2224 2222 203f     ..........$"""? 
    6660:	f808 8000 0080 0000 3f00 2011 1120 000e     .........?.  ...
    6670:	0000 8000 8080 0000 0e00 2011 2020 0011     ...........   ..
    6680:	0000 8000 8880 00f8 0e00 2011 1020 203f     ...........  .? 
    6690:	0000 8080 8080 0000 1f00 2222 2222 0013     ..........""""..
    66a0:	8000 f080 8888 1888 2000 3f20 2020 0000     .........  ?  ..
    66b0:	0000 8080 8080 0080 6b00 9494 9394 0060     .........k....`.
    66c0:	f808 8000 8080 0000 3f20 0021 2000 203f     ........ ?!.. ? 
    66d0:	8000 9898 0000 0000 2000 3f20 2020 0000     .........  ?  ..
    66e0:	0000 8000 9898 0000 c000 8080 7f80 0000     ................
    66f0:	f808 0000 8080 0080 3f20 0224 302d 0020     ........ ?$.-0 .
    6700:	0800 f808 0000 0000 2000 3f20 2020 0000     .........  ?  ..
    6710:	8080 8080 8080 0080 3f20 0020 203f 3f00     ........ ? .? .?
    6720:	8000 0080 8080 0000 2000 213f 2000 203f     ......... ?!. ? 
    6730:	0000 8080 8080 0000 1f00 2020 2020 001f     ..........    ..
    6740:	8080 8000 0080 0000 ff80 20a1 1120 000e     ...........  ...
    6750:	0000 8000 8080 0080 0e00 2011 a020 80ff     ...........  ...
    6760:	8080 0080 8080 0080 2020 213f 0020 0001     ........  ?! ...
    6770:	0000 8080 8080 0080 3300 2424 2424 0019     .........3$$$$..
    6780:	8000 e080 8080 0000 0000 1f00 2020 0000     ............  ..
    6790:	8080 0000 8000 0080 1f00 2020 1020 203f     ..........   .? 
    67a0:	8080 0080 8000 8080 0100 300e 0608 0001     ...........0....
    67b0:	8080 8000 8000 8080 300f 030c 300c 000f     .........0...0..
    67c0:	8000 0080 8080 0080 2000 2e31 310e 0020     ......... 1..1 .
    67d0:	8080 0080 8000 8080 8180 708e 0618 0001     ...........p....
    67e0:	8000 8080 8080 0080 2100 2c30 2122 0030     .........!0,"!0.
    67f0:	0000 0000 7c80 0202 0000 0000 3f00 4040     .....|.......?@@
    6800:	0000 0000 00ff 0000 0000 0000 00ff 0000     ................
    6810:	0200 7c02 0080 0000 4000 3f40 0000 0000     ...|.....@@?....
    6820:	8000 4040 0080 8000 0000 0000 0100 0001     ..@@............
    6830:	4e49 0000 554f 0054 0056 0000 0041 0000     IN..OUT.V...A...
    6840:	0057 0000 5643 2020 0000 0000 4343 2020     W...CV  ....CC  
    6850:	0000 0000 4449 454c 0000 0000 0000 4000     ....IDLE.......@
    6860:	0000 4234 0000 40a0 0000 4228 0000 4248     ..4B...@..(B..HB
    6870:	0000 425c 0000 4270 0000 428c bcd3 3ce3     ..\B..pB...B...<
    6880:	0000 4407 dfa6 ffff de00 ffff de2a ffff     ...D........*...
    6890:	df14 ffff de2a ffff de30 ffff de2a ffff     ....*...0...*...
    68a0:	df14 ffff de00 ffff de00 ffff de30 ffff     ............0...
    68b0:	df14 ffff df02 ffff df02 ffff df02 ffff     ................
    68c0:	de30 ffff ddc0 ffff ddc0 ffff ddea ffff     0...............
    68d0:	e05e ffff ddea ffff ddf0 ffff ddea ffff     ^...............
    68e0:	e05e ffff ddc0 ffff ddc0 ffff ddf0 ffff     ^...............
    68f0:	e05e ffff dec2 ffff dec2 ffff e048 ffff     ^...........H...
    6900:	ddb2 ffff e02c ffff ddb2 ffff e048 ffff     ....,.......H...
    6910:	dd88 ffff dd88 ffff e02c ffff e048 ffff     ........,...H...
    6920:	de86 ffff de86 ffff de86 ffff               ............

0000692c <__clz_tab>:
    692c:	0100 0202 0303 0303 0404 0404 0404 0404     ................
    693c:	0505 0505 0505 0505 0505 0505 0505 0505     ................
    694c:	0606 0606 0606 0606 0606 0606 0606 0606     ................
    695c:	0606 0606 0606 0606 0606 0606 0606 0606     ................
    696c:	0707 0707 0707 0707 0707 0707 0707 0707     ................
    697c:	0707 0707 0707 0707 0707 0707 0707 0707     ................
    698c:	0707 0707 0707 0707 0707 0707 0707 0707     ................
    699c:	0707 0707 0707 0707 0707 0707 0707 0707     ................
    69ac:	0808 0808 0808 0808 0808 0808 0808 0808     ................
    69bc:	0808 0808 0808 0808 0808 0808 0808 0808     ................
    69cc:	0808 0808 0808 0808 0808 0808 0808 0808     ................
    69dc:	0808 0808 0808 0808 0808 0808 0808 0808     ................
    69ec:	0808 0808 0808 0808 0808 0808 0808 0808     ................
    69fc:	0808 0808 0808 0808 0808 0808 0808 0808     ................
    6a0c:	0808 0808 0808 0808 0808 0808 0808 0808     ................
    6a1c:	0808 0808 0808 0808 0808 0808 0808 0808     ................
    6a2c:	2d23 2b30 0020 0000 6c68 004c 6665 4567     #-0+ ...hlL.efgE
    6a3c:	4746 0000 3130 3332 3534 3736 3938 4241     FG..0123456789AB
    6a4c:	4443 4645 0000 0000 3130 3332 3534 3736     CDEF....01234567
    6a5c:	3938 6261 6463 6665 0000 0000 f038 ffff     89abcdef....8...
    6a6c:	f04e ffff f00e ffff f00e ffff f00e ffff     N...............
    6a7c:	f00e ffff f04e ffff f00e ffff f00e ffff     ....N...........
    6a8c:	f00e ffff f00e ffff f1d8 ffff f0d4 ffff     ................
    6a9c:	f16c ffff f00e ffff f00e ffff f20a ffff     l...............
    6aac:	f00e ffff f0d4 ffff f00e ffff f00e ffff     ................
    6abc:	f174 ffff                                   t...
