
LM25118_PowerModule.elf:     file format elf32-littleriscv
LM25118_PowerModule.elf
architecture: riscv:rv32, flags 0x00000112:
EXEC_P, HAS_SYMS, D_PAGED
start address 0x00000000

Program Header:
    LOAD off    0x00001000 vaddr 0x00000000 paddr 0x00000000 align 2**12
         filesz 0x00003d10 memsz 0x00003d10 flags r-x
    LOAD off    0x00005000 vaddr 0x20000000 paddr 0x00003d10 align 2**12
         filesz 0x000000d0 memsz 0x000005b0 flags rw-
    LOAD off    0x00005700 vaddr 0x20000700 paddr 0x20000700 align 2**12
         filesz 0x00000000 memsz 0x00000100 flags rw-

Sections:
Idx Name          Size      VMA       LMA       File off  Algn
  0 .init         000000a0  00000000  00000000  00001000  2**2
                  CONTENTS, ALLOC, LOAD, READONLY, CODE
  1 .highcodelalign 00000000  000000a0  000000a0  000050d0  2**0
                  CONTENTS
  2 .highcode     00000000  20000000  20000000  000050d0  2**0
                  CONTENTS
  3 .text         00003c70  000000a0  000000a0  000010a0  2**2
                  CONTENTS, ALLOC, LOAD, READONLY, CODE
  4 .fini         00000000  00003d10  00003d10  000050d0  2**0
                  CONTENTS, ALLOC, LOAD, CODE
  5 .dalign       00000000  20000000  20000000  000050d0  2**0
                  CONTENTS
  6 .dlalign      00000000  00003d10  00003d10  000050d0  2**0
                  CONTENTS
  7 .data         000000d0  20000000  00003d10  00005000  2**2
                  CONTENTS, ALLOC, LOAD, DATA
  8 .bss          000004e0  200000d0  00003de0  000050d0  2**2
                  ALLOC
  9 .stack        00000100  20000700  20000700  00005700  2**0
                  ALLOC
 10 .debug_info   00017a82  00000000  00000000  000050d0  2**0
                  CONTENTS, READONLY, DEBUGGING
 11 .debug_abbrev 00003f59  00000000  00000000  0001cb52  2**0
                  CONTENTS, READONLY, DEBUGGING
 12 .debug_loc    00006cc8  00000000  00000000  00020aab  2**0
                  CONTENTS, READONLY, DEBUGGING
 13 .debug_aranges 00000c20  00000000  00000000  00027778  2**3
                  CONTENTS, READONLY, DEBUGGING
 14 .debug_ranges 00000cb8  00000000  00000000  00028398  2**3
                  CONTENTS, READONLY, DEBUGGING
 15 .debug_line   00010da6  00000000  00000000  00029050  2**0
                  CONTENTS, READONLY, DEBUGGING
 16 .debug_str    0000362f  00000000  00000000  00039df6  2**0
                  CONTENTS, READONLY, DEBUGGING
 17 .comment      00000033  00000000  00000000  0003d425  2**0
                  CONTENTS, READONLY
 18 .debug_frame  00002088  00000000  00000000  0003d458  2**2
                  CONTENTS, READONLY, DEBUGGING
SYMBOL TABLE:
00000000 l    d  .init	00000000 .init
000000a0 l    d  .highcodelalign	00000000 .highcodelalign
20000000 l    d  .highcode	00000000 .highcode
000000a0 l    d  .text	00000000 .text
00003d10 l    d  .fini	00000000 .fini
20000000 l    d  .dalign	00000000 .dalign
00003d10 l    d  .dlalign	00000000 .dlalign
20000000 l    d  .data	00000000 .data
200000d0 l    d  .bss	00000000 .bss
20000700 l    d  .stack	00000000 .stack
00000000 l    d  .debug_info	00000000 .debug_info
00000000 l    d  .debug_abbrev	00000000 .debug_abbrev
00000000 l    d  .debug_loc	00000000 .debug_loc
00000000 l    d  .debug_aranges	00000000 .debug_aranges
00000000 l    d  .debug_ranges	00000000 .debug_ranges
00000000 l    d  .debug_line	00000000 .debug_line
00000000 l    d  .debug_str	00000000 .debug_str
00000000 l    d  .comment	00000000 .comment
00000000 l    d  .debug_frame	00000000 .debug_frame
00000000 l    df *ABS*	00000000 ADC_k.c
200000d8 l     O .bss	0000000a ADC_Regular_Data
00000000 l    df *ABS*	00000000 Encoder_k.c
20000000 l     O .data	00000002 encoder_cnt
00000000 l    df *ABS*	00000000 Key_k.c
00000504 l     F .text	0000003c Key_Init
00000540 l     F .text	000000de Key_Scan
00000000 l    df *ABS*	00000000 OLED.c
00000652 l     F .text	00000010 OLED_W_SCL.part.0
00000662 l     F .text	00000010 OLED_W_SDA.part.1
00000000 l    df *ABS*	00000000 Timer_k.c
00000000 l    df *ABS*	00000000 WS2812_k.c
20000584 l     O .bss	0000001e data2send
00000000 l    df *ABS*	00000000 ch32v00x_it.c
00000000 l    df *ABS*	00000000 main.c
20000024 l     O .data	00000001 flag.4302
00000000 l    df *ABS*	00000000 system_ch32v00x.c
00000000 l    df *ABS*	00000000 ch32v00x_adc.c
00000000 l    df *ABS*	00000000 ch32v00x_dbgmcu.c
00000000 l    df *ABS*	00000000 ch32v00x_dma.c
00000000 l    df *ABS*	00000000 ch32v00x_exti.c
00000000 l    df *ABS*	00000000 ch32v00x_gpio.c
00000000 l    df *ABS*	00000000 ch32v00x_misc.c
00000000 l    df *ABS*	00000000 ch32v00x_rcc.c
2000003c l     O .data	00000014 ADCPrescTable
20000050 l     O .data	00000010 APBAHBPrescTable
00000000 l    df *ABS*	00000000 ch32v00x_spi.c
00000000 l    df *ABS*	00000000 ch32v00x_tim.c
00000000 l    df *ABS*	00000000 ch32v00x_usart.c
00000000 l    df *ABS*	00000000 debug.c
200005a8 l     O .bss	00000002 p_ms
200005aa l     O .bss	00000001 p_us
20000060 l     O .data	00000004 curbrk.4091
00000000 l    df *ABS*	00000000 wchprintf.c
00000000 l    df *ABS*	00000000 divsf3.c
00000000 l    df *ABS*	00000000 mulsf3.c
00000000 l    df *ABS*	00000000 fixsfsi.c
00000000 l    df *ABS*	00000000 fixunssfsi.c
00000000 l    df *ABS*	00000000 floatsisf.c
00000000 l    df *ABS*	00000000 floatunsisf.c
00000000 l    df *ABS*	00000000 libgcc2.c
00000000 l    df *ABS*	00000000 vsprintf.c
00000000 l    df *ABS*	00000000 nano-vfprintf.c
00000000 l    df *ABS*	00000000 nano-vfprintf_i.c
00000000 l    df *ABS*	00000000 memchr.c
00000000 l    df *ABS*	00000000 memcpy.c
00000000 l    df *ABS*	00000000 memmove.c
00000000 l    df *ABS*	00000000 nano-mallocr.c
00000000 l    df *ABS*	00000000 nano-mallocr.c
00000000 l    df *ABS*	00000000 nano-mallocr.c
00000000 l    df *ABS*	00000000 sbrkr.c
00000000 l    df *ABS*	00000000 mlock.c
00000000 l    df *ABS*	00000000 nano-mallocr.c
00000000 l    df *ABS*	00000000 OLED_Data.c
00000000 l    df *ABS*	00000000 libgcc2.c
00000000 l    df *ABS*	00000000 impure.c
20000064 l     O .data	00000060 impure_data
00000000 l    df *ABS*	00000000 reent.c
00002032  w    F .text	00000004 printDouble
00001adc g     F .text	00000016 TIM_TimeBaseStructInit
000036c4 g     F .text	00000014 _malloc_usable_size_r
20000004 g     O .data	00000010 Key_Enable
00001548 g     F .text	00000014 DMA_Cmd
00002036  w    F .text	00000360 print
00002396  w    F .text	00000024 printf
200008c8 g       .data	00000000 __global_pointer$
00002c3c g     F .text	00000012 vsprintf
00001262  w      .text	00000000 TIM1_CC_IRQHandler
00001956 g     F .text	00000004 SPI_I2S_SendData
00000e68 g     F .text	00000010 HardFault_Handler
00003700 g     O .text	000003c0 OLED_F8x16
00001f16  w    F .text	00000118 printInt
000036c2 g     F .text	00000002 __malloc_unlock
00001390 g     F .text	00000012 ADC_DMACmd
000023ba g     F .text	0000030a .hidden __divsf3
00001262  w      .text	00000000 SysTick_Handler
00001768 g     F .text	00000062 NVIC_Init
00001262  w      .text	00000000 PVD_IRQHandler
00003478 g     F .text	00000046 memmove
00000e66 g     F .text	00000002 NMI_Handler
00002954 g     F .text	00000060 .hidden __fixsfsi
00001474 g     F .text	0000000a DBGMCU_GetCHIPID
000006e4 g     F .text	00000012 OLED_I2C_Start
00001ca6 g     F .text	0000000a USART_GetFlagStatus
200005ac g     O .bss	00000004 errno
200000d0 g       .bss	00000000 _sbss
00000100 g       *ABS*	00000000 __stack_size
0000069e g     F .text	00000046 OLED_IO_Init
00001d1e g     F .text	00000058 USART_Printf_Init
00001510 g     F .text	00000038 DMA_Init
000000aa g     F .text	0000000a .hidden __riscv_restore_2
00001b2c g     F .text	00000016 TIM_CtrlPWMOutputs
000033a6 g     F .text	000000d2 memcpy
00001380 g     F .text	00000010 ADC_Cmd
000007b4 g     F .text	000000ba OLED_Init
0000167c g     F .text	000000c4 GPIO_PinRemapConfig
00002d38 g     F .text	00000270 _svfprintf_r
0000202e  w    F .text	00000004 printLongLongInt
00000d2c g     F .text	000000c4 BSP_WS2812_Set_Color
00001b14 g     F .text	00000018 TIM_Cmd
20000038 g     O .data	00000004 SystemCoreClock
00002c0c g     F .text	00000030 _vsiprintf_r
000000d4 g     F .text	0000002c .hidden __udivsi3
000000a0 g       .init	00000000 _einit
00001bae g     F .text	0000000c TIM_ClearITPendingBit
20000014 g     O .data	00000010 Key_Encoder
000008e2 g     F .text	00000120 OLED_ShowImage
000018b0 g     F .text	0000001e RCC_APB2PeriphClockCmd
000015ee g     F .text	0000007c GPIO_Init
000017dc g     F .text	00000014 RCC_ADCCLKConfig
200005a4 g     O .bss	00000004 NVIC_Priority_Group
00001262  w      .text	00000000 SPI1_IRQHandler
00001c88 g     F .text	00000016 USART_Cmd
00003696 g     F .text	0000002a _sbrk_r
000000a0 g     F .text	0000000a .hidden __riscv_save_1
00000ac4 g     F .text	00000104 BSP_TIM1_Init
000000aa g     F .text	0000000a .hidden __riscv_restore_0
00001262  w      .text	00000000 AWU_IRQHandler
00001a48 g     F .text	00000094 TIM_OC3Init
0000045a g     F .text	0000008e EXTI7_0_IRQHandler
00000e78 g     F .text	00000144 OLED_Display
000018ce g     F .text	0000001e RCC_APB1PeriphClockCmd
20000700 g       .stack	00000000 _heap_end
0000363e g     F .text	00000058 _realloc_r
0000195a g     F .text	0000000a SPI_I2S_GetFlagStatus
00001892 g     F .text	0000001e RCC_AHBPeriphClockCmd
00001262  w      .text	00000000 DMA1_Channel4_IRQHandler
000013ba g     F .text	000000ba ADC_RegularChannelConfig
00002c3c g     F .text	00000012 vsiprintf
00001262  w      .text	00000000 ADC1_IRQHandler
00001dc2 g     F .text	00000026 _sbrk
0000061e g     F .text	0000001a BSP_Key_Init
00000706 g     F .text	00000030 OLED_I2C_SendByte
000003de g     F .text	0000007c BSP_Encoder_Init
000015e4 g     F .text	0000000a EXTI_ClearITPendingBit
200005b0 g       .bss	00000000 _ebss
0000108a g     F .text	00000080 BSP_Key_Task
000006f6 g     F .text	00000010 OLED_I2C_Stop
00001262  w      .text	00000000 DMA1_Channel7_IRQHandler
000013a2 g     F .text	00000018 ADC_SoftwareStartConvCmd
00001b84 g     F .text	0000000e TIM_OC3PreloadConfig
00000a02 g     F .text	0000003e OLED_ShowChar
00001cb0 g     F .text	00000034 Delay_Init
200000e4 g     O .bss	0000001c ADC_Value
00001674 g     F .text	00000004 GPIO_SetBits
00000a40 g     F .text	0000004a OLED_ShowString
00001b54 g     F .text	0000001a TIM_ARRPreloadConfig
00000100 g     F .text	00000008 .hidden __umodsi3
00001262  w      .text	00000000 I2C1_EV_IRQHandler
00002c4e g     F .text	000000ea __ssputs_r
000017f0 g     F .text	000000a2 RCC_GetClocksFreq
00001262  w      .text	00000000 DMA1_Channel6_IRQHandler
00002b9e g     F .text	0000006e .hidden __clzsi2
0000338e g     F .text	00000018 memchr
00001bba g     F .text	000000ce USART_Init
000034be g     F .text	000000ac _free_r
00000348 g     F .text	00000096 BSP_ADC_Loop
00001262  w      .text	00000000 RCC_IRQHandler
20000100 g     O .bss	00000400 OLED_DisplayBuf
00001262  w      .text	00000000 TIM1_TRG_COM_IRQHandler
00001262  w      .text	00000000 DMA1_Channel1_IRQHandler
00000d02 g     F .text	0000002a BSP_WS2812_Reset
00000000 g       .init	00000000 _start
20000028 g     O .data	00000010 AHBPrescTable
00001b6e g     F .text	00000016 TIM_OC2PreloadConfig
00002a0a g     F .text	000000c6 .hidden __floatsisf
00001e30  w    F .text	000000e6 prints
00001b42 g     F .text	00000012 TIM_ITConfig
000019b2 g     F .text	00000096 TIM_OC2Init
20000000 g       .highcode	00000000 _highcode_vma_start
0000155c g     F .text	0000006a EXTI_Init
000000b4 g     F .text	00000014 .hidden __mulsi3
00001678 g     F .text	00000004 GPIO_ResetBits
00001b92 g     F .text	00000018 TIM_SelectOutputTrigger
000001f2 g     F .text	00000156 BSP_ADC_Init
20000000 g       .dalign	00000000 _data_vma
00001baa g     F .text	00000004 TIM_SetCompare3
00000752 g     F .text	0000002a OLED_WriteData
00001740 g     F .text	00000022 GPIO_EXTILineConfig
00003700 g     O .text	00000000 OLED_F6x8
0000086e g     F .text	00000074 OLED_ClearArea
000036c0 g     F .text	00000002 __malloc_lock
000015c6 g     F .text	0000001e EXTI_GetITStatus
0000078e g     F .text	00000026 OLED_Clear
00000a8a g     F .text	0000003a OLED_Printf
0000014a g     F .text	000000a8 memset
000017ca g     F .text	00000012 RCC_AdjustHSICalibrationValue
00000fbc g     F .text	000000ce main
00000df0 g     F .text	00000076 BSP_WS2812_Init
0000356a g     F .text	000000d4 _malloc_r
00001262  w      .text	00000000 DMA1_Channel5_IRQHandler
000000cc g     F .text	00000058 .hidden __divsi3
00001ce4 g     F .text	0000003a Delay_Ms
0000110a g     F .text	0000000a BSP_TIM1_IQR_Callback
000026c4 g     F .text	00000290 .hidden __mulsf3
00000bc8 g     F .text	0000003a Buzzer_Play
0000193c g     F .text	0000001a SPI_Cmd
000000a0 g       .highcodelalign	00000000 _highcode_lma
00001114 g     F .text	000000e2 SystemInit
00001de8  w    F .text	00000048 printchar
00000688 g     F .text	00000016 OLED_W_SDA
00003bd4 g     O .text	00000100 .hidden __clz_tab
00000000 g       .init	00000000 _sinit
00002c0c g     F .text	00000030 _vsprintf_r
00001262  w      .text	00000000 DMA1_Channel3_IRQHandler
20000500 g     O .bss	00000080 String
00002fa8 g     F .text	0000012c _printf_common
200000c8 g     O .data	00000004 _impure_ptr
00000cc0 g     F .text	00000042 TIM1_UP_IRQHandler
0000077c g     F .text	00000012 OLED_Update
00002d38 g     F .text	00000270 _svfiprintf_r
00001262  w      .text	00000000 WWDG_IRQHandler
000004e8 g     F .text	0000001c BSP_Encoder_Get_Cnt
00001262  w      .text	00000000 TIM2_IRQHandler
20000800 g       .stack	00000000 _eusrstack
000000a0 g     F .text	0000000a .hidden __riscv_save_2
00001262  w      .text	00000000 SW_Handler
0000130c g     F .text	00000026 ADC_DeInit
00001af2 g     F .text	00000022 TIM_OCStructInit
00001262  w      .text	00000000 TIM1_BRK_IRQHandler
00001332 g     F .text	0000004e ADC_Init
00001c9e g     F .text	00000008 USART_SendData
00000638 g     F .text	0000001a BSP_Key_Scan
00001d76 g     F .text	0000004c _write
200000d0 g       .data	00000000 _edata
200005b0 g       .bss	00000000 _end
20000000 g       .highcode	00000000 _highcode_vma_end
00001964 g     F .text	0000004e TIM_TimeBaseInit
00003d10 g       .dlalign	00000000 _data_lma
000011f6 g     F .text	0000006c SystemCoreClockUpdate
00002ad0 g     F .text	000000ce .hidden __floatunsisf
00000124 g     F .text	00000024 .hidden __modsi3
00001262  w      .text	00000000 DMA1_Channel2_IRQHandler
00001264  w      .text	00000000 handle_reset
000029b4 g     F .text	00000056 .hidden __fixunssfsi
00001262  w      .text	00000000 FLASH_IRQHandler
000000a0 g     F .text	0000000a .hidden __riscv_save_0
00001262  w      .text	00000000 USART1_IRQHandler
000030d4 g     F .text	000002ba _printf_i
00000c02 g     F .text	000000be BSP_TIM2_Init
200000d4 g     O .bss	00000004 __malloc_sbrk_start
000018ec g     F .text	0000001e RCC_APB2PeriphResetCmd
00001262  w      .text	00000000 I2C1_ER_IRQHandler
0000190a g     F .text	00000032 SPI_Init
20000580 g     O .bss	00000001 buzzer_ms
00001762 g     F .text	00000006 NVIC_PriorityGroupConfig
0000147e g     F .text	00000092 DMA_DeInit
200000d0 g     O .bss	00000004 __malloc_free_list
000000aa g     F .text	0000000a .hidden __riscv_restore_1
0000166a g     F .text	0000000a GPIO_ReadInputDataBit
00000672 g     F .text	00000016 OLED_W_SCL
00000736 g     F .text	0000001c OLED_WriteCommand



Disassembly of section .init:

00000000 <_sinit>:
   0:	2640106f          	j	1264 <handle_reset>
   4:	0000                	unimp
   6:	0000                	unimp
   8:	0e66                	slli	t3,t3,0x19
   a:	0000                	unimp
   c:	0e68                	addi	a0,sp,796
	...
  2e:	0000                	unimp
  30:	1262                	slli	tp,tp,0x38
  32:	0000                	unimp
  34:	0000                	unimp
  36:	0000                	unimp
  38:	1262                	slli	tp,tp,0x38
  3a:	0000                	unimp
  3c:	0000                	unimp
  3e:	0000                	unimp
  40:	1262                	slli	tp,tp,0x38
  42:	0000                	unimp
  44:	1262                	slli	tp,tp,0x38
  46:	0000                	unimp
  48:	1262                	slli	tp,tp,0x38
  4a:	0000                	unimp
  4c:	1262                	slli	tp,tp,0x38
  4e:	0000                	unimp
  50:	045a                	slli	s0,s0,0x16
  52:	0000                	unimp
  54:	1262                	slli	tp,tp,0x38
  56:	0000                	unimp
  58:	1262                	slli	tp,tp,0x38
  5a:	0000                	unimp
  5c:	1262                	slli	tp,tp,0x38
  5e:	0000                	unimp
  60:	1262                	slli	tp,tp,0x38
  62:	0000                	unimp
  64:	1262                	slli	tp,tp,0x38
  66:	0000                	unimp
  68:	1262                	slli	tp,tp,0x38
  6a:	0000                	unimp
  6c:	1262                	slli	tp,tp,0x38
  6e:	0000                	unimp
  70:	1262                	slli	tp,tp,0x38
  72:	0000                	unimp
  74:	1262                	slli	tp,tp,0x38
  76:	0000                	unimp
  78:	1262                	slli	tp,tp,0x38
  7a:	0000                	unimp
  7c:	1262                	slli	tp,tp,0x38
  7e:	0000                	unimp
  80:	1262                	slli	tp,tp,0x38
  82:	0000                	unimp
  84:	1262                	slli	tp,tp,0x38
  86:	0000                	unimp
  88:	1262                	slli	tp,tp,0x38
  8a:	0000                	unimp
  8c:	0cc0                	addi	s0,sp,596
  8e:	0000                	unimp
  90:	1262                	slli	tp,tp,0x38
  92:	0000                	unimp
  94:	1262                	slli	tp,tp,0x38
  96:	0000                	unimp
  98:	1262                	slli	tp,tp,0x38
  9a:	0000                	unimp
  9c:	0000                	unimp
	...

Disassembly of section .text:

000000a0 <__riscv_save_0>:
      a0:	1151                	addi	sp,sp,-12
      a2:	c026                	sw	s1,0(sp)
      a4:	c222                	sw	s0,4(sp)
      a6:	c406                	sw	ra,8(sp)
      a8:	8282                	jr	t0

000000aa <__riscv_restore_0>:
      aa:	4482                	lw	s1,0(sp)
      ac:	4412                	lw	s0,4(sp)
      ae:	40a2                	lw	ra,8(sp)
      b0:	0131                	addi	sp,sp,12
      b2:	8082                	ret

000000b4 <__mulsi3>:
      b4:	862a                	mv	a2,a0
      b6:	4501                	li	a0,0
      b8:	0015f693          	andi	a3,a1,1
      bc:	c291                	beqz	a3,c0 <__mulsi3+0xc>
      be:	9532                	add	a0,a0,a2
      c0:	8185                	srli	a1,a1,0x1
      c2:	0606                	slli	a2,a2,0x1
      c4:	f9f5                	bnez	a1,b8 <__mulsi3+0x4>
      c6:	8082                	ret
      c8:	0000                	unimp
	...

000000cc <__divsi3>:
      cc:	02054e63          	bltz	a0,108 <__umodsi3+0x8>
      d0:	0405c363          	bltz	a1,116 <__umodsi3+0x16>

000000d4 <__udivsi3>:
      d4:	862e                	mv	a2,a1
      d6:	85aa                	mv	a1,a0
      d8:	557d                	li	a0,-1
      da:	c215                	beqz	a2,fe <__udivsi3+0x2a>
      dc:	4685                	li	a3,1
      de:	00b67863          	bgeu	a2,a1,ee <__udivsi3+0x1a>
      e2:	00c05663          	blez	a2,ee <__udivsi3+0x1a>
      e6:	0606                	slli	a2,a2,0x1
      e8:	0686                	slli	a3,a3,0x1
      ea:	feb66ce3          	bltu	a2,a1,e2 <__udivsi3+0xe>
      ee:	4501                	li	a0,0
      f0:	00c5e463          	bltu	a1,a2,f8 <__udivsi3+0x24>
      f4:	8d91                	sub	a1,a1,a2
      f6:	8d55                	or	a0,a0,a3
      f8:	8285                	srli	a3,a3,0x1
      fa:	8205                	srli	a2,a2,0x1
      fc:	faf5                	bnez	a3,f0 <__udivsi3+0x1c>
      fe:	8082                	ret

00000100 <__umodsi3>:
     100:	8286                	mv	t0,ra
     102:	3fc9                	jal	d4 <__udivsi3>
     104:	852e                	mv	a0,a1
     106:	8282                	jr	t0
     108:	40a00533          	neg	a0,a0
     10c:	0005d763          	bgez	a1,11a <__umodsi3+0x1a>
     110:	40b005b3          	neg	a1,a1
     114:	b7c1                	j	d4 <__udivsi3>
     116:	40b005b3          	neg	a1,a1
     11a:	8286                	mv	t0,ra
     11c:	3f65                	jal	d4 <__udivsi3>
     11e:	40a00533          	neg	a0,a0
     122:	8282                	jr	t0

00000124 <__modsi3>:
     124:	8286                	mv	t0,ra
     126:	0005c763          	bltz	a1,134 <__modsi3+0x10>
     12a:	00054963          	bltz	a0,13c <__modsi3+0x18>
     12e:	375d                	jal	d4 <__udivsi3>
     130:	852e                	mv	a0,a1
     132:	8282                	jr	t0
     134:	40b005b3          	neg	a1,a1
     138:	fe055be3          	bgez	a0,12e <__modsi3+0xa>
     13c:	40a00533          	neg	a0,a0
     140:	3f51                	jal	d4 <__udivsi3>
     142:	40b00533          	neg	a0,a1
     146:	8282                	jr	t0
	...

0000014a <memset>:
     14a:	433d                	li	t1,15
     14c:	872a                	mv	a4,a0
     14e:	02c37363          	bgeu	t1,a2,174 <memset+0x2a>
     152:	00f77793          	andi	a5,a4,15
     156:	efbd                	bnez	a5,1d4 <memset+0x8a>
     158:	e5ad                	bnez	a1,1c2 <memset+0x78>
     15a:	ff067693          	andi	a3,a2,-16
     15e:	8a3d                	andi	a2,a2,15
     160:	96ba                	add	a3,a3,a4
     162:	c30c                	sw	a1,0(a4)
     164:	c34c                	sw	a1,4(a4)
     166:	c70c                	sw	a1,8(a4)
     168:	c74c                	sw	a1,12(a4)
     16a:	0741                	addi	a4,a4,16
     16c:	fed76be3          	bltu	a4,a3,162 <memset+0x18>
     170:	e211                	bnez	a2,174 <memset+0x2a>
     172:	8082                	ret
     174:	40c306b3          	sub	a3,t1,a2
     178:	068a                	slli	a3,a3,0x2
     17a:	00000297          	auipc	t0,0x0
     17e:	9696                	add	a3,a3,t0
     180:	00a68067          	jr	10(a3)
     184:	00b70723          	sb	a1,14(a4)
     188:	00b706a3          	sb	a1,13(a4)
     18c:	00b70623          	sb	a1,12(a4)
     190:	00b705a3          	sb	a1,11(a4)
     194:	00b70523          	sb	a1,10(a4)
     198:	00b704a3          	sb	a1,9(a4)
     19c:	00b70423          	sb	a1,8(a4)
     1a0:	00b703a3          	sb	a1,7(a4)
     1a4:	00b70323          	sb	a1,6(a4)
     1a8:	00b702a3          	sb	a1,5(a4)
     1ac:	00b70223          	sb	a1,4(a4)
     1b0:	00b701a3          	sb	a1,3(a4)
     1b4:	00b70123          	sb	a1,2(a4)
     1b8:	00b700a3          	sb	a1,1(a4)
     1bc:	00b70023          	sb	a1,0(a4)
     1c0:	8082                	ret
     1c2:	0ff5f593          	andi	a1,a1,255
     1c6:	00859693          	slli	a3,a1,0x8
     1ca:	8dd5                	or	a1,a1,a3
     1cc:	01059693          	slli	a3,a1,0x10
     1d0:	8dd5                	or	a1,a1,a3
     1d2:	b761                	j	15a <memset+0x10>
     1d4:	00279693          	slli	a3,a5,0x2
     1d8:	00000297          	auipc	t0,0x0
     1dc:	9696                	add	a3,a3,t0
     1de:	8286                	mv	t0,ra
     1e0:	fa8680e7          	jalr	-88(a3)
     1e4:	8096                	mv	ra,t0
     1e6:	17c1                	addi	a5,a5,-16
     1e8:	8f1d                	sub	a4,a4,a5
     1ea:	963e                	add	a2,a2,a5
     1ec:	f8c374e3          	bgeu	t1,a2,174 <memset+0x2a>
     1f0:	b7a5                	j	158 <memset+0xe>

000001f2 <BSP_ADC_Init>:
     1f2:	eafff2ef          	jal	t0,a0 <__riscv_save_0>
     1f6:	715d                	addi	sp,sp,-80
     1f8:	4661                	li	a2,24
     1fa:	4581                	li	a1,0
     1fc:	0068                	addi	a0,sp,12
     1fe:	c002                	sw	zero,0(sp)
     200:	c202                	sw	zero,4(sp)
     202:	c402                	sw	zero,8(sp)
     204:	3799                	jal	14a <memset>
     206:	02c00613          	li	a2,44
     20a:	4581                	li	a1,0
     20c:	1048                	addi	a0,sp,36
     20e:	3f35                	jal	14a <memset>
     210:	4585                	li	a1,1
     212:	03400513          	li	a0,52
     216:	69a010ef          	jal	ra,18b0 <RCC_APB2PeriphClockCmd>
     21a:	4585                	li	a1,1
     21c:	20000513          	li	a0,512
     220:	690010ef          	jal	ra,18b0 <RCC_APB2PeriphClockCmd>
     224:	4585                	li	a1,1
     226:	4505                	li	a0,1
     228:	66a010ef          	jal	ra,1892 <RCC_AHBPeriphClockCmd>
     22c:	4501                	li	a0,0
     22e:	5ae010ef          	jal	ra,17dc <RCC_ADCCLKConfig>
     232:	40011437          	lui	s0,0x40011
     236:	478d                	li	a5,3
     238:	c23e                	sw	a5,4(sp)
     23a:	858a                	mv	a1,sp
     23c:	4799                	li	a5,6
     23e:	80040513          	addi	a0,s0,-2048 # 40010800 <__global_pointer$+0x2000ff38>
     242:	807c                	sh	a5,0(sp)
     244:	c402                	sw	zero,8(sp)
     246:	3a8010ef          	jal	ra,15ee <GPIO_Init>
     24a:	47c1                	li	a5,16
     24c:	858a                	mv	a1,sp
     24e:	40011537          	lui	a0,0x40011
     252:	807c                	sh	a5,0(sp)
     254:	39a010ef          	jal	ra,15ee <GPIO_Init>
     258:	47b1                	li	a5,12
     25a:	858a                	mv	a1,sp
     25c:	40040513          	addi	a0,s0,1024
     260:	807c                	sh	a5,0(sp)
     262:	40012437          	lui	s0,0x40012
     266:	388010ef          	jal	ra,15ee <GPIO_Init>
     26a:	40040513          	addi	a0,s0,1024 # 40012400 <__global_pointer$+0x20011b38>
     26e:	09e010ef          	jal	ra,130c <ADC_DeInit>
     272:	4785                	li	a5,1
     274:	006c                	addi	a1,sp,12
     276:	c83e                	sw	a5,16(sp)
     278:	40040513          	addi	a0,s0,1024
     27c:	4795                	li	a5,5
     27e:	02f10023          	sb	a5,32(sp)
     282:	400204b7          	lui	s1,0x40020
     286:	ca02                	sw	zero,20(sp)
     288:	cc02                	sw	zero,24(sp)
     28a:	c602                	sw	zero,12(sp)
     28c:	ce02                	sw	zero,28(sp)
     28e:	0a4010ef          	jal	ra,1332 <ADC_Init>
     292:	00848513          	addi	a0,s1,8 # 40020008 <__global_pointer$+0x2001f740>
     296:	1e8010ef          	jal	ra,147e <DMA_DeInit>
     29a:	44c40793          	addi	a5,s0,1100
     29e:	d23e                	sw	a5,36(sp)
     2a0:	81018793          	addi	a5,gp,-2032 # 200000d8 <ADC_Regular_Data>
     2a4:	d43e                	sw	a5,40(sp)
     2a6:	4795                	li	a5,5
     2a8:	d83e                	sw	a5,48(sp)
     2aa:	08000793          	li	a5,128
     2ae:	dc3e                	sw	a5,56(sp)
     2b0:	10000793          	li	a5,256
     2b4:	de3e                	sw	a5,60(sp)
     2b6:	40000793          	li	a5,1024
     2ba:	c0be                	sw	a5,64(sp)
     2bc:	02000793          	li	a5,32
     2c0:	c2be                	sw	a5,68(sp)
     2c2:	104c                	addi	a1,sp,36
     2c4:	678d                	lui	a5,0x3
     2c6:	00848513          	addi	a0,s1,8
     2ca:	c4be                	sw	a5,72(sp)
     2cc:	d602                	sw	zero,44(sp)
     2ce:	da02                	sw	zero,52(sp)
     2d0:	c682                	sw	zero,76(sp)
     2d2:	23e010ef          	jal	ra,1510 <DMA_Init>
     2d6:	00848513          	addi	a0,s1,8
     2da:	4585                	li	a1,1
     2dc:	26c010ef          	jal	ra,1548 <DMA_Cmd>
     2e0:	40040513          	addi	a0,s0,1024
     2e4:	4699                	li	a3,6
     2e6:	4605                	li	a2,1
     2e8:	4581                	li	a1,0
     2ea:	0d0010ef          	jal	ra,13ba <ADC_RegularChannelConfig>
     2ee:	40040513          	addi	a0,s0,1024
     2f2:	4699                	li	a3,6
     2f4:	4609                	li	a2,2
     2f6:	4585                	li	a1,1
     2f8:	0c2010ef          	jal	ra,13ba <ADC_RegularChannelConfig>
     2fc:	40040513          	addi	a0,s0,1024
     300:	4699                	li	a3,6
     302:	460d                	li	a2,3
     304:	4589                	li	a1,2
     306:	0b4010ef          	jal	ra,13ba <ADC_RegularChannelConfig>
     30a:	40040513          	addi	a0,s0,1024
     30e:	4699                	li	a3,6
     310:	4611                	li	a2,4
     312:	458d                	li	a1,3
     314:	0a6010ef          	jal	ra,13ba <ADC_RegularChannelConfig>
     318:	4699                	li	a3,6
     31a:	4615                	li	a2,5
     31c:	40040513          	addi	a0,s0,1024
     320:	4591                	li	a1,4
     322:	098010ef          	jal	ra,13ba <ADC_RegularChannelConfig>
     326:	40040513          	addi	a0,s0,1024
     32a:	4585                	li	a1,1
     32c:	064010ef          	jal	ra,1390 <ADC_DMACmd>
     330:	40040513          	addi	a0,s0,1024
     334:	4585                	li	a1,1
     336:	04a010ef          	jal	ra,1380 <ADC_Cmd>
     33a:	4585                	li	a1,1
     33c:	40040513          	addi	a0,s0,1024
     340:	062010ef          	jal	ra,13a2 <ADC_SoftwareStartConvCmd>
     344:	6161                	addi	sp,sp,80
     346:	b395                	j	aa <__riscv_restore_0>

00000348 <BSP_ADC_Loop>:
     348:	d59ff2ef          	jal	t0,a0 <__riscv_save_0>
     34c:	81018493          	addi	s1,gp,-2032 # 200000d8 <ADC_Regular_Data>
     350:	208a                	lhu	a0,0(s1)
     352:	1171                	addi	sp,sp,-4
     354:	6b6020ef          	jal	ra,2a0a <__floatsisf>
     358:	000037b7          	lui	a5,0x3
     35c:	6d87a583          	lw	a1,1752(a5) # 36d8 <_malloc_usable_size_r+0x14>
     360:	81c18413          	addi	s0,gp,-2020 # 200000e4 <ADC_Value>
     364:	360020ef          	jal	ra,26c4 <__mulsf3>
     368:	c008                	sw	a0,0(s0)
     36a:	c02a                	sw	a0,0(sp)
     36c:	20aa                	lhu	a0,2(s1)
     36e:	69c020ef          	jal	ra,2a0a <__floatsisf>
     372:	00003737          	lui	a4,0x3
     376:	6dc72583          	lw	a1,1756(a4) # 36dc <_malloc_usable_size_r+0x18>
     37a:	34a020ef          	jal	ra,26c4 <__mulsf3>
     37e:	4782                	lw	a5,0(sp)
     380:	85aa                	mv	a1,a0
     382:	c048                	sw	a0,4(s0)
     384:	853e                	mv	a0,a5
     386:	33e020ef          	jal	ra,26c4 <__mulsf3>
     38a:	000037b7          	lui	a5,0x3
     38e:	6e07a583          	lw	a1,1760(a5) # 36e0 <_malloc_usable_size_r+0x1c>
     392:	028020ef          	jal	ra,23ba <__divsf3>
     396:	c408                	sw	a0,8(s0)
     398:	20ca                	lhu	a0,4(s1)
     39a:	670020ef          	jal	ra,2a0a <__floatsisf>
     39e:	00003737          	lui	a4,0x3
     3a2:	6e472583          	lw	a1,1764(a4) # 36e4 <_malloc_usable_size_r+0x20>
     3a6:	31e020ef          	jal	ra,26c4 <__mulsf3>
     3aa:	c448                	sw	a0,12(s0)
     3ac:	c02a                	sw	a0,0(sp)
     3ae:	20ea                	lhu	a0,6(s1)
     3b0:	65a020ef          	jal	ra,2a0a <__floatsisf>
     3b4:	000036b7          	lui	a3,0x3
     3b8:	6e86a583          	lw	a1,1768(a3) # 36e8 <_malloc_usable_size_r+0x24>
     3bc:	308020ef          	jal	ra,26c4 <__mulsf3>
     3c0:	4702                	lw	a4,0(sp)
     3c2:	85aa                	mv	a1,a0
     3c4:	c808                	sw	a0,16(s0)
     3c6:	853a                	mv	a0,a4
     3c8:	2fc020ef          	jal	ra,26c4 <__mulsf3>
     3cc:	000037b7          	lui	a5,0x3
     3d0:	6e07a583          	lw	a1,1760(a5) # 36e0 <_malloc_usable_size_r+0x1c>
     3d4:	7e7010ef          	jal	ra,23ba <__divsf3>
     3d8:	c848                	sw	a0,20(s0)
     3da:	0111                	addi	sp,sp,4
     3dc:	b1f9                	j	aa <__riscv_restore_0>

000003de <BSP_Encoder_Init>:
     3de:	cc3ff2ef          	jal	t0,a0 <__riscv_save_0>
     3e2:	fdc10113          	addi	sp,sp,-36
     3e6:	4585                	li	a1,1
     3e8:	03100513          	li	a0,49
     3ec:	c402                	sw	zero,8(sp)
     3ee:	c602                	sw	zero,12(sp)
     3f0:	c802                	sw	zero,16(sp)
     3f2:	ca02                	sw	zero,20(sp)
     3f4:	cc02                	sw	zero,24(sp)
     3f6:	ce02                	sw	zero,28(sp)
     3f8:	d002                	sw	zero,32(sp)
     3fa:	c002                	sw	zero,0(sp)
     3fc:	c202                	sw	zero,4(sp)
     3fe:	4b2010ef          	jal	ra,18b0 <RCC_APB2PeriphClockCmd>
     402:	04800793          	li	a5,72
     406:	c83e                	sw	a5,16(sp)
     408:	4405                	li	s0,1
     40a:	478d                	li	a5,3
     40c:	002c                	addi	a1,sp,8
     40e:	40011537          	lui	a0,0x40011
     412:	c63e                	sw	a5,12(sp)
     414:	8460                	sh	s0,8(sp)
     416:	1d8010ef          	jal	ra,15ee <GPIO_Init>
     41a:	40011537          	lui	a0,0x40011
     41e:	002c                	addi	a1,sp,8
     420:	40050513          	addi	a0,a0,1024 # 40011400 <__global_pointer$+0x20010b38>
     424:	8460                	sh	s0,8(sp)
     426:	1c8010ef          	jal	ra,15ee <GPIO_Init>
     42a:	4581                	li	a1,0
     42c:	4509                	li	a0,2
     42e:	312010ef          	jal	ra,1740 <GPIO_EXTILineConfig>
     432:	4405                	li	s0,1
     434:	47b1                	li	a5,12
     436:	0848                	addi	a0,sp,20
     438:	ca22                	sw	s0,20(sp)
     43a:	ce3e                	sw	a5,28(sp)
     43c:	d022                	sw	s0,32(sp)
     43e:	cc02                	sw	zero,24(sp)
     440:	11c010ef          	jal	ra,155c <EXTI_Init>
     444:	47d1                	li	a5,20
     446:	850a                	mv	a0,sp
     448:	c222                	sw	s0,4(sp)
     44a:	807c                	sh	a5,0(sp)
     44c:	00010123          	sb	zero,2(sp)
     450:	318010ef          	jal	ra,1768 <NVIC_Init>
     454:	02410113          	addi	sp,sp,36
     458:	b989                	j	aa <__riscv_restore_0>

0000045a <EXTI7_0_IRQHandler>:
     45a:	fd810113          	addi	sp,sp,-40
     45e:	ca2a                	sw	a0,20(sp)
     460:	4505                	li	a0,1
     462:	d206                	sw	ra,36(sp)
     464:	d016                	sw	t0,32(sp)
     466:	ce1a                	sw	t1,28(sp)
     468:	cc1e                	sw	t2,24(sp)
     46a:	c82e                	sw	a1,16(sp)
     46c:	c632                	sw	a2,12(sp)
     46e:	c436                	sw	a3,8(sp)
     470:	c23a                	sw	a4,4(sp)
     472:	c03e                	sw	a5,0(sp)
     474:	152010ef          	jal	ra,15c6 <EXTI_GetITStatus>
     478:	cd1d                	beqz	a0,4b6 <EXTI7_0_IRQHandler+0x5c>
     47a:	4505                	li	a0,1
     47c:	168010ef          	jal	ra,15e4 <EXTI_ClearITPendingBit>
     480:	40011537          	lui	a0,0x40011
     484:	4585                	li	a1,1
     486:	40050513          	addi	a0,a0,1024 # 40011400 <__global_pointer$+0x20010b38>
     48a:	1e0010ef          	jal	ra,166a <GPIO_ReadInputDataBit>
     48e:	200007b7          	lui	a5,0x20000
     492:	4705                	li	a4,1
     494:	00078793          	mv	a5,a5
     498:	02e51d63          	bne	a0,a4,4d2 <EXTI7_0_IRQHandler+0x78>
     49c:	239a                	lhu	a4,0(a5)
     49e:	0705                	addi	a4,a4,1
     4a0:	0742                	slli	a4,a4,0x10
     4a2:	8741                	srai	a4,a4,0x10
     4a4:	a39a                	sh	a4,0(a5)
     4a6:	239a                	lhu	a4,0(a5)
     4a8:	1f400693          	li	a3,500
     4ac:	0742                	slli	a4,a4,0x10
     4ae:	8741                	srai	a4,a4,0x10
     4b0:	02e6d463          	bge	a3,a4,4d8 <EXTI7_0_IRQHandler+0x7e>
     4b4:	a396                	sh	a3,0(a5)
     4b6:	5092                	lw	ra,36(sp)
     4b8:	5282                	lw	t0,32(sp)
     4ba:	4372                	lw	t1,28(sp)
     4bc:	43e2                	lw	t2,24(sp)
     4be:	4552                	lw	a0,20(sp)
     4c0:	45c2                	lw	a1,16(sp)
     4c2:	4632                	lw	a2,12(sp)
     4c4:	46a2                	lw	a3,8(sp)
     4c6:	4712                	lw	a4,4(sp)
     4c8:	4782                	lw	a5,0(sp)
     4ca:	02810113          	addi	sp,sp,40
     4ce:	30200073          	mret
     4d2:	239a                	lhu	a4,0(a5)
     4d4:	177d                	addi	a4,a4,-1
     4d6:	b7e9                	j	4a0 <EXTI7_0_IRQHandler+0x46>
     4d8:	239a                	lhu	a4,0(a5)
     4da:	0742                	slli	a4,a4,0x10
     4dc:	8741                	srai	a4,a4,0x10
     4de:	fc075ce3          	bgez	a4,4b6 <EXTI7_0_IRQHandler+0x5c>
     4e2:	00079023          	sh	zero,0(a5) # 20000000 <_highcode_vma_end>
     4e6:	bfc1                	j	4b6 <EXTI7_0_IRQHandler+0x5c>

000004e8 <BSP_Encoder_Get_Cnt>:
     4e8:	bb9ff2ef          	jal	t0,a0 <__riscv_save_0>
     4ec:	200007b7          	lui	a5,0x20000
     4f0:	0007d503          	lhu	a0,0(a5) # 20000000 <_highcode_vma_end>
     4f4:	1f400593          	li	a1,500
     4f8:	0542                	slli	a0,a0,0x10
     4fa:	8541                	srai	a0,a0,0x10
     4fc:	3125                	jal	124 <__modsi3>
     4fe:	0542                	slli	a0,a0,0x10
     500:	8541                	srai	a0,a0,0x10
     502:	b665                	j	aa <__riscv_restore_0>

00000504 <Key_Init>:
     504:	b9dff2ef          	jal	t0,a0 <__riscv_save_0>
     508:	1151                	addi	sp,sp,-12
     50a:	842a                	mv	s0,a0
     50c:	4585                	li	a1,1
     50e:	02000513          	li	a0,32
     512:	39e010ef          	jal	ra,18b0 <RCC_APB2PeriphClockCmd>
     516:	04800793          	li	a5,72
     51a:	c43e                	sw	a5,8(sp)
     51c:	205e                	lhu	a5,4(s0)
     51e:	4008                	lw	a0,0(s0)
     520:	858a                	mv	a1,sp
     522:	807c                	sh	a5,0(sp)
     524:	478d                	li	a5,3
     526:	c23e                	sw	a5,4(sp)
     528:	00011123          	sh	zero,2(sp)
     52c:	0c2010ef          	jal	ra,15ee <GPIO_Init>
     530:	00041323          	sh	zero,6(s0)
     534:	00042423          	sw	zero,8(s0)
     538:	00040623          	sb	zero,12(s0)
     53c:	0131                	addi	sp,sp,12
     53e:	b6b5                	j	aa <__riscv_restore_0>

00000540 <Key_Scan>:
     540:	b61ff2ef          	jal	t0,a0 <__riscv_save_0>
     544:	842a                	mv	s0,a0
     546:	214e                	lhu	a1,4(a0)
     548:	4108                	lw	a0,0(a0)
     54a:	120010ef          	jal	ra,166a <GPIO_ReadInputDataBit>
     54e:	441c                	lw	a5,8(s0)
     550:	4711                	li	a4,4
     552:	02f76b63          	bltu	a4,a5,588 <Key_Scan+0x48>
     556:	670d                	lui	a4,0x3
     558:	078a                	slli	a5,a5,0x2
     55a:	6ec70713          	addi	a4,a4,1772 # 36ec <_malloc_usable_size_r+0x28>
     55e:	97ba                	add	a5,a5,a4
     560:	439c                	lw	a5,0(a5)
     562:	8782                	jr	a5
     564:	e105                	bnez	a0,584 <Key_Scan+0x44>
     566:	207e                	lhu	a5,6(s0)
     568:	03100713          	li	a4,49
     56c:	0785                	addi	a5,a5,1
     56e:	07c2                	slli	a5,a5,0x10
     570:	83c1                	srli	a5,a5,0x10
     572:	00f76463          	bltu	a4,a5,57a <Key_Scan+0x3a>
     576:	a07e                	sh	a5,6(s0)
     578:	a801                	j	588 <Key_Scan+0x48>
     57a:	00041323          	sh	zero,6(s0)
     57e:	4785                	li	a5,1
     580:	c41c                	sw	a5,8(s0)
     582:	a019                	j	588 <Key_Scan+0x48>
     584:	00041323          	sh	zero,6(s0)
     588:	b60d                	j	aa <__riscv_restore_0>
     58a:	ed09                	bnez	a0,5a4 <Key_Scan+0x64>
     58c:	207e                	lhu	a5,6(s0)
     58e:	1f300713          	li	a4,499
     592:	0785                	addi	a5,a5,1
     594:	07c2                	slli	a5,a5,0x10
     596:	83c1                	srli	a5,a5,0x10
     598:	fcf77fe3          	bgeu	a4,a5,576 <Key_Scan+0x36>
     59c:	00041323          	sh	zero,6(s0)
     5a0:	4791                	li	a5,4
     5a2:	bff9                	j	580 <Key_Scan+0x40>
     5a4:	00041323          	sh	zero,6(s0)
     5a8:	4789                	li	a5,2
     5aa:	bfd9                	j	580 <Key_Scan+0x40>
     5ac:	207e                	lhu	a5,6(s0)
     5ae:	0785                	addi	a5,a5,1
     5b0:	07c2                	slli	a5,a5,0x10
     5b2:	83c1                	srli	a5,a5,0x10
     5b4:	e909                	bnez	a0,5c6 <Key_Scan+0x86>
     5b6:	03100713          	li	a4,49
     5ba:	faf77ee3          	bgeu	a4,a5,576 <Key_Scan+0x36>
     5be:	00041323          	sh	zero,6(s0)
     5c2:	478d                	li	a5,3
     5c4:	bf75                	j	580 <Key_Scan+0x40>
     5c6:	06300713          	li	a4,99
     5ca:	faf776e3          	bgeu	a4,a5,576 <Key_Scan+0x36>
     5ce:	4785                	li	a5,1
     5d0:	00041323          	sh	zero,6(s0)
     5d4:	a45c                	sb	a5,12(s0)
     5d6:	00042423          	sw	zero,8(s0)
     5da:	b77d                	j	588 <Key_Scan+0x48>
     5dc:	4785                	li	a5,1
     5de:	faf513e3          	bne	a0,a5,584 <Key_Scan+0x44>
     5e2:	207e                	lhu	a5,6(s0)
     5e4:	03100713          	li	a4,49
     5e8:	0785                	addi	a5,a5,1
     5ea:	07c2                	slli	a5,a5,0x10
     5ec:	83c1                	srli	a5,a5,0x10
     5ee:	f8f774e3          	bgeu	a4,a5,576 <Key_Scan+0x36>
     5f2:	00041323          	sh	zero,6(s0)
     5f6:	b448                	sb	a0,13(s0)
     5f8:	bff9                	j	5d6 <Key_Scan+0x96>
     5fa:	4785                	li	a5,1
     5fc:	00f51d63          	bne	a0,a5,616 <Key_Scan+0xd6>
     600:	207e                	lhu	a5,6(s0)
     602:	03100713          	li	a4,49
     606:	0785                	addi	a5,a5,1
     608:	07c2                	slli	a5,a5,0x10
     60a:	83c1                	srli	a5,a5,0x10
     60c:	f6f775e3          	bgeu	a4,a5,576 <Key_Scan+0x36>
     610:	00041323          	sh	zero,6(s0)
     614:	b7c9                	j	5d6 <Key_Scan+0x96>
     616:	00041323          	sh	zero,6(s0)
     61a:	a47c                	sb	a5,14(s0)
     61c:	b7b5                	j	588 <Key_Scan+0x48>

0000061e <BSP_Key_Init>:
     61e:	a83ff2ef          	jal	t0,a0 <__riscv_save_0>
     622:	20000537          	lui	a0,0x20000
     626:	01450513          	addi	a0,a0,20 # 20000014 <Key_Encoder>
     62a:	3de9                	jal	504 <Key_Init>
     62c:	20000537          	lui	a0,0x20000
     630:	00450513          	addi	a0,a0,4 # 20000004 <Key_Enable>
     634:	3dc1                	jal	504 <Key_Init>
     636:	bc95                	j	aa <__riscv_restore_0>

00000638 <BSP_Key_Scan>:
     638:	a69ff2ef          	jal	t0,a0 <__riscv_save_0>
     63c:	20000537          	lui	a0,0x20000
     640:	01450513          	addi	a0,a0,20 # 20000014 <Key_Encoder>
     644:	3df5                	jal	540 <Key_Scan>
     646:	20000537          	lui	a0,0x20000
     64a:	00450513          	addi	a0,a0,4 # 20000004 <Key_Enable>
     64e:	3dcd                	jal	540 <Key_Scan>
     650:	bca9                	j	aa <__riscv_restore_0>

00000652 <OLED_W_SCL.part.0>:
     652:	a4fff2ef          	jal	t0,a0 <__riscv_save_0>
     656:	4591                	li	a1,4
     658:	40011537          	lui	a0,0x40011
     65c:	018010ef          	jal	ra,1674 <GPIO_SetBits>
     660:	b4a9                	j	aa <__riscv_restore_0>

00000662 <OLED_W_SDA.part.1>:
     662:	a3fff2ef          	jal	t0,a0 <__riscv_save_0>
     666:	4589                	li	a1,2
     668:	40011537          	lui	a0,0x40011
     66c:	008010ef          	jal	ra,1674 <GPIO_SetBits>
     670:	bc2d                	j	aa <__riscv_restore_0>

00000672 <OLED_W_SCL>:
     672:	a2fff2ef          	jal	t0,a0 <__riscv_save_0>
     676:	c119                	beqz	a0,67c <OLED_W_SCL+0xa>
     678:	3fe9                	jal	652 <OLED_W_SCL.part.0>
     67a:	bc05                	j	aa <__riscv_restore_0>
     67c:	4591                	li	a1,4
     67e:	40011537          	lui	a0,0x40011
     682:	7f7000ef          	jal	ra,1678 <GPIO_ResetBits>
     686:	bfd5                	j	67a <OLED_W_SCL+0x8>

00000688 <OLED_W_SDA>:
     688:	a19ff2ef          	jal	t0,a0 <__riscv_save_0>
     68c:	c119                	beqz	a0,692 <OLED_W_SDA+0xa>
     68e:	3fd1                	jal	662 <OLED_W_SDA.part.1>
     690:	bc29                	j	aa <__riscv_restore_0>
     692:	4589                	li	a1,2
     694:	40011537          	lui	a0,0x40011
     698:	7e1000ef          	jal	ra,1678 <GPIO_ResetBits>
     69c:	bfd5                	j	690 <OLED_W_SDA+0x8>

0000069e <OLED_IO_Init>:
     69e:	a03ff2ef          	jal	t0,a0 <__riscv_save_0>
     6a2:	1151                	addi	sp,sp,-12
     6a4:	0c800513          	li	a0,200
     6a8:	63c010ef          	jal	ra,1ce4 <Delay_Ms>
     6ac:	4585                	li	a1,1
     6ae:	4541                	li	a0,16
     6b0:	200010ef          	jal	ra,18b0 <RCC_APB2PeriphClockCmd>
     6b4:	47d1                	li	a5,20
     6b6:	c43e                	sw	a5,8(sp)
     6b8:	478d                	li	a5,3
     6ba:	c23e                	sw	a5,4(sp)
     6bc:	858a                	mv	a1,sp
     6be:	4789                	li	a5,2
     6c0:	40011537          	lui	a0,0x40011
     6c4:	807c                	sh	a5,0(sp)
     6c6:	00011123          	sh	zero,2(sp)
     6ca:	725000ef          	jal	ra,15ee <GPIO_Init>
     6ce:	4791                	li	a5,4
     6d0:	858a                	mv	a1,sp
     6d2:	40011537          	lui	a0,0x40011
     6d6:	807c                	sh	a5,0(sp)
     6d8:	717000ef          	jal	ra,15ee <GPIO_Init>
     6dc:	3f9d                	jal	652 <OLED_W_SCL.part.0>
     6de:	3751                	jal	662 <OLED_W_SDA.part.1>
     6e0:	0131                	addi	sp,sp,12
     6e2:	b2e1                	j	aa <__riscv_restore_0>

000006e4 <OLED_I2C_Start>:
     6e4:	9bdff2ef          	jal	t0,a0 <__riscv_save_0>
     6e8:	3fad                	jal	662 <OLED_W_SDA.part.1>
     6ea:	37a5                	jal	652 <OLED_W_SCL.part.0>
     6ec:	4501                	li	a0,0
     6ee:	3f69                	jal	688 <OLED_W_SDA>
     6f0:	4501                	li	a0,0
     6f2:	3741                	jal	672 <OLED_W_SCL>
     6f4:	ba5d                	j	aa <__riscv_restore_0>

000006f6 <OLED_I2C_Stop>:
     6f6:	9abff2ef          	jal	t0,a0 <__riscv_save_0>
     6fa:	4501                	li	a0,0
     6fc:	3771                	jal	688 <OLED_W_SDA>
     6fe:	3f91                	jal	652 <OLED_W_SCL.part.0>
     700:	378d                	jal	662 <OLED_W_SDA.part.1>
     702:	9a9ff06f          	j	aa <__riscv_restore_0>

00000706 <OLED_I2C_SendByte>:
     706:	99bff2ef          	jal	t0,a0 <__riscv_save_0>
     70a:	84aa                	mv	s1,a0
     70c:	4401                	li	s0,0
     70e:	08000513          	li	a0,128
     712:	40855533          	sra	a0,a0,s0
     716:	8d65                	and	a0,a0,s1
     718:	00a03533          	snez	a0,a0
     71c:	37b5                	jal	688 <OLED_W_SDA>
     71e:	3f15                	jal	652 <OLED_W_SCL.part.0>
     720:	4501                	li	a0,0
     722:	3f81                	jal	672 <OLED_W_SCL>
     724:	0405                	addi	s0,s0,1
     726:	47a1                	li	a5,8
     728:	fef413e3          	bne	s0,a5,70e <OLED_I2C_SendByte+0x8>
     72c:	371d                	jal	652 <OLED_W_SCL.part.0>
     72e:	4501                	li	a0,0
     730:	3789                	jal	672 <OLED_W_SCL>
     732:	979ff06f          	j	aa <__riscv_restore_0>

00000736 <OLED_WriteCommand>:
     736:	96bff2ef          	jal	t0,a0 <__riscv_save_0>
     73a:	842a                	mv	s0,a0
     73c:	3765                	jal	6e4 <OLED_I2C_Start>
     73e:	07800513          	li	a0,120
     742:	37d1                	jal	706 <OLED_I2C_SendByte>
     744:	4501                	li	a0,0
     746:	37c1                	jal	706 <OLED_I2C_SendByte>
     748:	8522                	mv	a0,s0
     74a:	3f75                	jal	706 <OLED_I2C_SendByte>
     74c:	376d                	jal	6f6 <OLED_I2C_Stop>
     74e:	95dff06f          	j	aa <__riscv_restore_0>

00000752 <OLED_WriteData>:
     752:	94fff2ef          	jal	t0,a0 <__riscv_save_0>
     756:	84ae                	mv	s1,a1
     758:	842a                	mv	s0,a0
     75a:	3769                	jal	6e4 <OLED_I2C_Start>
     75c:	07800513          	li	a0,120
     760:	375d                	jal	706 <OLED_I2C_SendByte>
     762:	04000513          	li	a0,64
     766:	3745                	jal	706 <OLED_I2C_SendByte>
     768:	94a2                	add	s1,s1,s0
     76a:	00941563          	bne	s0,s1,774 <OLED_WriteData+0x22>
     76e:	3761                	jal	6f6 <OLED_I2C_Stop>
     770:	93bff06f          	j	aa <__riscv_restore_0>
     774:	2008                	lbu	a0,0(s0)
     776:	0405                	addi	s0,s0,1
     778:	3779                	jal	706 <OLED_I2C_SendByte>
     77a:	bfc5                	j	76a <OLED_WriteData+0x18>

0000077c <OLED_Update>:
     77c:	925ff2ef          	jal	t0,a0 <__riscv_save_0>
     780:	40000593          	li	a1,1024
     784:	83818513          	addi	a0,gp,-1992 # 20000100 <OLED_DisplayBuf>
     788:	37e9                	jal	752 <OLED_WriteData>
     78a:	921ff06f          	j	aa <__riscv_restore_0>

0000078e <OLED_Clear>:
     78e:	83818793          	addi	a5,gp,-1992 # 20000100 <OLED_DisplayBuf>
     792:	40078693          	addi	a3,a5,1024
     796:	08000613          	li	a2,128
     79a:	4701                	li	a4,0
     79c:	00e785b3          	add	a1,a5,a4
     7a0:	00058023          	sb	zero,0(a1)
     7a4:	0705                	addi	a4,a4,1
     7a6:	fec71be3          	bne	a4,a2,79c <OLED_Clear+0xe>
     7aa:	08078793          	addi	a5,a5,128
     7ae:	fed796e3          	bne	a5,a3,79a <OLED_Clear+0xc>
     7b2:	8082                	ret

000007b4 <OLED_Init>:
     7b4:	8edff2ef          	jal	t0,a0 <__riscv_save_0>
     7b8:	35dd                	jal	69e <OLED_IO_Init>
     7ba:	0ae00513          	li	a0,174
     7be:	3fa5                	jal	736 <OLED_WriteCommand>
     7c0:	0d500513          	li	a0,213
     7c4:	3f8d                	jal	736 <OLED_WriteCommand>
     7c6:	0b000513          	li	a0,176
     7ca:	37b5                	jal	736 <OLED_WriteCommand>
     7cc:	0a800513          	li	a0,168
     7d0:	379d                	jal	736 <OLED_WriteCommand>
     7d2:	03f00513          	li	a0,63
     7d6:	3785                	jal	736 <OLED_WriteCommand>
     7d8:	0d300513          	li	a0,211
     7dc:	3fa9                	jal	736 <OLED_WriteCommand>
     7de:	4501                	li	a0,0
     7e0:	3f99                	jal	736 <OLED_WriteCommand>
     7e2:	02100513          	li	a0,33
     7e6:	3f81                	jal	736 <OLED_WriteCommand>
     7e8:	4501                	li	a0,0
     7ea:	37b1                	jal	736 <OLED_WriteCommand>
     7ec:	07f00513          	li	a0,127
     7f0:	3799                	jal	736 <OLED_WriteCommand>
     7f2:	02200513          	li	a0,34
     7f6:	3781                	jal	736 <OLED_WriteCommand>
     7f8:	4501                	li	a0,0
     7fa:	3f35                	jal	736 <OLED_WriteCommand>
     7fc:	451d                	li	a0,7
     7fe:	3f25                	jal	736 <OLED_WriteCommand>
     800:	02000513          	li	a0,32
     804:	3f0d                	jal	736 <OLED_WriteCommand>
     806:	4501                	li	a0,0
     808:	373d                	jal	736 <OLED_WriteCommand>
     80a:	04000513          	li	a0,64
     80e:	3725                	jal	736 <OLED_WriteCommand>
     810:	0a100513          	li	a0,161
     814:	370d                	jal	736 <OLED_WriteCommand>
     816:	0c800513          	li	a0,200
     81a:	3f31                	jal	736 <OLED_WriteCommand>
     81c:	0da00513          	li	a0,218
     820:	3f19                	jal	736 <OLED_WriteCommand>
     822:	4549                	li	a0,18
     824:	3f09                	jal	736 <OLED_WriteCommand>
     826:	08100513          	li	a0,129
     82a:	3731                	jal	736 <OLED_WriteCommand>
     82c:	0ff00513          	li	a0,255
     830:	3719                	jal	736 <OLED_WriteCommand>
     832:	0d900513          	li	a0,217
     836:	3701                	jal	736 <OLED_WriteCommand>
     838:	0f100513          	li	a0,241
     83c:	3ded                	jal	736 <OLED_WriteCommand>
     83e:	0db00513          	li	a0,219
     842:	3dd5                	jal	736 <OLED_WriteCommand>
     844:	03000513          	li	a0,48
     848:	35fd                	jal	736 <OLED_WriteCommand>
     84a:	0a400513          	li	a0,164
     84e:	35e5                	jal	736 <OLED_WriteCommand>
     850:	0a600513          	li	a0,166
     854:	35cd                	jal	736 <OLED_WriteCommand>
     856:	08d00513          	li	a0,141
     85a:	3df1                	jal	736 <OLED_WriteCommand>
     85c:	4551                	li	a0,20
     85e:	3de1                	jal	736 <OLED_WriteCommand>
     860:	0af00513          	li	a0,175
     864:	3dc9                	jal	736 <OLED_WriteCommand>
     866:	3725                	jal	78e <OLED_Clear>
     868:	3f11                	jal	77c <OLED_Update>
     86a:	841ff06f          	j	aa <__riscv_restore_0>

0000086e <OLED_ClearArea>:
     86e:	96ae                	add	a3,a3,a1
     870:	962a                	add	a2,a2,a0
     872:	07f00393          	li	t2,127
     876:	83818293          	addi	t0,gp,-1992 # 20000100 <OLED_DisplayBuf>
     87a:	06d5c063          	blt	a1,a3,8da <OLED_ClearArea+0x6c>
     87e:	8082                	ret
     880:	01079413          	slli	s0,a5,0x10
     884:	8041                	srli	s0,s0,0x10
     886:	0083ea63          	bltu	t2,s0,89a <OLED_ClearArea+0x2c>
     88a:	03f00493          	li	s1,63
     88e:	00b4e663          	bltu	s1,a1,89a <OLED_ClearArea+0x2c>
     892:	979a                	add	a5,a5,t1
     894:	2384                	lbu	s1,0(a5)
     896:	8cf9                	and	s1,s1,a4
     898:	a384                	sb	s1,0(a5)
     89a:	00140793          	addi	a5,s0,1
     89e:	07c2                	slli	a5,a5,0x10
     8a0:	87c1                	srai	a5,a5,0x10
     8a2:	fcc7cfe3          	blt	a5,a2,880 <OLED_ClearArea+0x12>
     8a6:	0585                	addi	a1,a1,1
     8a8:	05c2                	slli	a1,a1,0x10
     8aa:	85c1                	srai	a1,a1,0x10
     8ac:	02d5d363          	bge	a1,a3,8d2 <OLED_ClearArea+0x64>
     8b0:	0075f793          	andi	a5,a1,7
     8b4:	4705                	li	a4,1
     8b6:	00f71733          	sll	a4,a4,a5
     8ba:	4035d313          	srai	t1,a1,0x3
     8be:	fff74713          	not	a4,a4
     8c2:	0762                	slli	a4,a4,0x18
     8c4:	05c2                	slli	a1,a1,0x10
     8c6:	031e                	slli	t1,t1,0x7
     8c8:	8761                	srai	a4,a4,0x18
     8ca:	87aa                	mv	a5,a0
     8cc:	81c1                	srli	a1,a1,0x10
     8ce:	9316                	add	t1,t1,t0
     8d0:	bfc9                	j	8a2 <OLED_ClearArea+0x34>
     8d2:	4412                	lw	s0,4(sp)
     8d4:	4482                	lw	s1,0(sp)
     8d6:	0121                	addi	sp,sp,8
     8d8:	8082                	ret
     8da:	1161                	addi	sp,sp,-8
     8dc:	c222                	sw	s0,4(sp)
     8de:	c026                	sw	s1,0(sp)
     8e0:	bfc1                	j	8b0 <OLED_ClearArea+0x42>

000008e2 <OLED_ShowImage>:
     8e2:	fbeff2ef          	jal	t0,a0 <__riscv_save_0>
     8e6:	1101                	addi	sp,sp,-32
     8e8:	842e                	mv	s0,a1
     8ea:	c036                	sw	a3,0(sp)
     8ec:	84ba                	mv	s1,a4
     8ee:	c22a                	sw	a0,4(sp)
     8f0:	c432                	sw	a2,8(sp)
     8f2:	3fb5                	jal	86e <OLED_ClearArea>
     8f4:	4782                	lw	a5,0(sp)
     8f6:	41f45713          	srai	a4,s0,0x1f
     8fa:	8b1d                	andi	a4,a4,7
     8fc:	17fd                	addi	a5,a5,-1
     8fe:	41f7d693          	srai	a3,a5,0x1f
     902:	8a9d                	andi	a3,a3,7
     904:	96be                	add	a3,a3,a5
     906:	4036d793          	srai	a5,a3,0x3
     90a:	c83e                	sw	a5,16(sp)
     90c:	800007b7          	lui	a5,0x80000
     910:	079d                	addi	a5,a5,7
     912:	9722                	add	a4,a4,s0
     914:	8fe1                	and	a5,a5,s0
     916:	870d                	srai	a4,a4,0x3
     918:	0007d663          	bgez	a5,924 <OLED_ShowImage+0x42>
     91c:	17fd                	addi	a5,a5,-1
     91e:	ff87e793          	ori	a5,a5,-8
     922:	0785                	addi	a5,a5,1
     924:	07c2                	slli	a5,a5,0x10
     926:	87c1                	srai	a5,a5,0x10
     928:	00878693          	addi	a3,a5,8 # 80000008 <__global_pointer$+0x5ffff740>
     92c:	06c2                	slli	a3,a3,0x10
     92e:	86c1                	srai	a3,a3,0x10
     930:	fff70613          	addi	a2,a4,-1
     934:	00044363          	bltz	s0,93a <OLED_ShowImage+0x58>
     938:	863a                	mv	a2,a4
     93a:	01061713          	slli	a4,a2,0x10
     93e:	8741                	srai	a4,a4,0x10
     940:	ca3a                	sw	a4,20(sp)
     942:	8736                	mv	a4,a3
     944:	00044363          	bltz	s0,94a <OLED_ShowImage+0x68>
     948:	873e                	mv	a4,a5
     94a:	01071793          	slli	a5,a4,0x10
     94e:	87c1                	srai	a5,a5,0x10
     950:	c03e                	sw	a5,0(sp)
     952:	4702                	lw	a4,0(sp)
     954:	47a1                	li	a5,8
     956:	4401                	li	s0,0
     958:	8f99                	sub	a5,a5,a4
     95a:	c63e                	sw	a5,12(sp)
     95c:	83818793          	addi	a5,gp,-1992 # 20000100 <OLED_DisplayBuf>
     960:	ce3e                	sw	a5,28(sp)
     962:	47c2                	lw	a5,16(sp)
     964:	0887cc63          	blt	a5,s0,9fc <OLED_ShowImage+0x11a>
     968:	47d2                	lw	a5,20(sp)
     96a:	4522                	lw	a0,8(sp)
     96c:	85a2                	mv	a1,s0
     96e:	00878333          	add	t1,a5,s0
     972:	cc1a                	sw	t1,24(sp)
     974:	f40ff0ef          	jal	ra,b4 <__mulsi3>
     978:	4362                	lw	t1,24(sp)
     97a:	4712                	lw	a4,4(sp)
     97c:	00130593          	addi	a1,t1,1
     980:	00759793          	slli	a5,a1,0x7
     984:	97ba                	add	a5,a5,a4
     986:	4772                	lw	a4,28(sp)
     988:	00731293          	slli	t0,t1,0x7
     98c:	97ba                	add	a5,a5,a4
     98e:	40b00733          	neg	a4,a1
     992:	071e                	slli	a4,a4,0x7
     994:	cc3a                	sw	a4,24(sp)
     996:	4701                	li	a4,0
     998:	a889                	j	9ea <OLED_ShowImage+0x108>
     99a:	4692                	lw	a3,4(sp)
     99c:	07f00613          	li	a2,127
     9a0:	96ba                	add	a3,a3,a4
     9a2:	04d66263          	bltu	a2,a3,9e6 <OLED_ShowImage+0x104>
     9a6:	469d                	li	a3,7
     9a8:	0266e263          	bltu	a3,t1,9cc <OLED_ShowImage+0xea>
     9ac:	46e2                	lw	a3,24(sp)
     9ae:	4382                	lw	t2,0(sp)
     9b0:	00d78633          	add	a2,a5,a3
     9b4:	00a706b3          	add	a3,a4,a0
     9b8:	96a6                	add	a3,a3,s1
     9ba:	2294                	lbu	a3,0(a3)
     9bc:	9616                	add	a2,a2,t0
     9be:	007696b3          	sll	a3,a3,t2
     9c2:	00064383          	lbu	t2,0(a2)
     9c6:	0076e6b3          	or	a3,a3,t2
     9ca:	a214                	sb	a3,0(a2)
     9cc:	469d                	li	a3,7
     9ce:	00b6ec63          	bltu	a3,a1,9e6 <OLED_ShowImage+0x104>
     9d2:	00a706b3          	add	a3,a4,a0
     9d6:	96a6                	add	a3,a3,s1
     9d8:	2294                	lbu	a3,0(a3)
     9da:	4632                	lw	a2,12(sp)
     9dc:	40c6d6b3          	sra	a3,a3,a2
     9e0:	2390                	lbu	a2,0(a5)
     9e2:	8ed1                	or	a3,a3,a2
     9e4:	a394                	sb	a3,0(a5)
     9e6:	0705                	addi	a4,a4,1
     9e8:	0785                	addi	a5,a5,1
     9ea:	4622                	lw	a2,8(sp)
     9ec:	0ff77693          	andi	a3,a4,255
     9f0:	fac6e5e3          	bltu	a3,a2,99a <OLED_ShowImage+0xb8>
     9f4:	0405                	addi	s0,s0,1
     9f6:	0ff47413          	andi	s0,s0,255
     9fa:	b7a5                	j	962 <OLED_ShowImage+0x80>
     9fc:	6105                	addi	sp,sp,32
     9fe:	eacff06f          	j	aa <__riscv_restore_0>

00000a02 <OLED_ShowChar>:
     a02:	e9eff2ef          	jal	t0,a0 <__riscv_save_0>
     a06:	47a1                	li	a5,8
     a08:	00f69d63          	bne	a3,a5,a22 <OLED_ShowChar+0x20>
     a0c:	1601                	addi	a2,a2,-32
     a0e:	670d                	lui	a4,0x3
     a10:	0612                	slli	a2,a2,0x4
     a12:	70070713          	addi	a4,a4,1792 # 3700 <OLED_F8x16>
     a16:	9732                	add	a4,a4,a2
     a18:	46c1                	li	a3,16
     a1a:	4621                	li	a2,8
     a1c:	35d9                	jal	8e2 <OLED_ShowImage>
     a1e:	e8cff06f          	j	aa <__riscv_restore_0>
     a22:	4799                	li	a5,6
     a24:	fef69de3          	bne	a3,a5,a1e <OLED_ShowChar+0x1c>
     a28:	1601                	addi	a2,a2,-32
     a2a:	00161713          	slli	a4,a2,0x1
     a2e:	963a                	add	a2,a2,a4
     a30:	670d                	lui	a4,0x3
     a32:	0606                	slli	a2,a2,0x1
     a34:	70070713          	addi	a4,a4,1792 # 3700 <OLED_F8x16>
     a38:	9732                	add	a4,a4,a2
     a3a:	46a1                	li	a3,8
     a3c:	4619                	li	a2,6
     a3e:	bff9                	j	a1c <OLED_ShowChar+0x1a>

00000a40 <OLED_ShowString>:
     a40:	e60ff2ef          	jal	t0,a0 <__riscv_save_0>
     a44:	1141                	addi	sp,sp,-16
     a46:	c02a                	sw	a0,0(sp)
     a48:	84ae                	mv	s1,a1
     a4a:	8332                	mv	t1,a2
     a4c:	8436                	mv	s0,a3
     a4e:	4781                	li	a5,0
     a50:	00f30733          	add	a4,t1,a5
     a54:	00070603          	lb	a2,0(a4)
     a58:	e601                	bnez	a2,a60 <OLED_ShowString+0x20>
     a5a:	0141                	addi	sp,sp,16
     a5c:	e4eff06f          	j	aa <__riscv_restore_0>
     a60:	85a2                	mv	a1,s0
     a62:	853e                	mv	a0,a5
     a64:	c61a                	sw	t1,12(sp)
     a66:	c432                	sw	a2,8(sp)
     a68:	c23e                	sw	a5,4(sp)
     a6a:	e4aff0ef          	jal	ra,b4 <__mulsi3>
     a6e:	4782                	lw	a5,0(sp)
     a70:	4622                	lw	a2,8(sp)
     a72:	86a2                	mv	a3,s0
     a74:	953e                	add	a0,a0,a5
     a76:	0542                	slli	a0,a0,0x10
     a78:	85a6                	mv	a1,s1
     a7a:	8541                	srai	a0,a0,0x10
     a7c:	3759                	jal	a02 <OLED_ShowChar>
     a7e:	4792                	lw	a5,4(sp)
     a80:	4332                	lw	t1,12(sp)
     a82:	0785                	addi	a5,a5,1
     a84:	0ff7f793          	andi	a5,a5,255
     a88:	b7e1                	j	a50 <OLED_ShowString+0x10>

00000a8a <OLED_Printf>:
     a8a:	1101                	addi	sp,sp,-32
     a8c:	c822                	sw	s0,16(sp)
     a8e:	c626                	sw	s1,12(sp)
     a90:	c22e                	sw	a1,4(sp)
     a92:	84aa                	mv	s1,a0
     a94:	c032                	sw	a2,0(sp)
     a96:	85b6                	mv	a1,a3
     a98:	0830                	addi	a2,sp,24
     a9a:	c3818513          	addi	a0,gp,-968 # 20000500 <String>
     a9e:	ca06                	sw	ra,20(sp)
     aa0:	cc3a                	sw	a4,24(sp)
     aa2:	ce3e                	sw	a5,28(sp)
     aa4:	c432                	sw	a2,8(sp)
     aa6:	196020ef          	jal	ra,2c3c <vsiprintf>
     aaa:	4282                	lw	t0,0(sp)
     aac:	4312                	lw	t1,4(sp)
     aae:	c3818613          	addi	a2,gp,-968 # 20000500 <String>
     ab2:	8526                	mv	a0,s1
     ab4:	8696                	mv	a3,t0
     ab6:	859a                	mv	a1,t1
     ab8:	3761                	jal	a40 <OLED_ShowString>
     aba:	40d2                	lw	ra,20(sp)
     abc:	4442                	lw	s0,16(sp)
     abe:	44b2                	lw	s1,12(sp)
     ac0:	6105                	addi	sp,sp,32
     ac2:	8082                	ret

00000ac4 <BSP_TIM1_Init>:
     ac4:	ddcff2ef          	jal	t0,a0 <__riscv_save_0>
     ac8:	7179                	addi	sp,sp,-48
     aca:	4585                	li	a1,1
     acc:	4541                	li	a0,16
     ace:	5e3000ef          	jal	ra,18b0 <RCC_APB2PeriphClockCmd>
     ad2:	6505                	lui	a0,0x1
     ad4:	4585                	li	a1,1
     ad6:	80050513          	addi	a0,a0,-2048 # 800 <OLED_Init+0x4c>
     ada:	5d7000ef          	jal	ra,18b0 <RCC_APB2PeriphClockCmd>
     ade:	47e1                	li	a5,24
     ae0:	ce3e                	sw	a5,28(sp)
     ae2:	47a1                	li	a5,8
     ae4:	82fc                	sh	a5,20(sp)
     ae6:	084c                	addi	a1,sp,20
     ae8:	478d                	li	a5,3
     aea:	40011537          	lui	a0,0x40011
     aee:	cc3e                	sw	a5,24(sp)
     af0:	00011b23          	sh	zero,22(sp)
     af4:	c402                	sw	zero,8(sp)
     af6:	c602                	sw	zero,12(sp)
     af8:	00011823          	sh	zero,16(sp)
     afc:	d002                	sw	zero,32(sp)
     afe:	d202                	sw	zero,36(sp)
     b00:	d402                	sw	zero,40(sp)
     b02:	d602                	sw	zero,44(sp)
     b04:	2eb000ef          	jal	ra,15ee <GPIO_Init>
     b08:	02000793          	li	a5,32
     b0c:	82fc                	sh	a5,20(sp)
     b0e:	084c                	addi	a1,sp,20
     b10:	47c1                	li	a5,16
     b12:	40011537          	lui	a0,0x40011
     b16:	ce3e                	sw	a5,28(sp)
     b18:	2d7000ef          	jal	ra,15ee <GPIO_Init>
     b1c:	02000593          	li	a1,32
     b20:	40011537          	lui	a0,0x40011
     b24:	355000ef          	jal	ra,1678 <GPIO_ResetBits>
     b28:	0028                	addi	a0,sp,8
     b2a:	7b3000ef          	jal	ra,1adc <TIM_TimeBaseStructInit>
     b2e:	40013437          	lui	s0,0x40013
     b32:	05f00793          	li	a5,95
     b36:	002c                	addi	a1,sp,8
     b38:	00f10823          	sb	a5,16(sp)
     b3c:	c0040513          	addi	a0,s0,-1024 # 40012c00 <__global_pointer$+0x20012338>
     b40:	1f300793          	li	a5,499
     b44:	867c                	sh	a5,12(sp)
     b46:	c402                	sw	zero,8(sp)
     b48:	61d000ef          	jal	ra,1964 <TIM_TimeBaseInit>
     b4c:	1008                	addi	a0,sp,32
     b4e:	7a5000ef          	jal	ra,1af2 <TIM_OCStructInit>
     b52:	67c1                	lui	a5,0x10
     b54:	06078793          	addi	a5,a5,96 # 10060 <_data_lma+0xc350>
     b58:	d03e                	sw	a5,32(sp)
     b5a:	100c                	addi	a1,sp,32
     b5c:	00fa07b7          	lui	a5,0xfa0
     b60:	c0040513          	addi	a0,s0,-1024
     b64:	d23e                	sw	a5,36(sp)
     b66:	02011423          	sh	zero,40(sp)
     b6a:	6df000ef          	jal	ra,1a48 <TIM_OC3Init>
     b6e:	c0040513          	addi	a0,s0,-1024
     b72:	45a1                	li	a1,8
     b74:	010010ef          	jal	ra,1b84 <TIM_OC3PreloadConfig>
     b78:	4585                	li	a1,1
     b7a:	c0040513          	addi	a0,s0,-1024
     b7e:	7d7000ef          	jal	ra,1b54 <TIM_ARRPreloadConfig>
     b82:	02300793          	li	a5,35
     b86:	c002                	sw	zero,0(sp)
     b88:	805c                	sb	a5,0(sp)
     b8a:	850a                	mv	a0,sp
     b8c:	4785                	li	a5,1
     b8e:	c23e                	sw	a5,4(sp)
     b90:	815c                	sb	a5,2(sp)
     b92:	3d7000ef          	jal	ra,1768 <NVIC_Init>
     b96:	4605                	li	a2,1
     b98:	c0040513          	addi	a0,s0,-1024
     b9c:	4585                	li	a1,1
     b9e:	7a5000ef          	jal	ra,1b42 <TIM_ITConfig>
     ba2:	c0040513          	addi	a0,s0,-1024
     ba6:	02000593          	li	a1,32
     baa:	7e9000ef          	jal	ra,1b92 <TIM_SelectOutputTrigger>
     bae:	c0040513          	addi	a0,s0,-1024
     bb2:	4585                	li	a1,1
     bb4:	779000ef          	jal	ra,1b2c <TIM_CtrlPWMOutputs>
     bb8:	4585                	li	a1,1
     bba:	c0040513          	addi	a0,s0,-1024
     bbe:	757000ef          	jal	ra,1b14 <TIM_Cmd>
     bc2:	6145                	addi	sp,sp,48
     bc4:	ce6ff06f          	j	aa <__riscv_restore_0>

00000bc8 <Buzzer_Play>:
     bc8:	cd8ff2ef          	jal	t0,a0 <__riscv_save_0>
     bcc:	0ff5f593          	andi	a1,a1,255
     bd0:	cab18c23          	sb	a1,-840(gp) # 20000580 <buzzer_ms>
     bd4:	6fd010ef          	jal	ra,2ad0 <__floatunsisf>
     bd8:	000047b7          	lui	a5,0x4
     bdc:	85aa                	mv	a1,a0
     bde:	ac07a503          	lw	a0,-1344(a5) # 3ac0 <OLED_F8x16+0x3c0>
     be2:	7d8010ef          	jal	ra,23ba <__divsf3>
     be6:	5cf010ef          	jal	ra,29b4 <__fixunssfsi>
     bea:	0542                	slli	a0,a0,0x10
     bec:	400007b7          	lui	a5,0x40000
     bf0:	8141                	srli	a0,a0,0x10
     bf2:	b78a                	sh	a0,40(a5)
     bf4:	4585                	li	a1,1
     bf6:	40000537          	lui	a0,0x40000
     bfa:	71b000ef          	jal	ra,1b14 <TIM_Cmd>
     bfe:	cacff06f          	j	aa <__riscv_restore_0>

00000c02 <BSP_TIM2_Init>:
     c02:	c9eff2ef          	jal	t0,a0 <__riscv_save_0>
     c06:	fd810113          	addi	sp,sp,-40
     c0a:	4585                	li	a1,1
     c0c:	4545                	li	a0,17
     c0e:	c002                	sw	zero,0(sp)
     c10:	c202                	sw	zero,4(sp)
     c12:	00011423          	sh	zero,8(sp)
     c16:	c602                	sw	zero,12(sp)
     c18:	c802                	sw	zero,16(sp)
     c1a:	ca02                	sw	zero,20(sp)
     c1c:	cc02                	sw	zero,24(sp)
     c1e:	ce02                	sw	zero,28(sp)
     c20:	d002                	sw	zero,32(sp)
     c22:	d202                	sw	zero,36(sp)
     c24:	48d000ef          	jal	ra,18b0 <RCC_APB2PeriphClockCmd>
     c28:	4585                	li	a1,1
     c2a:	4505                	li	a0,1
     c2c:	4a3000ef          	jal	ra,18ce <RCC_APB1PeriphClockCmd>
     c30:	00180537          	lui	a0,0x180
     c34:	4585                	li	a1,1
     c36:	30050513          	addi	a0,a0,768 # 180300 <_data_lma+0x17c5f0>
     c3a:	243000ef          	jal	ra,167c <GPIO_PinRemapConfig>
     c3e:	08000793          	li	a5,128
     c42:	867c                	sh	a5,12(sp)
     c44:	47e1                	li	a5,24
     c46:	ca3e                	sw	a5,20(sp)
     c48:	006c                	addi	a1,sp,12
     c4a:	478d                	li	a5,3
     c4c:	40011537          	lui	a0,0x40011
     c50:	c83e                	sw	a5,16(sp)
     c52:	19d000ef          	jal	ra,15ee <GPIO_Init>
     c56:	6785                	lui	a5,0x1
     c58:	95f78793          	addi	a5,a5,-1697 # 95f <OLED_ShowImage+0x7d>
     c5c:	858a                	mv	a1,sp
     c5e:	40000537          	lui	a0,0x40000
     c62:	827c                	sh	a5,4(sp)
     c64:	00010423          	sb	zero,8(sp)
     c68:	c002                	sw	zero,0(sp)
     c6a:	4fb000ef          	jal	ra,1964 <TIM_TimeBaseInit>
     c6e:	0828                	addi	a0,sp,24
     c70:	683000ef          	jal	ra,1af2 <TIM_OCStructInit>
     c74:	67c1                	lui	a5,0x10
     c76:	06078793          	addi	a5,a5,96 # 10060 <_data_lma+0xc350>
     c7a:	cc3e                	sw	a5,24(sp)
     c7c:	082c                	addi	a1,sp,24
     c7e:	04b007b7          	lui	a5,0x4b00
     c82:	40000537          	lui	a0,0x40000
     c86:	ce3e                	sw	a5,28(sp)
     c88:	02011023          	sh	zero,32(sp)
     c8c:	527000ef          	jal	ra,19b2 <TIM_OC2Init>
     c90:	45a1                	li	a1,8
     c92:	40000537          	lui	a0,0x40000
     c96:	6d9000ef          	jal	ra,1b6e <TIM_OC2PreloadConfig>
     c9a:	4585                	li	a1,1
     c9c:	40000537          	lui	a0,0x40000
     ca0:	6b5000ef          	jal	ra,1b54 <TIM_ARRPreloadConfig>
     ca4:	4585                	li	a1,1
     ca6:	40000537          	lui	a0,0x40000
     caa:	66b000ef          	jal	ra,1b14 <TIM_Cmd>
     cae:	06400593          	li	a1,100
     cb2:	38400513          	li	a0,900
     cb6:	3f09                	jal	bc8 <Buzzer_Play>
     cb8:	02810113          	addi	sp,sp,40
     cbc:	beeff06f          	j	aa <__riscv_restore_0>

00000cc0 <TIM1_UP_IRQHandler>:
     cc0:	1171                	addi	sp,sp,-4
     cc2:	40013537          	lui	a0,0x40013
     cc6:	c022                	sw	s0,0(sp)
     cc8:	4585                	li	a1,1
     cca:	c0050513          	addi	a0,a0,-1024 # 40012c00 <__global_pointer$+0x20012338>
     cce:	6e1000ef          	jal	ra,1bae <TIM_ClearITPendingBit>
     cd2:	cb818413          	addi	s0,gp,-840 # 20000580 <buzzer_ms>
     cd6:	201c                	lbu	a5,0(s0)
     cd8:	0ff7f793          	andi	a5,a5,255
     cdc:	ef89                	bnez	a5,cf6 <TIM1_UP_IRQHandler+0x36>
     cde:	4581                	li	a1,0
     ce0:	40000537          	lui	a0,0x40000
     ce4:	631000ef          	jal	ra,1b14 <TIM_Cmd>
     ce8:	00040023          	sb	zero,0(s0)
     cec:	2939                	jal	110a <BSP_TIM1_IQR_Callback>
     cee:	4402                	lw	s0,0(sp)
     cf0:	0111                	addi	sp,sp,4
     cf2:	30200073          	mret
     cf6:	201c                	lbu	a5,0(s0)
     cf8:	17fd                	addi	a5,a5,-1
     cfa:	0ff7f793          	andi	a5,a5,255
     cfe:	a01c                	sb	a5,0(s0)
     d00:	b7f5                	j	cec <TIM1_UP_IRQHandler+0x2c>

00000d02 <BSP_WS2812_Reset>:
     d02:	b9eff2ef          	jal	t0,a0 <__riscv_save_0>
     d06:	03200413          	li	s0,50
     d0a:	4589                	li	a1,2
     d0c:	40013537          	lui	a0,0x40013
     d10:	44b000ef          	jal	ra,195a <SPI_I2S_GetFlagStatus>
     d14:	d97d                	beqz	a0,d0a <BSP_WS2812_Reset+0x8>
     d16:	147d                	addi	s0,s0,-1
     d18:	4581                	li	a1,0
     d1a:	40013537          	lui	a0,0x40013
     d1e:	0ff47413          	andi	s0,s0,255
     d22:	435000ef          	jal	ra,1956 <SPI_I2S_SendData>
     d26:	f075                	bnez	s0,d0a <BSP_WS2812_Reset+0x8>
     d28:	b82ff06f          	j	aa <__riscv_restore_0>

00000d2c <BSP_WS2812_Set_Color>:
     d2c:	b74ff2ef          	jal	t0,a0 <__riscv_save_0>
     d30:	00851793          	slli	a5,a0,0x8
     d34:	00ff0737          	lui	a4,0xff0
     d38:	8ff9                	and	a5,a5,a4
     d3a:	66c1                	lui	a3,0x10
     d3c:	01055713          	srli	a4,a0,0x10
     d40:	16fd                	addi	a3,a3,-1
     d42:	0722                	slli	a4,a4,0x8
     d44:	8f75                	and	a4,a4,a3
     d46:	8fd9                	or	a5,a5,a4
     d48:	1171                	addi	sp,sp,-4
     d4a:	0ff57513          	andi	a0,a0,255
     d4e:	cbc18713          	addi	a4,gp,-836 # 20000584 <data2send>
     d52:	8d5d                	or	a0,a0,a5
     d54:	46e1                	li	a3,24
     d56:	4781                	li	a5,0
     d58:	4601                	li	a2,0
     d5a:	4481                	li	s1,0
     d5c:	cbc18593          	addi	a1,gp,-836 # 20000584 <data2send>
     d60:	c03a                	sw	a4,0(sp)
     d62:	431d                	li	t1,7
     d64:	00851713          	slli	a4,a0,0x8
     d68:	4299                	li	t0,6
     d6a:	00074363          	bltz	a4,d70 <BSP_WS2812_Set_Color+0x44>
     d6e:	4285                	li	t0,1
     d70:	4701                	li	a4,0
     d72:	00577463          	bgeu	a4,t0,d7a <BSP_WS2812_Set_Color+0x4e>
     d76:	0017e793          	ori	a5,a5,1
     d7a:	0605                	addi	a2,a2,1
     d7c:	0ff67613          	andi	a2,a2,255
     d80:	00661763          	bne	a2,t1,d8e <BSP_WS2812_Set_Color+0x62>
     d84:	a19c                	sb	a5,0(a1)
     d86:	0485                	addi	s1,s1,1
     d88:	0585                	addi	a1,a1,1
     d8a:	4781                	li	a5,0
     d8c:	4601                	li	a2,0
     d8e:	0705                	addi	a4,a4,1
     d90:	0786                	slli	a5,a5,0x1
     d92:	0ff77713          	andi	a4,a4,255
     d96:	0ff7f793          	andi	a5,a5,255
     d9a:	fc671ce3          	bne	a4,t1,d72 <BSP_WS2812_Set_Color+0x46>
     d9e:	16fd                	addi	a3,a3,-1
     da0:	0ff6f693          	andi	a3,a3,255
     da4:	0506                	slli	a0,a0,0x1
     da6:	fedd                	bnez	a3,d64 <BSP_WS2812_Set_Color+0x38>
     da8:	ca01                	beqz	a2,db8 <BSP_WS2812_Set_Color+0x8c>
     daa:	4721                	li	a4,8
     dac:	40c70633          	sub	a2,a4,a2
     db0:	00c797b3          	sll	a5,a5,a2
     db4:	a19c                	sb	a5,0(a1)
     db6:	0485                	addi	s1,s1,1
     db8:	04c2                	slli	s1,s1,0x10
     dba:	80c1                	srli	s1,s1,0x10
     dbc:	4401                	li	s0,0
     dbe:	00946663          	bltu	s0,s1,dca <BSP_WS2812_Set_Color+0x9e>
     dc2:	3781                	jal	d02 <BSP_WS2812_Reset>
     dc4:	0111                	addi	sp,sp,4
     dc6:	ae4ff06f          	j	aa <__riscv_restore_0>
     dca:	4589                	li	a1,2
     dcc:	40013537          	lui	a0,0x40013
     dd0:	38b000ef          	jal	ra,195a <SPI_I2S_GetFlagStatus>
     dd4:	d97d                	beqz	a0,dca <BSP_WS2812_Set_Color+0x9e>
     dd6:	4782                	lw	a5,0(sp)
     dd8:	40013537          	lui	a0,0x40013
     ddc:	00878733          	add	a4,a5,s0
     de0:	230c                	lbu	a1,0(a4)
     de2:	375000ef          	jal	ra,1956 <SPI_I2S_SendData>
     de6:	00140793          	addi	a5,s0,1
     dea:	0ff7f413          	andi	s0,a5,255
     dee:	bfc1                	j	dbe <BSP_WS2812_Set_Color+0x92>

00000df0 <BSP_WS2812_Init>:
     df0:	ab0ff2ef          	jal	t0,a0 <__riscv_save_0>
     df4:	1101                	addi	sp,sp,-32
     df6:	4585                	li	a1,1
     df8:	4541                	li	a0,16
     dfa:	c002                	sw	zero,0(sp)
     dfc:	c202                	sw	zero,4(sp)
     dfe:	c402                	sw	zero,8(sp)
     e00:	c602                	sw	zero,12(sp)
     e02:	c802                	sw	zero,16(sp)
     e04:	ca02                	sw	zero,20(sp)
     e06:	cc02                	sw	zero,24(sp)
     e08:	00011e23          	sh	zero,28(sp)
     e0c:	2a5000ef          	jal	ra,18b0 <RCC_APB2PeriphClockCmd>
     e10:	4585                	li	a1,1
     e12:	6505                	lui	a0,0x1
     e14:	29d000ef          	jal	ra,18b0 <RCC_APB2PeriphClockCmd>
     e18:	04000793          	li	a5,64
     e1c:	807c                	sh	a5,0(sp)
     e1e:	47e1                	li	a5,24
     e20:	c43e                	sw	a5,8(sp)
     e22:	858a                	mv	a1,sp
     e24:	478d                	li	a5,3
     e26:	40011537          	lui	a0,0x40011
     e2a:	c23e                	sw	a5,4(sp)
     e2c:	7c2000ef          	jal	ra,15ee <GPIO_Init>
     e30:	0104c7b7          	lui	a5,0x104c
     e34:	c63e                	sw	a5,12(sp)
     e36:	020007b7          	lui	a5,0x2000
     e3a:	ca3e                	sw	a5,20(sp)
     e3c:	47c1                	li	a5,16
     e3e:	cc3e                	sw	a5,24(sp)
     e40:	006c                	addi	a1,sp,12
     e42:	479d                	li	a5,7
     e44:	40013537          	lui	a0,0x40013
     e48:	86fc                	sh	a5,28(sp)
     e4a:	c802                	sw	zero,16(sp)
     e4c:	2bf000ef          	jal	ra,190a <SPI_Init>
     e50:	4585                	li	a1,1
     e52:	40013537          	lui	a0,0x40013
     e56:	2e7000ef          	jal	ra,193c <SPI_Cmd>
     e5a:	3565                	jal	d02 <BSP_WS2812_Reset>
     e5c:	453d                	li	a0,15
     e5e:	35f9                	jal	d2c <BSP_WS2812_Set_Color>
     e60:	6105                	addi	sp,sp,32
     e62:	a48ff06f          	j	aa <__riscv_restore_0>

00000e66 <NMI_Handler>:
     e66:	a001                	j	e66 <NMI_Handler>

00000e68 <HardFault_Handler>:
     e68:	beef07b7          	lui	a5,0xbeef0
     e6c:	e000e737          	lui	a4,0xe000e
     e70:	08078793          	addi	a5,a5,128 # beef0080 <__global_pointer$+0x9eeef7b8>
     e74:	c73c                	sw	a5,72(a4)
     e76:	a001                	j	e76 <HardFault_Handler+0xe>

00000e78 <OLED_Display>:
     e78:	a28ff2ef          	jal	t0,a0 <__riscv_save_0>
     e7c:	20000437          	lui	s0,0x20000
     e80:	0e442503          	lw	a0,228(s0) # 200000e4 <ADC_Value>
     e84:	1161                	addi	sp,sp,-8
     e86:	0e440413          	addi	s0,s0,228
     e8a:	2cb010ef          	jal	ra,2954 <__fixsfsi>
     e8e:	06400593          	li	a1,100
     e92:	84aa                	mv	s1,a0
     e94:	a90ff0ef          	jal	ra,124 <__modsi3>
     e98:	c02a                	sw	a0,0(sp)
     e9a:	06400593          	li	a1,100
     e9e:	8526                	mv	a0,s1
     ea0:	a2cff0ef          	jal	ra,cc <__divsi3>
     ea4:	4782                	lw	a5,0(sp)
     ea6:	000044b7          	lui	s1,0x4
     eaa:	ac448693          	addi	a3,s1,-1340 # 3ac4 <OLED_F8x16+0x3c4>
     eae:	872a                	mv	a4,a0
     eb0:	4621                	li	a2,8
     eb2:	45c1                	li	a1,16
     eb4:	4501                	li	a0,0
     eb6:	bd5ff0ef          	jal	ra,a8a <OLED_Printf>
     eba:	4048                	lw	a0,4(s0)
     ebc:	299010ef          	jal	ra,2954 <__fixsfsi>
     ec0:	06400593          	li	a1,100
     ec4:	c22a                	sw	a0,4(sp)
     ec6:	a5eff0ef          	jal	ra,124 <__modsi3>
     eca:	4712                	lw	a4,4(sp)
     ecc:	c02a                	sw	a0,0(sp)
     ece:	06400593          	li	a1,100
     ed2:	853a                	mv	a0,a4
     ed4:	9f8ff0ef          	jal	ra,cc <__divsi3>
     ed8:	4782                	lw	a5,0(sp)
     eda:	ac448693          	addi	a3,s1,-1340
     ede:	872a                	mv	a4,a0
     ee0:	4621                	li	a2,8
     ee2:	02000593          	li	a1,32
     ee6:	4501                	li	a0,0
     ee8:	ba3ff0ef          	jal	ra,a8a <OLED_Printf>
     eec:	4408                	lw	a0,8(s0)
     eee:	267010ef          	jal	ra,2954 <__fixsfsi>
     ef2:	06400593          	li	a1,100
     ef6:	c22a                	sw	a0,4(sp)
     ef8:	a2cff0ef          	jal	ra,124 <__modsi3>
     efc:	4712                	lw	a4,4(sp)
     efe:	c02a                	sw	a0,0(sp)
     f00:	06400593          	li	a1,100
     f04:	853a                	mv	a0,a4
     f06:	9c6ff0ef          	jal	ra,cc <__divsi3>
     f0a:	4782                	lw	a5,0(sp)
     f0c:	ac448693          	addi	a3,s1,-1340
     f10:	872a                	mv	a4,a0
     f12:	4621                	li	a2,8
     f14:	03000593          	li	a1,48
     f18:	4501                	li	a0,0
     f1a:	b71ff0ef          	jal	ra,a8a <OLED_Printf>
     f1e:	4448                	lw	a0,12(s0)
     f20:	235010ef          	jal	ra,2954 <__fixsfsi>
     f24:	06400593          	li	a1,100
     f28:	c22a                	sw	a0,4(sp)
     f2a:	9faff0ef          	jal	ra,124 <__modsi3>
     f2e:	4712                	lw	a4,4(sp)
     f30:	c02a                	sw	a0,0(sp)
     f32:	06400593          	li	a1,100
     f36:	853a                	mv	a0,a4
     f38:	994ff0ef          	jal	ra,cc <__divsi3>
     f3c:	4782                	lw	a5,0(sp)
     f3e:	ac448693          	addi	a3,s1,-1340
     f42:	872a                	mv	a4,a0
     f44:	4621                	li	a2,8
     f46:	45c1                	li	a1,16
     f48:	03600513          	li	a0,54
     f4c:	b3fff0ef          	jal	ra,a8a <OLED_Printf>
     f50:	4808                	lw	a0,16(s0)
     f52:	203010ef          	jal	ra,2954 <__fixsfsi>
     f56:	06400593          	li	a1,100
     f5a:	c22a                	sw	a0,4(sp)
     f5c:	9c8ff0ef          	jal	ra,124 <__modsi3>
     f60:	4712                	lw	a4,4(sp)
     f62:	c02a                	sw	a0,0(sp)
     f64:	06400593          	li	a1,100
     f68:	853a                	mv	a0,a4
     f6a:	962ff0ef          	jal	ra,cc <__divsi3>
     f6e:	4782                	lw	a5,0(sp)
     f70:	872a                	mv	a4,a0
     f72:	ac448693          	addi	a3,s1,-1340
     f76:	4621                	li	a2,8
     f78:	02000593          	li	a1,32
     f7c:	03600513          	li	a0,54
     f80:	b0bff0ef          	jal	ra,a8a <OLED_Printf>
     f84:	4848                	lw	a0,20(s0)
     f86:	1cf010ef          	jal	ra,2954 <__fixsfsi>
     f8a:	06400593          	li	a1,100
     f8e:	842a                	mv	s0,a0
     f90:	994ff0ef          	jal	ra,124 <__modsi3>
     f94:	c02a                	sw	a0,0(sp)
     f96:	06400593          	li	a1,100
     f9a:	8522                	mv	a0,s0
     f9c:	930ff0ef          	jal	ra,cc <__divsi3>
     fa0:	4782                	lw	a5,0(sp)
     fa2:	872a                	mv	a4,a0
     fa4:	ac448693          	addi	a3,s1,-1340
     fa8:	4621                	li	a2,8
     faa:	03000593          	li	a1,48
     fae:	03600513          	li	a0,54
     fb2:	ad9ff0ef          	jal	ra,a8a <OLED_Printf>
     fb6:	0121                	addi	sp,sp,8
     fb8:	8f2ff06f          	j	aa <__riscv_restore_0>

00000fbc <main>:
     fbc:	8e4ff2ef          	jal	t0,a0 <__riscv_save_0>
     fc0:	4505                	li	a0,1
     fc2:	7a0000ef          	jal	ra,1762 <NVIC_PriorityGroupConfig>
     fc6:	2c05                	jal	11f6 <SystemCoreClockUpdate>
     fc8:	4e9000ef          	jal	ra,1cb0 <Delay_Init>
     fcc:	af9ff0ef          	jal	ra,ac4 <BSP_TIM1_Init>
     fd0:	c33ff0ef          	jal	ra,c02 <BSP_TIM2_Init>
     fd4:	3d31                	jal	df0 <BSP_WS2812_Init>
     fd6:	e48ff0ef          	jal	ra,61e <BSP_Key_Init>
     fda:	c04ff0ef          	jal	ra,3de <BSP_Encoder_Init>
     fde:	a14ff0ef          	jal	ra,1f2 <BSP_ADC_Init>
     fe2:	fd2ff0ef          	jal	ra,7b4 <OLED_Init>
     fe6:	6571                	lui	a0,0x1c
     fe8:	20050513          	addi	a0,a0,512 # 1c200 <_data_lma+0x184f0>
     fec:	533000ef          	jal	ra,1d1e <USART_Printf_Init>
     ff0:	000046b7          	lui	a3,0x4
     ff4:	acc68693          	addi	a3,a3,-1332 # 3acc <OLED_F8x16+0x3cc>
     ff8:	4621                	li	a2,8
     ffa:	4581                	li	a1,0
     ffc:	4531                	li	a0,12
     ffe:	a8dff0ef          	jal	ra,a8a <OLED_Printf>
    1002:	000046b7          	lui	a3,0x4
    1006:	adc68693          	addi	a3,a3,-1316 # 3adc <OLED_F8x16+0x3dc>
    100a:	4621                	li	a2,8
    100c:	45c1                	li	a1,16
    100e:	07800513          	li	a0,120
    1012:	a79ff0ef          	jal	ra,a8a <OLED_Printf>
    1016:	000046b7          	lui	a3,0x4
    101a:	ae068693          	addi	a3,a3,-1312 # 3ae0 <OLED_F8x16+0x3e0>
    101e:	4621                	li	a2,8
    1020:	02000593          	li	a1,32
    1024:	07800513          	li	a0,120
    1028:	a63ff0ef          	jal	ra,a8a <OLED_Printf>
    102c:	000046b7          	lui	a3,0x4
    1030:	ae468693          	addi	a3,a3,-1308 # 3ae4 <OLED_F8x16+0x3e4>
    1034:	4621                	li	a2,8
    1036:	03000593          	li	a1,48
    103a:	07800513          	li	a0,120
    103e:	a4dff0ef          	jal	ra,a8a <OLED_Printf>
    1042:	200007b7          	lui	a5,0x20000
    1046:	0387a583          	lw	a1,56(a5) # 20000038 <SystemCoreClock>
    104a:	00004537          	lui	a0,0x4
    104e:	ae850513          	addi	a0,a0,-1304 # 3ae8 <OLED_F8x16+0x3e8>
    1052:	344010ef          	jal	ra,2396 <printf>
    1056:	2939                	jal	1474 <DBGMCU_GetCHIPID>
    1058:	85aa                	mv	a1,a0
    105a:	00004537          	lui	a0,0x4
    105e:	afc50513          	addi	a0,a0,-1284 # 3afc <OLED_F8x16+0x3fc>
    1062:	40013437          	lui	s0,0x40013
    1066:	330010ef          	jal	ra,2396 <printf>
    106a:	c0040413          	addi	s0,s0,-1024 # 40012c00 <__global_pointer$+0x20012338>
    106e:	adaff0ef          	jal	ra,348 <BSP_ADC_Loop>
    1072:	3519                	jal	e78 <OLED_Display>
    1074:	f08ff0ef          	jal	ra,77c <OLED_Update>
    1078:	c70ff0ef          	jal	ra,4e8 <BSP_Encoder_Get_Cnt>
    107c:	01051593          	slli	a1,a0,0x10
    1080:	81c1                	srli	a1,a1,0x10
    1082:	8522                	mv	a0,s0
    1084:	327000ef          	jal	ra,1baa <TIM_SetCompare3>
    1088:	b7dd                	j	106e <main+0xb2>

0000108a <BSP_Key_Task>:
    108a:	816ff2ef          	jal	t0,a0 <__riscv_save_0>
    108e:	daaff0ef          	jal	ra,638 <BSP_Key_Scan>
    1092:	200007b7          	lui	a5,0x20000
    1096:	01478793          	addi	a5,a5,20 # 20000014 <Key_Encoder>
    109a:	27d8                	lbu	a4,12(a5)
    109c:	0ff77713          	andi	a4,a4,255
    10a0:	c319                	beqz	a4,10a6 <BSP_Key_Task+0x1c>
    10a2:	00078623          	sb	zero,12(a5)
    10a6:	200007b7          	lui	a5,0x20000
    10aa:	00478793          	addi	a5,a5,4 # 20000004 <Key_Enable>
    10ae:	27d8                	lbu	a4,12(a5)
    10b0:	0ff77713          	andi	a4,a4,255
    10b4:	cb15                	beqz	a4,10e8 <BSP_Key_Task+0x5e>
    10b6:	00078623          	sb	zero,12(a5)
    10ba:	200007b7          	lui	a5,0x20000
    10be:	02478793          	addi	a5,a5,36 # 20000024 <flag.4302>
    10c2:	2398                	lbu	a4,0(a5)
    10c4:	c705                	beqz	a4,10ec <BSP_Key_Task+0x62>
    10c6:	02000593          	li	a1,32
    10ca:	40011537          	lui	a0,0x40011
    10ce:	00078023          	sb	zero,0(a5)
    10d2:	234d                	jal	1674 <GPIO_SetBits>
    10d4:	7d000513          	li	a0,2000
    10d8:	0c800593          	li	a1,200
    10dc:	aedff0ef          	jal	ra,bc8 <Buzzer_Play>
    10e0:	00ff0537          	lui	a0,0xff0
    10e4:	c49ff0ef          	jal	ra,d2c <BSP_WS2812_Set_Color>
    10e8:	fc3fe06f          	j	aa <__riscv_restore_0>
    10ec:	4705                	li	a4,1
    10ee:	0c800593          	li	a1,200
    10f2:	1b800513          	li	a0,440
    10f6:	a398                	sb	a4,0(a5)
    10f8:	ad1ff0ef          	jal	ra,bc8 <Buzzer_Play>
    10fc:	40011537          	lui	a0,0x40011
    1100:	02000593          	li	a1,32
    1104:	2b95                	jal	1678 <GPIO_ResetBits>
    1106:	453d                	li	a0,15
    1108:	bff1                	j	10e4 <BSP_Key_Task+0x5a>

0000110a <BSP_TIM1_IQR_Callback>:
    110a:	f97fe2ef          	jal	t0,a0 <__riscv_save_0>
    110e:	3fb5                	jal	108a <BSP_Key_Task>
    1110:	f9bfe06f          	j	aa <__riscv_restore_0>

00001114 <SystemInit>:
    1114:	f8dfe2ef          	jal	t0,a0 <__riscv_save_0>
    1118:	40021437          	lui	s0,0x40021
    111c:	401c                	lw	a5,0(s0)
    111e:	f8ff0737          	lui	a4,0xf8ff0
    1122:	4541                	li	a0,16
    1124:	0017e793          	ori	a5,a5,1
    1128:	c01c                	sw	a5,0(s0)
    112a:	405c                	lw	a5,4(s0)
    112c:	8ff9                	and	a5,a5,a4
    112e:	c05c                	sw	a5,4(s0)
    1130:	401c                	lw	a5,0(s0)
    1132:	fef70737          	lui	a4,0xfef70
    1136:	177d                	addi	a4,a4,-1
    1138:	8ff9                	and	a5,a5,a4
    113a:	c01c                	sw	a5,0(s0)
    113c:	401c                	lw	a5,0(s0)
    113e:	fffc0737          	lui	a4,0xfffc0
    1142:	177d                	addi	a4,a4,-1
    1144:	8ff9                	and	a5,a5,a4
    1146:	c01c                	sw	a5,0(s0)
    1148:	405c                	lw	a5,4(s0)
    114a:	7741                	lui	a4,0xffff0
    114c:	177d                	addi	a4,a4,-1
    114e:	8ff9                	and	a5,a5,a4
    1150:	c05c                	sw	a5,4(s0)
    1152:	009f07b7          	lui	a5,0x9f0
    1156:	c41c                	sw	a5,8(s0)
    1158:	2d8d                	jal	17ca <RCC_AdjustHSICalibrationValue>
    115a:	4c1c                	lw	a5,24(s0)
    115c:	0207e793          	ori	a5,a5,32
    1160:	cc1c                	sw	a5,24(s0)
    1162:	400117b7          	lui	a5,0x40011
    1166:	4007a703          	lw	a4,1024(a5) # 40011400 <__global_pointer$+0x20010b38>
    116a:	40078693          	addi	a3,a5,1024
    116e:	f0f77713          	andi	a4,a4,-241
    1172:	40e7a023          	sw	a4,1024(a5)
    1176:	4007a703          	lw	a4,1024(a5)
    117a:	08076713          	ori	a4,a4,128
    117e:	40e7a023          	sw	a4,1024(a5)
    1182:	4789                	li	a5,2
    1184:	ca9c                	sw	a5,16(a3)
    1186:	1ffff7b7          	lui	a5,0x1ffff
    118a:	7d47c503          	lbu	a0,2004(a5) # 1ffff7d4 <_data_lma+0x1fffbac4>
    118e:	0ff00793          	li	a5,255
    1192:	00f50463          	beq	a0,a5,119a <SystemInit+0x86>
    1196:	897d                	andi	a0,a0,31
    1198:	2d0d                	jal	17ca <RCC_AdjustHSICalibrationValue>
    119a:	400227b7          	lui	a5,0x40022
    119e:	4398                	lw	a4,0(a5)
    11a0:	76c1                	lui	a3,0xffff0
    11a2:	16fd                	addi	a3,a3,-1
    11a4:	9b71                	andi	a4,a4,-4
    11a6:	c398                	sw	a4,0(a5)
    11a8:	4398                	lw	a4,0(a5)
    11aa:	00176713          	ori	a4,a4,1
    11ae:	c398                	sw	a4,0(a5)
    11b0:	400217b7          	lui	a5,0x40021
    11b4:	43d8                	lw	a4,4(a5)
    11b6:	c3d8                	sw	a4,4(a5)
    11b8:	43d8                	lw	a4,4(a5)
    11ba:	8f75                	and	a4,a4,a3
    11bc:	c3d8                	sw	a4,4(a5)
    11be:	43d8                	lw	a4,4(a5)
    11c0:	010006b7          	lui	a3,0x1000
    11c4:	c3d8                	sw	a4,4(a5)
    11c6:	4398                	lw	a4,0(a5)
    11c8:	8f55                	or	a4,a4,a3
    11ca:	c398                	sw	a4,0(a5)
    11cc:	4398                	lw	a4,0(a5)
    11ce:	00671693          	slli	a3,a4,0x6
    11d2:	fe06dde3          	bgez	a3,11cc <SystemInit+0xb8>
    11d6:	43d8                	lw	a4,4(a5)
    11d8:	400216b7          	lui	a3,0x40021
    11dc:	9b71                	andi	a4,a4,-4
    11de:	c3d8                	sw	a4,4(a5)
    11e0:	43d8                	lw	a4,4(a5)
    11e2:	00276713          	ori	a4,a4,2
    11e6:	c3d8                	sw	a4,4(a5)
    11e8:	4721                	li	a4,8
    11ea:	42dc                	lw	a5,4(a3)
    11ec:	8bb1                	andi	a5,a5,12
    11ee:	fee79ee3          	bne	a5,a4,11ea <SystemInit+0xd6>
    11f2:	eb9fe06f          	j	aa <__riscv_restore_0>

000011f6 <SystemCoreClockUpdate>:
    11f6:	eabfe2ef          	jal	t0,a0 <__riscv_save_0>
    11fa:	40021737          	lui	a4,0x40021
    11fe:	435c                	lw	a5,4(a4)
    1200:	20000437          	lui	s0,0x20000
    1204:	4691                	li	a3,4
    1206:	8bb1                	andi	a5,a5,12
    1208:	03840413          	addi	s0,s0,56 # 20000038 <SystemCoreClock>
    120c:	00d78563          	beq	a5,a3,1216 <SystemCoreClockUpdate+0x20>
    1210:	46a1                	li	a3,8
    1212:	04d78263          	beq	a5,a3,1256 <SystemCoreClockUpdate+0x60>
    1216:	016e37b7          	lui	a5,0x16e3
    121a:	60078793          	addi	a5,a5,1536 # 16e3600 <_data_lma+0x16df8f0>
    121e:	c01c                	sw	a5,0(s0)
    1220:	400216b7          	lui	a3,0x40021
    1224:	42dc                	lw	a5,4(a3)
    1226:	4008                	lw	a0,0(s0)
    1228:	8391                	srli	a5,a5,0x4
    122a:	00f7f713          	andi	a4,a5,15
    122e:	200007b7          	lui	a5,0x20000
    1232:	02878793          	addi	a5,a5,40 # 20000028 <AHBPrescTable>
    1236:	97ba                	add	a5,a5,a4
    1238:	238c                	lbu	a1,0(a5)
    123a:	42dc                	lw	a5,4(a3)
    123c:	0ff5f593          	andi	a1,a1,255
    1240:	0807f793          	andi	a5,a5,128
    1244:	00b55733          	srl	a4,a0,a1
    1248:	e781                	bnez	a5,1250 <SystemCoreClockUpdate+0x5a>
    124a:	e8bfe0ef          	jal	ra,d4 <__udivsi3>
    124e:	872a                	mv	a4,a0
    1250:	c018                	sw	a4,0(s0)
    1252:	e59fe06f          	j	aa <__riscv_restore_0>
    1256:	435c                	lw	a5,4(a4)
    1258:	02dc77b7          	lui	a5,0x2dc7
    125c:	c0078793          	addi	a5,a5,-1024 # 2dc6c00 <_data_lma+0x2dc2ef0>
    1260:	bf7d                	j	121e <SystemCoreClockUpdate+0x28>

00001262 <ADC1_IRQHandler>:
    1262:	a001                	j	1262 <ADC1_IRQHandler>

00001264 <handle_reset>:
    1264:	1ffff197          	auipc	gp,0x1ffff
    1268:	66418193          	addi	gp,gp,1636 # 200008c8 <__global_pointer$>
    126c:	f3818113          	addi	sp,gp,-200 # 20000800 <_eusrstack>
    1270:	0a000513          	li	a0,160
    1274:	1ffff597          	auipc	a1,0x1ffff
    1278:	d8c58593          	addi	a1,a1,-628 # 20000000 <_highcode_vma_end>
    127c:	1ffff617          	auipc	a2,0x1ffff
    1280:	d8460613          	addi	a2,a2,-636 # 20000000 <_highcode_vma_end>
    1284:	00c5fa63          	bgeu	a1,a2,1298 <handle_reset+0x34>
    1288:	00052283          	lw	t0,0(a0) # 40011000 <__global_pointer$+0x20010738>
    128c:	0055a023          	sw	t0,0(a1)
    1290:	0511                	addi	a0,a0,4
    1292:	0591                	addi	a1,a1,4
    1294:	fec5eae3          	bltu	a1,a2,1288 <handle_reset+0x24>
    1298:	00003517          	auipc	a0,0x3
    129c:	a7850513          	addi	a0,a0,-1416 # 3d10 <_data_lma>
    12a0:	1ffff597          	auipc	a1,0x1ffff
    12a4:	d6058593          	addi	a1,a1,-672 # 20000000 <_highcode_vma_end>
    12a8:	80818613          	addi	a2,gp,-2040 # 200000d0 <_edata>
    12ac:	00c5fa63          	bgeu	a1,a2,12c0 <handle_reset+0x5c>
    12b0:	00052283          	lw	t0,0(a0)
    12b4:	0055a023          	sw	t0,0(a1)
    12b8:	0511                	addi	a0,a0,4
    12ba:	0591                	addi	a1,a1,4
    12bc:	fec5eae3          	bltu	a1,a2,12b0 <handle_reset+0x4c>
    12c0:	80818513          	addi	a0,gp,-2040 # 200000d0 <_edata>
    12c4:	ce818593          	addi	a1,gp,-792 # 200005b0 <_ebss>
    12c8:	00b57763          	bgeu	a0,a1,12d6 <handle_reset+0x72>
    12cc:	00052023          	sw	zero,0(a0)
    12d0:	0511                	addi	a0,a0,4
    12d2:	feb56de3          	bltu	a0,a1,12cc <handle_reset+0x68>
    12d6:	000022b7          	lui	t0,0x2
    12da:	88028293          	addi	t0,t0,-1920 # 1880 <RCC_GetClocksFreq+0x90>
    12de:	30029073          	csrw	mstatus,t0
    12e2:	428d                	li	t0,3
    12e4:	80429073          	csrw	0x804,t0
    12e8:	fffff297          	auipc	t0,0xfffff
    12ec:	d1828293          	addi	t0,t0,-744 # 0 <_sinit>
    12f0:	0032e293          	ori	t0,t0,3
    12f4:	30529073          	csrw	mtvec,t0
    12f8:	e1dff0ef          	jal	ra,1114 <SystemInit>
    12fc:	00000297          	auipc	t0,0x0
    1300:	cc028293          	addi	t0,t0,-832 # fbc <main>
    1304:	34129073          	csrw	mepc,t0
    1308:	30200073          	mret

0000130c <ADC_DeInit>:
    130c:	400127b7          	lui	a5,0x40012
    1310:	40078793          	addi	a5,a5,1024 # 40012400 <__global_pointer$+0x20011b38>
    1314:	00f51e63          	bne	a0,a5,1330 <ADC_DeInit+0x24>
    1318:	d89fe2ef          	jal	t0,a0 <__riscv_save_0>
    131c:	4585                	li	a1,1
    131e:	20000513          	li	a0,512
    1322:	23e9                	jal	18ec <RCC_APB2PeriphResetCmd>
    1324:	4581                	li	a1,0
    1326:	20000513          	li	a0,512
    132a:	23c9                	jal	18ec <RCC_APB2PeriphResetCmd>
    132c:	d7ffe06f          	j	aa <__riscv_restore_0>
    1330:	8082                	ret

00001332 <ADC_Init>:
    1332:	415c                	lw	a5,4(a0)
    1334:	fff10737          	lui	a4,0xfff10
    1338:	eff70713          	addi	a4,a4,-257 # fff0feff <__global_pointer$+0xdff0f637>
    133c:	8f7d                	and	a4,a4,a5
    133e:	41dc                	lw	a5,4(a1)
    1340:	4194                	lw	a3,0(a1)
    1342:	07a2                	slli	a5,a5,0x8
    1344:	8fd5                	or	a5,a5,a3
    1346:	8fd9                	or	a5,a5,a4
    1348:	c15c                	sw	a5,4(a0)
    134a:	451c                	lw	a5,8(a0)
    134c:	fff1f737          	lui	a4,0xfff1f
    1350:	7fd70713          	addi	a4,a4,2045 # fff1f7fd <__global_pointer$+0xdff1ef35>
    1354:	45d4                	lw	a3,12(a1)
    1356:	8f7d                	and	a4,a4,a5
    1358:	499c                	lw	a5,16(a1)
    135a:	8fd5                	or	a5,a5,a3
    135c:	4594                	lw	a3,8(a1)
    135e:	0686                	slli	a3,a3,0x1
    1360:	8fd5                	or	a5,a5,a3
    1362:	8fd9                	or	a5,a5,a4
    1364:	c51c                	sw	a5,8(a0)
    1366:	555c                	lw	a5,44(a0)
    1368:	ff100737          	lui	a4,0xff100
    136c:	177d                	addi	a4,a4,-1
    136e:	8f7d                	and	a4,a4,a5
    1370:	29dc                	lbu	a5,20(a1)
    1372:	17fd                	addi	a5,a5,-1
    1374:	0ff7f793          	andi	a5,a5,255
    1378:	07d2                	slli	a5,a5,0x14
    137a:	8fd9                	or	a5,a5,a4
    137c:	d55c                	sw	a5,44(a0)
    137e:	8082                	ret

00001380 <ADC_Cmd>:
    1380:	451c                	lw	a5,8(a0)
    1382:	c589                	beqz	a1,138c <ADC_Cmd+0xc>
    1384:	0017e793          	ori	a5,a5,1
    1388:	c51c                	sw	a5,8(a0)
    138a:	8082                	ret
    138c:	9bf9                	andi	a5,a5,-2
    138e:	bfed                	j	1388 <ADC_Cmd+0x8>

00001390 <ADC_DMACmd>:
    1390:	451c                	lw	a5,8(a0)
    1392:	c589                	beqz	a1,139c <ADC_DMACmd+0xc>
    1394:	1007e793          	ori	a5,a5,256
    1398:	c51c                	sw	a5,8(a0)
    139a:	8082                	ret
    139c:	eff7f793          	andi	a5,a5,-257
    13a0:	bfe5                	j	1398 <ADC_DMACmd+0x8>

000013a2 <ADC_SoftwareStartConvCmd>:
    13a2:	451c                	lw	a5,8(a0)
    13a4:	c591                	beqz	a1,13b0 <ADC_SoftwareStartConvCmd+0xe>
    13a6:	00500737          	lui	a4,0x500
    13aa:	8fd9                	or	a5,a5,a4
    13ac:	c51c                	sw	a5,8(a0)
    13ae:	8082                	ret
    13b0:	ffb00737          	lui	a4,0xffb00
    13b4:	177d                	addi	a4,a4,-1
    13b6:	8ff9                	and	a5,a5,a4
    13b8:	bfd5                	j	13ac <ADC_SoftwareStartConvCmd+0xa>

000013ba <ADC_RegularChannelConfig>:
    13ba:	47a5                	li	a5,9
    13bc:	04b7f863          	bgeu	a5,a1,140c <ADC_RegularChannelConfig+0x52>
    13c0:	ff658713          	addi	a4,a1,-10
    13c4:	00171793          	slli	a5,a4,0x1
    13c8:	00c52283          	lw	t0,12(a0)
    13cc:	97ba                	add	a5,a5,a4
    13ce:	431d                	li	t1,7
    13d0:	00f31333          	sll	t1,t1,a5
    13d4:	fff34313          	not	t1,t1
    13d8:	00537333          	and	t1,t1,t0
    13dc:	00f697b3          	sll	a5,a3,a5
    13e0:	0067e7b3          	or	a5,a5,t1
    13e4:	c55c                	sw	a5,12(a0)
    13e6:	4799                	li	a5,6
    13e8:	04c7e363          	bltu	a5,a2,142e <ADC_RegularChannelConfig+0x74>
    13ec:	167d                	addi	a2,a2,-1
    13ee:	00261793          	slli	a5,a2,0x2
    13f2:	963e                	add	a2,a2,a5
    13f4:	5958                	lw	a4,52(a0)
    13f6:	47fd                	li	a5,31
    13f8:	00c797b3          	sll	a5,a5,a2
    13fc:	fff7c793          	not	a5,a5
    1400:	8ff9                	and	a5,a5,a4
    1402:	00c595b3          	sll	a1,a1,a2
    1406:	8ddd                	or	a1,a1,a5
    1408:	d94c                	sw	a1,52(a0)
    140a:	8082                	ret
    140c:	00159793          	slli	a5,a1,0x1
    1410:	01052303          	lw	t1,16(a0)
    1414:	97ae                	add	a5,a5,a1
    1416:	471d                	li	a4,7
    1418:	00f71733          	sll	a4,a4,a5
    141c:	fff74713          	not	a4,a4
    1420:	00677733          	and	a4,a4,t1
    1424:	00f697b3          	sll	a5,a3,a5
    1428:	8f5d                	or	a4,a4,a5
    142a:	c918                	sw	a4,16(a0)
    142c:	bf6d                	j	13e6 <ADC_RegularChannelConfig+0x2c>
    142e:	47b1                	li	a5,12
    1430:	02c7e263          	bltu	a5,a2,1454 <ADC_RegularChannelConfig+0x9a>
    1434:	1665                	addi	a2,a2,-7
    1436:	00261793          	slli	a5,a2,0x2
    143a:	963e                	add	a2,a2,a5
    143c:	5918                	lw	a4,48(a0)
    143e:	47fd                	li	a5,31
    1440:	00c797b3          	sll	a5,a5,a2
    1444:	fff7c793          	not	a5,a5
    1448:	8ff9                	and	a5,a5,a4
    144a:	00c595b3          	sll	a1,a1,a2
    144e:	8ddd                	or	a1,a1,a5
    1450:	d90c                	sw	a1,48(a0)
    1452:	8082                	ret
    1454:	164d                	addi	a2,a2,-13
    1456:	00261713          	slli	a4,a2,0x2
    145a:	5554                	lw	a3,44(a0)
    145c:	963a                	add	a2,a2,a4
    145e:	47fd                	li	a5,31
    1460:	00c797b3          	sll	a5,a5,a2
    1464:	fff7c793          	not	a5,a5
    1468:	8ff5                	and	a5,a5,a3
    146a:	00c595b3          	sll	a1,a1,a2
    146e:	8ddd                	or	a1,a1,a5
    1470:	d54c                	sw	a1,44(a0)
    1472:	8082                	ret

00001474 <DBGMCU_GetCHIPID>:
    1474:	1ffff7b7          	lui	a5,0x1ffff
    1478:	7c47a503          	lw	a0,1988(a5) # 1ffff7c4 <_data_lma+0x1fffbab4>
    147c:	8082                	ret

0000147e <DMA_DeInit>:
    147e:	411c                	lw	a5,0(a0)
    1480:	6741                	lui	a4,0x10
    1482:	1779                	addi	a4,a4,-2
    1484:	8ff9                	and	a5,a5,a4
    1486:	c11c                	sw	a5,0(a0)
    1488:	00052023          	sw	zero,0(a0)
    148c:	00052223          	sw	zero,4(a0)
    1490:	00052423          	sw	zero,8(a0)
    1494:	400207b7          	lui	a5,0x40020
    1498:	00052623          	sw	zero,12(a0)
    149c:	00878713          	addi	a4,a5,8 # 40020008 <__global_pointer$+0x2001f740>
    14a0:	00e51763          	bne	a0,a4,14ae <DMA_DeInit+0x30>
    14a4:	43d8                	lw	a4,4(a5)
    14a6:	00f76713          	ori	a4,a4,15
    14aa:	c3d8                	sw	a4,4(a5)
    14ac:	8082                	ret
    14ae:	01c78713          	addi	a4,a5,28
    14b2:	00e51663          	bne	a0,a4,14be <DMA_DeInit+0x40>
    14b6:	43d8                	lw	a4,4(a5)
    14b8:	0f076713          	ori	a4,a4,240
    14bc:	b7fd                	j	14aa <DMA_DeInit+0x2c>
    14be:	03078713          	addi	a4,a5,48
    14c2:	00e51863          	bne	a0,a4,14d2 <DMA_DeInit+0x54>
    14c6:	43d8                	lw	a4,4(a5)
    14c8:	6685                	lui	a3,0x1
    14ca:	f0068693          	addi	a3,a3,-256 # f00 <OLED_Display+0x88>
    14ce:	8f55                	or	a4,a4,a3
    14d0:	bfe9                	j	14aa <DMA_DeInit+0x2c>
    14d2:	04478713          	addi	a4,a5,68
    14d6:	00e51563          	bne	a0,a4,14e0 <DMA_DeInit+0x62>
    14da:	43d8                	lw	a4,4(a5)
    14dc:	66bd                	lui	a3,0xf
    14de:	bfc5                	j	14ce <DMA_DeInit+0x50>
    14e0:	05878713          	addi	a4,a5,88
    14e4:	00e51663          	bne	a0,a4,14f0 <DMA_DeInit+0x72>
    14e8:	43d8                	lw	a4,4(a5)
    14ea:	000f06b7          	lui	a3,0xf0
    14ee:	b7c5                	j	14ce <DMA_DeInit+0x50>
    14f0:	06c78713          	addi	a4,a5,108
    14f4:	00e51663          	bne	a0,a4,1500 <DMA_DeInit+0x82>
    14f8:	43d8                	lw	a4,4(a5)
    14fa:	00f006b7          	lui	a3,0xf00
    14fe:	bfc1                	j	14ce <DMA_DeInit+0x50>
    1500:	08078713          	addi	a4,a5,128
    1504:	fae514e3          	bne	a0,a4,14ac <DMA_DeInit+0x2e>
    1508:	43d8                	lw	a4,4(a5)
    150a:	0f0006b7          	lui	a3,0xf000
    150e:	b7c1                	j	14ce <DMA_DeInit+0x50>

00001510 <DMA_Init>:
    1510:	4118                	lw	a4,0(a0)
    1512:	77e1                	lui	a5,0xffff8
    1514:	07bd                	addi	a5,a5,15
    1516:	5194                	lw	a3,32(a1)
    1518:	8f7d                	and	a4,a4,a5
    151a:	459c                	lw	a5,8(a1)
    151c:	8fd5                	or	a5,a5,a3
    151e:	4994                	lw	a3,16(a1)
    1520:	8fd5                	or	a5,a5,a3
    1522:	49d4                	lw	a3,20(a1)
    1524:	8fd5                	or	a5,a5,a3
    1526:	4d94                	lw	a3,24(a1)
    1528:	8fd5                	or	a5,a5,a3
    152a:	4dd4                	lw	a3,28(a1)
    152c:	8fd5                	or	a5,a5,a3
    152e:	51d4                	lw	a3,36(a1)
    1530:	8fd5                	or	a5,a5,a3
    1532:	5594                	lw	a3,40(a1)
    1534:	8fd5                	or	a5,a5,a3
    1536:	8fd9                	or	a5,a5,a4
    1538:	c11c                	sw	a5,0(a0)
    153a:	45dc                	lw	a5,12(a1)
    153c:	c15c                	sw	a5,4(a0)
    153e:	419c                	lw	a5,0(a1)
    1540:	c51c                	sw	a5,8(a0)
    1542:	41dc                	lw	a5,4(a1)
    1544:	c55c                	sw	a5,12(a0)
    1546:	8082                	ret

00001548 <DMA_Cmd>:
    1548:	411c                	lw	a5,0(a0)
    154a:	c589                	beqz	a1,1554 <DMA_Cmd+0xc>
    154c:	0017e793          	ori	a5,a5,1
    1550:	c11c                	sw	a5,0(a0)
    1552:	8082                	ret
    1554:	6741                	lui	a4,0x10
    1556:	1779                	addi	a4,a4,-2
    1558:	8ff9                	and	a5,a5,a4
    155a:	bfdd                	j	1550 <DMA_Cmd+0x8>

0000155c <EXTI_Init>:
    155c:	4158                	lw	a4,4(a0)
    155e:	00052303          	lw	t1,0(a0)
    1562:	454c                	lw	a1,12(a0)
    1564:	40010637          	lui	a2,0x40010
    1568:	40060793          	addi	a5,a2,1024 # 40010400 <__global_pointer$+0x2000fb38>
    156c:	973e                	add	a4,a4,a5
    156e:	fff34693          	not	a3,t1
    1572:	c5b1                	beqz	a1,15be <EXTI_Init+0x62>
    1574:	40062583          	lw	a1,1024(a2)
    1578:	8df5                	and	a1,a1,a3
    157a:	40b62023          	sw	a1,1024(a2)
    157e:	43d0                	lw	a2,4(a5)
    1580:	8ef1                	and	a3,a3,a2
    1582:	c3d4                	sw	a3,4(a5)
    1584:	4314                	lw	a3,0(a4)
    1586:	0066e6b3          	or	a3,a3,t1
    158a:	c314                	sw	a3,0(a4)
    158c:	4118                	lw	a4,0(a0)
    158e:	4790                	lw	a2,8(a5)
    1590:	fff74693          	not	a3,a4
    1594:	8e75                	and	a2,a2,a3
    1596:	c790                	sw	a2,8(a5)
    1598:	47d0                	lw	a2,12(a5)
    159a:	8ef1                	and	a3,a3,a2
    159c:	c7d4                	sw	a3,12(a5)
    159e:	4514                	lw	a3,8(a0)
    15a0:	4641                	li	a2,16
    15a2:	00c69963          	bne	a3,a2,15b4 <EXTI_Init+0x58>
    15a6:	4794                	lw	a3,8(a5)
    15a8:	8ed9                	or	a3,a3,a4
    15aa:	c794                	sw	a3,8(a5)
    15ac:	47d4                	lw	a3,12(a5)
    15ae:	8f55                	or	a4,a4,a3
    15b0:	c7d8                	sw	a4,12(a5)
    15b2:	8082                	ret
    15b4:	97b6                	add	a5,a5,a3
    15b6:	4394                	lw	a3,0(a5)
    15b8:	8f55                	or	a4,a4,a3
    15ba:	c398                	sw	a4,0(a5)
    15bc:	8082                	ret
    15be:	431c                	lw	a5,0(a4)
    15c0:	8ff5                	and	a5,a5,a3
    15c2:	c31c                	sw	a5,0(a4)
    15c4:	8082                	ret

000015c6 <EXTI_GetITStatus>:
    15c6:	400107b7          	lui	a5,0x40010
    15ca:	40078713          	addi	a4,a5,1024 # 40010400 <__global_pointer$+0x2000fb38>
    15ce:	4007a783          	lw	a5,1024(a5)
    15d2:	4b58                	lw	a4,20(a4)
    15d4:	8f69                	and	a4,a4,a0
    15d6:	c709                	beqz	a4,15e0 <EXTI_GetITStatus+0x1a>
    15d8:	8d7d                	and	a0,a0,a5
    15da:	00a03533          	snez	a0,a0
    15de:	8082                	ret
    15e0:	4501                	li	a0,0
    15e2:	8082                	ret

000015e4 <EXTI_ClearITPendingBit>:
    15e4:	400107b7          	lui	a5,0x40010
    15e8:	40a7aa23          	sw	a0,1044(a5) # 40010414 <__global_pointer$+0x2000fb4c>
    15ec:	8082                	ret

000015ee <GPIO_Init>:
    15ee:	4594                	lw	a3,8(a1)
    15f0:	0106f793          	andi	a5,a3,16
    15f4:	00f6f293          	andi	t0,a3,15
    15f8:	c781                	beqz	a5,1600 <GPIO_Init+0x12>
    15fa:	41dc                	lw	a5,4(a1)
    15fc:	00f2e2b3          	or	t0,t0,a5
    1600:	0005d383          	lhu	t2,0(a1)
    1604:	0ff3f793          	andi	a5,t2,255
    1608:	c3a5                	beqz	a5,1668 <GPIO_Init+0x7a>
    160a:	00052303          	lw	t1,0(a0)
    160e:	1161                	addi	sp,sp,-8
    1610:	c222                	sw	s0,4(sp)
    1612:	c026                	sw	s1,0(sp)
    1614:	4781                	li	a5,0
    1616:	02800413          	li	s0,40
    161a:	04800493          	li	s1,72
    161e:	4705                	li	a4,1
    1620:	00f71633          	sll	a2,a4,a5
    1624:	00c3f733          	and	a4,t2,a2
    1628:	02e61263          	bne	a2,a4,164c <GPIO_Init+0x5e>
    162c:	00279593          	slli	a1,a5,0x2
    1630:	473d                	li	a4,15
    1632:	00b71733          	sll	a4,a4,a1
    1636:	fff74713          	not	a4,a4
    163a:	00677333          	and	t1,a4,t1
    163e:	00b295b3          	sll	a1,t0,a1
    1642:	0065e333          	or	t1,a1,t1
    1646:	00869d63          	bne	a3,s0,1660 <GPIO_Init+0x72>
    164a:	c950                	sw	a2,20(a0)
    164c:	0785                	addi	a5,a5,1
    164e:	4721                	li	a4,8
    1650:	fce797e3          	bne	a5,a4,161e <GPIO_Init+0x30>
    1654:	4412                	lw	s0,4(sp)
    1656:	00652023          	sw	t1,0(a0)
    165a:	4482                	lw	s1,0(sp)
    165c:	0121                	addi	sp,sp,8
    165e:	8082                	ret
    1660:	fe9696e3          	bne	a3,s1,164c <GPIO_Init+0x5e>
    1664:	c910                	sw	a2,16(a0)
    1666:	b7dd                	j	164c <GPIO_Init+0x5e>
    1668:	8082                	ret

0000166a <GPIO_ReadInputDataBit>:
    166a:	4508                	lw	a0,8(a0)
    166c:	8d6d                	and	a0,a0,a1
    166e:	00a03533          	snez	a0,a0
    1672:	8082                	ret

00001674 <GPIO_SetBits>:
    1674:	c90c                	sw	a1,16(a0)
    1676:	8082                	ret

00001678 <GPIO_ResetBits>:
    1678:	c94c                	sw	a1,20(a0)
    167a:	8082                	ret

0000167c <GPIO_PinRemapConfig>:
    167c:	40010337          	lui	t1,0x40010
    1680:	00432703          	lw	a4,4(t1) # 40010004 <__global_pointer$+0x2000f73c>
    1684:	00351793          	slli	a5,a0,0x3
    1688:	0207d063          	bgez	a5,16a8 <GPIO_PinRemapConfig+0x2c>
    168c:	ffc007b7          	lui	a5,0xffc00
    1690:	17f5                	addi	a5,a5,-3
    1692:	8ff9                	and	a5,a5,a4
    1694:	07000737          	lui	a4,0x7000
    1698:	8fd9                	or	a5,a5,a4
    169a:	cdd9                	beqz	a1,1738 <GPIO_PinRemapConfig+0xbc>
    169c:	f0000737          	lui	a4,0xf0000
    16a0:	177d                	addi	a4,a4,-1
    16a2:	8d79                	and	a0,a0,a4
    16a4:	8fc9                	or	a5,a5,a0
    16a6:	a849                	j	1738 <GPIO_PinRemapConfig+0xbc>
    16a8:	00055d63          	bgez	a0,16c2 <GPIO_PinRemapConfig+0x46>
    16ac:	ffe007b7          	lui	a5,0xffe00
    16b0:	17ed                	addi	a5,a5,-5
    16b2:	8ff9                	and	a5,a5,a4
    16b4:	07000737          	lui	a4,0x7000
    16b8:	8fd9                	or	a5,a5,a4
    16ba:	cdbd                	beqz	a1,1738 <GPIO_PinRemapConfig+0xbc>
    16bc:	0506                	slli	a0,a0,0x1
    16be:	8105                	srli	a0,a0,0x1
    16c0:	b7d5                	j	16a4 <GPIO_PinRemapConfig+0x28>
    16c2:	003007b7          	lui	a5,0x300
    16c6:	01051693          	slli	a3,a0,0x10
    16ca:	00f57633          	and	a2,a0,a5
    16ce:	82c1                	srli	a3,a3,0x10
    16d0:	02f61363          	bne	a2,a5,16f6 <GPIO_PinRemapConfig+0x7a>
    16d4:	f9000637          	lui	a2,0xf9000
    16d8:	167d                	addi	a2,a2,-1
    16da:	00c777b3          	and	a5,a4,a2
    16de:	00432703          	lw	a4,4(t1)
    16e2:	8e79                	and	a2,a2,a4
    16e4:	00c32223          	sw	a2,4(t1)
    16e8:	c9a1                	beqz	a1,1738 <GPIO_PinRemapConfig+0xbc>
    16ea:	8155                	srli	a0,a0,0x15
    16ec:	00451713          	slli	a4,a0,0x4
    16f0:	00e69533          	sll	a0,a3,a4
    16f4:	bf45                	j	16a4 <GPIO_PinRemapConfig+0x28>
    16f6:	00b51793          	slli	a5,a0,0xb
    16fa:	0207d463          	bgez	a5,1722 <GPIO_PinRemapConfig+0xa6>
    16fe:	01055793          	srli	a5,a0,0x10
    1702:	00f7f613          	andi	a2,a5,15
    1706:	478d                	li	a5,3
    1708:	00c797b3          	sll	a5,a5,a2
    170c:	fff7c793          	not	a5,a5
    1710:	8ff9                	and	a5,a5,a4
    1712:	07000737          	lui	a4,0x7000
    1716:	8fd9                	or	a5,a5,a4
    1718:	c185                	beqz	a1,1738 <GPIO_PinRemapConfig+0xbc>
    171a:	01555713          	srli	a4,a0,0x15
    171e:	0712                	slli	a4,a4,0x4
    1720:	bfc1                	j	16f0 <GPIO_PinRemapConfig+0x74>
    1722:	8155                	srli	a0,a0,0x15
    1724:	0512                	slli	a0,a0,0x4
    1726:	00a69533          	sll	a0,a3,a0
    172a:	fff54793          	not	a5,a0
    172e:	8ff9                	and	a5,a5,a4
    1730:	07000737          	lui	a4,0x7000
    1734:	8fd9                	or	a5,a5,a4
    1736:	f5bd                	bnez	a1,16a4 <GPIO_PinRemapConfig+0x28>
    1738:	40010737          	lui	a4,0x40010
    173c:	c35c                	sw	a5,4(a4)
    173e:	8082                	ret

00001740 <GPIO_EXTILineConfig>:
    1740:	40010737          	lui	a4,0x40010
    1744:	4714                	lw	a3,8(a4)
    1746:	0586                	slli	a1,a1,0x1
    1748:	478d                	li	a5,3
    174a:	00b797b3          	sll	a5,a5,a1
    174e:	fff7c793          	not	a5,a5
    1752:	8ff5                	and	a5,a5,a3
    1754:	c71c                	sw	a5,8(a4)
    1756:	471c                	lw	a5,8(a4)
    1758:	00b515b3          	sll	a1,a0,a1
    175c:	8ddd                	or	a1,a1,a5
    175e:	c70c                	sw	a1,8(a4)
    1760:	8082                	ret

00001762 <NVIC_PriorityGroupConfig>:
    1762:	cca1ae23          	sw	a0,-804(gp) # 200005a4 <NVIC_Priority_Group>
    1766:	8082                	ret

00001768 <NVIC_Init>:
    1768:	cdc1a683          	lw	a3,-804(gp) # 200005a4 <NVIC_Priority_Group>
    176c:	4785                	li	a5,1
    176e:	2118                	lbu	a4,0(a0)
    1770:	02f69063          	bne	a3,a5,1790 <NVIC_Init+0x28>
    1774:	311c                	lbu	a5,1(a0)
    1776:	02d79c63          	bne	a5,a3,17ae <NVIC_Init+0x46>
    177a:	213c                	lbu	a5,2(a0)
    177c:	079a                	slli	a5,a5,0x6
    177e:	f807e793          	ori	a5,a5,-128
    1782:	e000e6b7          	lui	a3,0xe000e
    1786:	0ff7f793          	andi	a5,a5,255
    178a:	96ba                	add	a3,a3,a4
    178c:	40f68023          	sb	a5,1024(a3) # e000e400 <__global_pointer$+0xc000db38>
    1790:	4685                	li	a3,1
    1792:	00575793          	srli	a5,a4,0x5
    1796:	00e69733          	sll	a4,a3,a4
    179a:	4154                	lw	a3,4(a0)
    179c:	ce89                	beqz	a3,17b6 <NVIC_Init+0x4e>
    179e:	04078793          	addi	a5,a5,64 # 300040 <_data_lma+0x2fc330>
    17a2:	078a                	slli	a5,a5,0x2
    17a4:	e000e6b7          	lui	a3,0xe000e
    17a8:	97b6                	add	a5,a5,a3
    17aa:	c398                	sw	a4,0(a5)
    17ac:	8082                	ret
    17ae:	f3ed                	bnez	a5,1790 <NVIC_Init+0x28>
    17b0:	213c                	lbu	a5,2(a0)
    17b2:	079a                	slli	a5,a5,0x6
    17b4:	b7f9                	j	1782 <NVIC_Init+0x1a>
    17b6:	06078793          	addi	a5,a5,96
    17ba:	e000e6b7          	lui	a3,0xe000e
    17be:	078a                	slli	a5,a5,0x2
    17c0:	97b6                	add	a5,a5,a3
    17c2:	c398                	sw	a4,0(a5)
    17c4:	0000100f          	fence.i
    17c8:	8082                	ret

000017ca <RCC_AdjustHSICalibrationValue>:
    17ca:	40021737          	lui	a4,0x40021
    17ce:	431c                	lw	a5,0(a4)
    17d0:	050e                	slli	a0,a0,0x3
    17d2:	f077f793          	andi	a5,a5,-249
    17d6:	8d5d                	or	a0,a0,a5
    17d8:	c308                	sw	a0,0(a4)
    17da:	8082                	ret

000017dc <RCC_ADCCLKConfig>:
    17dc:	400216b7          	lui	a3,0x40021
    17e0:	42dc                	lw	a5,4(a3)
    17e2:	7741                	lui	a4,0xffff0
    17e4:	7ff70713          	addi	a4,a4,2047 # ffff07ff <__global_pointer$+0xdffeff37>
    17e8:	8ff9                	and	a5,a5,a4
    17ea:	8d5d                	or	a0,a0,a5
    17ec:	c2c8                	sw	a0,4(a3)
    17ee:	8082                	ret

000017f0 <RCC_GetClocksFreq>:
    17f0:	8b1fe2ef          	jal	t0,a0 <__riscv_save_0>
    17f4:	40021737          	lui	a4,0x40021
    17f8:	435c                	lw	a5,4(a4)
    17fa:	4691                	li	a3,4
    17fc:	842a                	mv	s0,a0
    17fe:	8bb1                	andi	a5,a5,12
    1800:	00d78563          	beq	a5,a3,180a <RCC_GetClocksFreq+0x1a>
    1804:	46a1                	li	a3,8
    1806:	08d78063          	beq	a5,a3,1886 <RCC_GetClocksFreq+0x96>
    180a:	016e37b7          	lui	a5,0x16e3
    180e:	60078793          	addi	a5,a5,1536 # 16e3600 <_data_lma+0x16df8f0>
    1812:	c01c                	sw	a5,0(s0)
    1814:	400216b7          	lui	a3,0x40021
    1818:	42dc                	lw	a5,4(a3)
    181a:	8391                	srli	a5,a5,0x4
    181c:	00f7f713          	andi	a4,a5,15
    1820:	200007b7          	lui	a5,0x20000
    1824:	05078793          	addi	a5,a5,80 # 20000050 <APBAHBPrescTable>
    1828:	97ba                	add	a5,a5,a4
    182a:	238c                	lbu	a1,0(a5)
    182c:	42dc                	lw	a5,4(a3)
    182e:	4018                	lw	a4,0(s0)
    1830:	0ff5f593          	andi	a1,a1,255
    1834:	0807f793          	andi	a5,a5,128
    1838:	00b75533          	srl	a0,a4,a1
    183c:	e781                	bnez	a5,1844 <RCC_GetClocksFreq+0x54>
    183e:	853a                	mv	a0,a4
    1840:	895fe0ef          	jal	ra,d4 <__udivsi3>
    1844:	c048                	sw	a0,4(s0)
    1846:	c408                	sw	a0,8(s0)
    1848:	c448                	sw	a0,12(s0)
    184a:	400217b7          	lui	a5,0x40021
    184e:	43dc                	lw	a5,4(a5)
    1850:	468d                	li	a3,3
    1852:	83ad                	srli	a5,a5,0xb
    1854:	8bfd                	andi	a5,a5,31
    1856:	0037d713          	srli	a4,a5,0x3
    185a:	078a                	slli	a5,a5,0x2
    185c:	8bf1                	andi	a5,a5,28
    185e:	8fd9                	or	a5,a5,a4
    1860:	0137f613          	andi	a2,a5,19
    1864:	0037f713          	andi	a4,a5,3
    1868:	00c6f463          	bgeu	a3,a2,1870 <RCC_GetClocksFreq+0x80>
    186c:	ff478713          	addi	a4,a5,-12 # 40020ff4 <__global_pointer$+0x2002072c>
    1870:	200007b7          	lui	a5,0x20000
    1874:	03c78793          	addi	a5,a5,60 # 2000003c <ADCPrescTable>
    1878:	97ba                	add	a5,a5,a4
    187a:	238c                	lbu	a1,0(a5)
    187c:	859fe0ef          	jal	ra,d4 <__udivsi3>
    1880:	c808                	sw	a0,16(s0)
    1882:	829fe06f          	j	aa <__riscv_restore_0>
    1886:	435c                	lw	a5,4(a4)
    1888:	02dc77b7          	lui	a5,0x2dc7
    188c:	c0078793          	addi	a5,a5,-1024 # 2dc6c00 <_data_lma+0x2dc2ef0>
    1890:	b749                	j	1812 <RCC_GetClocksFreq+0x22>

00001892 <RCC_AHBPeriphClockCmd>:
    1892:	c599                	beqz	a1,18a0 <RCC_AHBPeriphClockCmd+0xe>
    1894:	40021737          	lui	a4,0x40021
    1898:	4b5c                	lw	a5,20(a4)
    189a:	8d5d                	or	a0,a0,a5
    189c:	cb48                	sw	a0,20(a4)
    189e:	8082                	ret
    18a0:	400217b7          	lui	a5,0x40021
    18a4:	4bd8                	lw	a4,20(a5)
    18a6:	fff54513          	not	a0,a0
    18aa:	8d79                	and	a0,a0,a4
    18ac:	cbc8                	sw	a0,20(a5)
    18ae:	8082                	ret

000018b0 <RCC_APB2PeriphClockCmd>:
    18b0:	c599                	beqz	a1,18be <RCC_APB2PeriphClockCmd+0xe>
    18b2:	40021737          	lui	a4,0x40021
    18b6:	4f1c                	lw	a5,24(a4)
    18b8:	8d5d                	or	a0,a0,a5
    18ba:	cf08                	sw	a0,24(a4)
    18bc:	8082                	ret
    18be:	400217b7          	lui	a5,0x40021
    18c2:	4f98                	lw	a4,24(a5)
    18c4:	fff54513          	not	a0,a0
    18c8:	8d79                	and	a0,a0,a4
    18ca:	cf88                	sw	a0,24(a5)
    18cc:	8082                	ret

000018ce <RCC_APB1PeriphClockCmd>:
    18ce:	c599                	beqz	a1,18dc <RCC_APB1PeriphClockCmd+0xe>
    18d0:	40021737          	lui	a4,0x40021
    18d4:	4f5c                	lw	a5,28(a4)
    18d6:	8d5d                	or	a0,a0,a5
    18d8:	cf48                	sw	a0,28(a4)
    18da:	8082                	ret
    18dc:	400217b7          	lui	a5,0x40021
    18e0:	4fd8                	lw	a4,28(a5)
    18e2:	fff54513          	not	a0,a0
    18e6:	8d79                	and	a0,a0,a4
    18e8:	cfc8                	sw	a0,28(a5)
    18ea:	8082                	ret

000018ec <RCC_APB2PeriphResetCmd>:
    18ec:	c599                	beqz	a1,18fa <RCC_APB2PeriphResetCmd+0xe>
    18ee:	40021737          	lui	a4,0x40021
    18f2:	475c                	lw	a5,12(a4)
    18f4:	8d5d                	or	a0,a0,a5
    18f6:	c748                	sw	a0,12(a4)
    18f8:	8082                	ret
    18fa:	400217b7          	lui	a5,0x40021
    18fe:	47d8                	lw	a4,12(a5)
    1900:	fff54513          	not	a0,a0
    1904:	8d79                	and	a0,a0,a4
    1906:	c7c8                	sw	a0,12(a5)
    1908:	8082                	ret

0000190a <SPI_Init>:
    190a:	211a                	lhu	a4,0(a0)
    190c:	678d                	lui	a5,0x3
    190e:	04078793          	addi	a5,a5,64 # 3040 <_printf_common+0x98>
    1912:	21b6                	lhu	a3,2(a1)
    1914:	8f7d                	and	a4,a4,a5
    1916:	219e                	lhu	a5,0(a1)
    1918:	8fd5                	or	a5,a5,a3
    191a:	21d6                	lhu	a3,4(a1)
    191c:	8fd5                	or	a5,a5,a3
    191e:	21f6                	lhu	a3,6(a1)
    1920:	8fd5                	or	a5,a5,a3
    1922:	2596                	lhu	a3,8(a1)
    1924:	8fd5                	or	a5,a5,a3
    1926:	25b6                	lhu	a3,10(a1)
    1928:	8fd5                	or	a5,a5,a3
    192a:	25d6                	lhu	a3,12(a1)
    192c:	8fd5                	or	a5,a5,a3
    192e:	25f6                	lhu	a3,14(a1)
    1930:	8fd5                	or	a5,a5,a3
    1932:	8fd9                	or	a5,a5,a4
    1934:	a11e                	sh	a5,0(a0)
    1936:	299e                	lhu	a5,16(a1)
    1938:	a91e                	sh	a5,16(a0)
    193a:	8082                	ret

0000193c <SPI_Cmd>:
    193c:	211e                	lhu	a5,0(a0)
    193e:	c589                	beqz	a1,1948 <SPI_Cmd+0xc>
    1940:	0407e793          	ori	a5,a5,64
    1944:	a11e                	sh	a5,0(a0)
    1946:	8082                	ret
    1948:	07c2                	slli	a5,a5,0x10
    194a:	83c1                	srli	a5,a5,0x10
    194c:	fbf7f793          	andi	a5,a5,-65
    1950:	07c2                	slli	a5,a5,0x10
    1952:	83c1                	srli	a5,a5,0x10
    1954:	bfc5                	j	1944 <SPI_Cmd+0x8>

00001956 <SPI_I2S_SendData>:
    1956:	a54e                	sh	a1,12(a0)
    1958:	8082                	ret

0000195a <SPI_I2S_GetFlagStatus>:
    195a:	250a                	lhu	a0,8(a0)
    195c:	8d6d                	and	a0,a0,a1
    195e:	00a03533          	snez	a0,a0
    1962:	8082                	ret

00001964 <TIM_TimeBaseInit>:
    1964:	211e                	lhu	a5,0(a0)
    1966:	40013737          	lui	a4,0x40013
    196a:	c0070713          	addi	a4,a4,-1024 # 40012c00 <__global_pointer$+0x20012338>
    196e:	07c2                	slli	a5,a5,0x10
    1970:	83c1                	srli	a5,a5,0x10
    1972:	00e50663          	beq	a0,a4,197e <TIM_TimeBaseInit+0x1a>
    1976:	40000737          	lui	a4,0x40000
    197a:	00e51663          	bne	a0,a4,1986 <TIM_TimeBaseInit+0x22>
    197e:	21ba                	lhu	a4,2(a1)
    1980:	f8f7f793          	andi	a5,a5,-113
    1984:	8fd9                	or	a5,a5,a4
    1986:	21fa                	lhu	a4,6(a1)
    1988:	cff7f793          	andi	a5,a5,-769
    198c:	07c2                	slli	a5,a5,0x10
    198e:	83c1                	srli	a5,a5,0x10
    1990:	8fd9                	or	a5,a5,a4
    1992:	a11e                	sh	a5,0(a0)
    1994:	21de                	lhu	a5,4(a1)
    1996:	b55e                	sh	a5,44(a0)
    1998:	219e                	lhu	a5,0(a1)
    199a:	b51e                	sh	a5,40(a0)
    199c:	400137b7          	lui	a5,0x40013
    19a0:	c0078793          	addi	a5,a5,-1024 # 40012c00 <__global_pointer$+0x20012338>
    19a4:	00f51463          	bne	a0,a5,19ac <TIM_TimeBaseInit+0x48>
    19a8:	259c                	lbu	a5,8(a1)
    19aa:	b91e                	sh	a5,48(a0)
    19ac:	4785                	li	a5,1
    19ae:	a95e                	sh	a5,20(a0)
    19b0:	8082                	ret

000019b2 <TIM_OC2Init>:
    19b2:	311e                	lhu	a5,32(a0)
    19b4:	7765                	lui	a4,0xffff9
    19b6:	cff70713          	addi	a4,a4,-769 # ffff8cff <__global_pointer$+0xdfff8437>
    19ba:	07c2                	slli	a5,a5,0x10
    19bc:	83c1                	srli	a5,a5,0x10
    19be:	9bbd                	andi	a5,a5,-17
    19c0:	07c2                	slli	a5,a5,0x10
    19c2:	83c1                	srli	a5,a5,0x10
    19c4:	b11e                	sh	a5,32(a0)
    19c6:	311e                	lhu	a5,32(a0)
    19c8:	2156                	lhu	a3,4(a0)
    19ca:	0085d303          	lhu	t1,8(a1)
    19ce:	07c2                	slli	a5,a5,0x10
    19d0:	01069613          	slli	a2,a3,0x10
    19d4:	2d16                	lhu	a3,24(a0)
    19d6:	83c1                	srli	a5,a5,0x10
    19d8:	fdf7f793          	andi	a5,a5,-33
    19dc:	8f75                	and	a4,a4,a3
    19de:	2196                	lhu	a3,0(a1)
    19e0:	8241                	srli	a2,a2,0x10
    19e2:	06a2                	slli	a3,a3,0x8
    19e4:	8f55                	or	a4,a4,a3
    19e6:	21b6                	lhu	a3,2(a1)
    19e8:	0742                	slli	a4,a4,0x10
    19ea:	8341                	srli	a4,a4,0x10
    19ec:	0066e6b3          	or	a3,a3,t1
    19f0:	0692                	slli	a3,a3,0x4
    19f2:	8fd5                	or	a5,a5,a3
    19f4:	400136b7          	lui	a3,0x40013
    19f8:	07c2                	slli	a5,a5,0x10
    19fa:	c0068693          	addi	a3,a3,-1024 # 40012c00 <__global_pointer$+0x20012338>
    19fe:	83c1                	srli	a5,a5,0x10
    1a00:	02d51e63          	bne	a0,a3,1a3c <TIM_OC2Init+0x8a>
    1a04:	25b6                	lhu	a3,10(a1)
    1a06:	f7f7f793          	andi	a5,a5,-129
    1a0a:	00c5d303          	lhu	t1,12(a1)
    1a0e:	0692                	slli	a3,a3,0x4
    1a10:	8fd5                	or	a5,a5,a3
    1a12:	21d6                	lhu	a3,4(a1)
    1a14:	07c2                	slli	a5,a5,0x10
    1a16:	83c1                	srli	a5,a5,0x10
    1a18:	0692                	slli	a3,a3,0x4
    1a1a:	fbf7f793          	andi	a5,a5,-65
    1a1e:	8fd5                	or	a5,a5,a3
    1a20:	76fd                	lui	a3,0xfffff
    1a22:	3ff68693          	addi	a3,a3,1023 # fffff3ff <__global_pointer$+0xdfffeb37>
    1a26:	8ef1                	and	a3,a3,a2
    1a28:	25f2                	lhu	a2,14(a1)
    1a2a:	07c2                	slli	a5,a5,0x10
    1a2c:	83c1                	srli	a5,a5,0x10
    1a2e:	00666633          	or	a2,a2,t1
    1a32:	060a                	slli	a2,a2,0x2
    1a34:	8ed1                	or	a3,a3,a2
    1a36:	01069613          	slli	a2,a3,0x10
    1a3a:	8241                	srli	a2,a2,0x10
    1a3c:	a152                	sh	a2,4(a0)
    1a3e:	ad1a                	sh	a4,24(a0)
    1a40:	21fa                	lhu	a4,6(a1)
    1a42:	dd18                	sw	a4,56(a0)
    1a44:	b11e                	sh	a5,32(a0)
    1a46:	8082                	ret

00001a48 <TIM_OC3Init>:
    1a48:	311e                	lhu	a5,32(a0)
    1a4a:	2192                	lhu	a2,0(a1)
    1a4c:	0085d303          	lhu	t1,8(a1)
    1a50:	07c2                	slli	a5,a5,0x10
    1a52:	83c1                	srli	a5,a5,0x10
    1a54:	eff7f793          	andi	a5,a5,-257
    1a58:	07c2                	slli	a5,a5,0x10
    1a5a:	83c1                	srli	a5,a5,0x10
    1a5c:	b11e                	sh	a5,32(a0)
    1a5e:	311e                	lhu	a5,32(a0)
    1a60:	2156                	lhu	a3,4(a0)
    1a62:	2d5a                	lhu	a4,28(a0)
    1a64:	07c2                	slli	a5,a5,0x10
    1a66:	83c1                	srli	a5,a5,0x10
    1a68:	0742                	slli	a4,a4,0x10
    1a6a:	8341                	srli	a4,a4,0x10
    1a6c:	f8c77713          	andi	a4,a4,-116
    1a70:	8f51                	or	a4,a4,a2
    1a72:	21b2                	lhu	a2,2(a1)
    1a74:	dff7f793          	andi	a5,a5,-513
    1a78:	06c2                	slli	a3,a3,0x10
    1a7a:	00666633          	or	a2,a2,t1
    1a7e:	0622                	slli	a2,a2,0x8
    1a80:	8fd1                	or	a5,a5,a2
    1a82:	01079613          	slli	a2,a5,0x10
    1a86:	400137b7          	lui	a5,0x40013
    1a8a:	c0078793          	addi	a5,a5,-1024 # 40012c00 <__global_pointer$+0x20012338>
    1a8e:	82c1                	srli	a3,a3,0x10
    1a90:	8241                	srli	a2,a2,0x10
    1a92:	02f51f63          	bne	a0,a5,1ad0 <TIM_OC3Init+0x88>
    1a96:	77fd                	lui	a5,0xfffff
    1a98:	7ff78793          	addi	a5,a5,2047 # fffff7ff <__global_pointer$+0xdfffef37>
    1a9c:	8ff1                	and	a5,a5,a2
    1a9e:	25b2                	lhu	a2,10(a1)
    1aa0:	00c5d303          	lhu	t1,12(a1)
    1aa4:	0622                	slli	a2,a2,0x8
    1aa6:	8fd1                	or	a5,a5,a2
    1aa8:	21d2                	lhu	a2,4(a1)
    1aaa:	07c2                	slli	a5,a5,0x10
    1aac:	83c1                	srli	a5,a5,0x10
    1aae:	0622                	slli	a2,a2,0x8
    1ab0:	bff7f793          	andi	a5,a5,-1025
    1ab4:	8fd1                	or	a5,a5,a2
    1ab6:	01079613          	slli	a2,a5,0x10
    1aba:	77f5                	lui	a5,0xffffd
    1abc:	17fd                	addi	a5,a5,-1
    1abe:	8efd                	and	a3,a3,a5
    1ac0:	25fe                	lhu	a5,14(a1)
    1ac2:	8241                	srli	a2,a2,0x10
    1ac4:	0067e7b3          	or	a5,a5,t1
    1ac8:	0792                	slli	a5,a5,0x4
    1aca:	8edd                	or	a3,a3,a5
    1acc:	06c2                	slli	a3,a3,0x10
    1ace:	82c1                	srli	a3,a3,0x10
    1ad0:	21fe                	lhu	a5,6(a1)
    1ad2:	a156                	sh	a3,4(a0)
    1ad4:	ad5a                	sh	a4,28(a0)
    1ad6:	dd5c                	sw	a5,60(a0)
    1ad8:	b112                	sh	a2,32(a0)
    1ada:	8082                	ret

00001adc <TIM_TimeBaseStructInit>:
    1adc:	57fd                	li	a5,-1
    1ade:	a15e                	sh	a5,4(a0)
    1ae0:	00051023          	sh	zero,0(a0)
    1ae4:	00051323          	sh	zero,6(a0)
    1ae8:	00051123          	sh	zero,2(a0)
    1aec:	00050423          	sb	zero,8(a0)
    1af0:	8082                	ret

00001af2 <TIM_OCStructInit>:
    1af2:	00051023          	sh	zero,0(a0)
    1af6:	00051123          	sh	zero,2(a0)
    1afa:	00051223          	sh	zero,4(a0)
    1afe:	00051323          	sh	zero,6(a0)
    1b02:	00051423          	sh	zero,8(a0)
    1b06:	00051523          	sh	zero,10(a0)
    1b0a:	00051623          	sh	zero,12(a0)
    1b0e:	00051723          	sh	zero,14(a0)
    1b12:	8082                	ret

00001b14 <TIM_Cmd>:
    1b14:	211e                	lhu	a5,0(a0)
    1b16:	c589                	beqz	a1,1b20 <TIM_Cmd+0xc>
    1b18:	0017e793          	ori	a5,a5,1
    1b1c:	a11e                	sh	a5,0(a0)
    1b1e:	8082                	ret
    1b20:	07c2                	slli	a5,a5,0x10
    1b22:	83c1                	srli	a5,a5,0x10
    1b24:	9bf9                	andi	a5,a5,-2
    1b26:	07c2                	slli	a5,a5,0x10
    1b28:	83c1                	srli	a5,a5,0x10
    1b2a:	bfcd                	j	1b1c <TIM_Cmd+0x8>

00001b2c <TIM_CtrlPWMOutputs>:
    1b2c:	04455783          	lhu	a5,68(a0)
    1b30:	c591                	beqz	a1,1b3c <TIM_CtrlPWMOutputs+0x10>
    1b32:	6721                	lui	a4,0x8
    1b34:	8fd9                	or	a5,a5,a4
    1b36:	04f51223          	sh	a5,68(a0)
    1b3a:	8082                	ret
    1b3c:	07c6                	slli	a5,a5,0x11
    1b3e:	83c5                	srli	a5,a5,0x11
    1b40:	bfdd                	j	1b36 <TIM_CtrlPWMOutputs+0xa>

00001b42 <TIM_ITConfig>:
    1b42:	255e                	lhu	a5,12(a0)
    1b44:	c601                	beqz	a2,1b4c <TIM_ITConfig+0xa>
    1b46:	8ddd                	or	a1,a1,a5
    1b48:	a54e                	sh	a1,12(a0)
    1b4a:	8082                	ret
    1b4c:	fff5c593          	not	a1,a1
    1b50:	8dfd                	and	a1,a1,a5
    1b52:	bfdd                	j	1b48 <TIM_ITConfig+0x6>

00001b54 <TIM_ARRPreloadConfig>:
    1b54:	211e                	lhu	a5,0(a0)
    1b56:	c589                	beqz	a1,1b60 <TIM_ARRPreloadConfig+0xc>
    1b58:	0807e793          	ori	a5,a5,128
    1b5c:	a11e                	sh	a5,0(a0)
    1b5e:	8082                	ret
    1b60:	07c2                	slli	a5,a5,0x10
    1b62:	83c1                	srli	a5,a5,0x10
    1b64:	f7f7f793          	andi	a5,a5,-129
    1b68:	07c2                	slli	a5,a5,0x10
    1b6a:	83c1                	srli	a5,a5,0x10
    1b6c:	bfc5                	j	1b5c <TIM_ARRPreloadConfig+0x8>

00001b6e <TIM_OC2PreloadConfig>:
    1b6e:	2d1a                	lhu	a4,24(a0)
    1b70:	77fd                	lui	a5,0xfffff
    1b72:	7ff78793          	addi	a5,a5,2047 # fffff7ff <__global_pointer$+0xdfffef37>
    1b76:	8ff9                	and	a5,a5,a4
    1b78:	05a2                	slli	a1,a1,0x8
    1b7a:	8fcd                	or	a5,a5,a1
    1b7c:	07c2                	slli	a5,a5,0x10
    1b7e:	83c1                	srli	a5,a5,0x10
    1b80:	ad1e                	sh	a5,24(a0)
    1b82:	8082                	ret

00001b84 <TIM_OC3PreloadConfig>:
    1b84:	2d5e                	lhu	a5,28(a0)
    1b86:	07c2                	slli	a5,a5,0x10
    1b88:	83c1                	srli	a5,a5,0x10
    1b8a:	9bdd                	andi	a5,a5,-9
    1b8c:	8ddd                	or	a1,a1,a5
    1b8e:	ad4e                	sh	a1,28(a0)
    1b90:	8082                	ret

00001b92 <TIM_SelectOutputTrigger>:
    1b92:	215e                	lhu	a5,4(a0)
    1b94:	07c2                	slli	a5,a5,0x10
    1b96:	83c1                	srli	a5,a5,0x10
    1b98:	f8f7f793          	andi	a5,a5,-113
    1b9c:	07c2                	slli	a5,a5,0x10
    1b9e:	83c1                	srli	a5,a5,0x10
    1ba0:	a15e                	sh	a5,4(a0)
    1ba2:	215e                	lhu	a5,4(a0)
    1ba4:	8ddd                	or	a1,a1,a5
    1ba6:	a14e                	sh	a1,4(a0)
    1ba8:	8082                	ret

00001baa <TIM_SetCompare3>:
    1baa:	dd4c                	sw	a1,60(a0)
    1bac:	8082                	ret

00001bae <TIM_ClearITPendingBit>:
    1bae:	fff5c593          	not	a1,a1
    1bb2:	05c2                	slli	a1,a1,0x10
    1bb4:	81c1                	srli	a1,a1,0x10
    1bb6:	a90e                	sh	a1,16(a0)
    1bb8:	8082                	ret

00001bba <USART_Init>:
    1bba:	ce6fe2ef          	jal	t0,a0 <__riscv_save_0>
    1bbe:	2916                	lhu	a3,16(a0)
    1bc0:	77f5                	lui	a5,0xffffd
    1bc2:	17fd                	addi	a5,a5,-1
    1bc4:	8ff5                	and	a5,a5,a3
    1bc6:	21f6                	lhu	a3,6(a1)
    1bc8:	25da                	lhu	a4,12(a1)
    1bca:	1121                	addi	sp,sp,-24
    1bcc:	8fd5                	or	a5,a5,a3
    1bce:	a91e                	sh	a5,16(a0)
    1bd0:	2556                	lhu	a3,12(a0)
    1bd2:	77fd                	lui	a5,0xfffff
    1bd4:	9f378793          	addi	a5,a5,-1549 # ffffe9f3 <__global_pointer$+0xdfffe12b>
    1bd8:	8ff5                	and	a5,a5,a3
    1bda:	21d6                	lhu	a3,4(a1)
    1bdc:	842a                	mv	s0,a0
    1bde:	c02e                	sw	a1,0(sp)
    1be0:	8fd5                	or	a5,a5,a3
    1be2:	2596                	lhu	a3,8(a1)
    1be4:	8fd5                	or	a5,a5,a3
    1be6:	25b6                	lhu	a3,10(a1)
    1be8:	8fd5                	or	a5,a5,a3
    1bea:	a55e                	sh	a5,12(a0)
    1bec:	295e                	lhu	a5,20(a0)
    1bee:	07c2                	slli	a5,a5,0x10
    1bf0:	83c1                	srli	a5,a5,0x10
    1bf2:	cff7f793          	andi	a5,a5,-769
    1bf6:	8f5d                	or	a4,a4,a5
    1bf8:	a95a                	sh	a4,20(a0)
    1bfa:	0048                	addi	a0,sp,4
    1bfc:	bf5ff0ef          	jal	ra,17f0 <RCC_GetClocksFreq>
    1c00:	400147b7          	lui	a5,0x40014
    1c04:	80078793          	addi	a5,a5,-2048 # 40013800 <__global_pointer$+0x20012f38>
    1c08:	4582                	lw	a1,0(sp)
    1c0a:	06f41263          	bne	s0,a5,1c6e <USART_Init+0xb4>
    1c0e:	47c2                	lw	a5,16(sp)
    1c10:	245a                	lhu	a4,12(s0)
    1c12:	00179513          	slli	a0,a5,0x1
    1c16:	953e                	add	a0,a0,a5
    1c18:	0742                	slli	a4,a4,0x10
    1c1a:	050e                	slli	a0,a0,0x3
    1c1c:	8741                	srai	a4,a4,0x10
    1c1e:	953e                	add	a0,a0,a5
    1c20:	418c                	lw	a1,0(a1)
    1c22:	04075863          	bgez	a4,1c72 <USART_Init+0xb8>
    1c26:	0586                	slli	a1,a1,0x1
    1c28:	cacfe0ef          	jal	ra,d4 <__udivsi3>
    1c2c:	06400593          	li	a1,100
    1c30:	c02a                	sw	a0,0(sp)
    1c32:	ca2fe0ef          	jal	ra,d4 <__udivsi3>
    1c36:	4782                	lw	a5,0(sp)
    1c38:	00451493          	slli	s1,a0,0x4
    1c3c:	06400593          	li	a1,100
    1c40:	853e                	mv	a0,a5
    1c42:	cbefe0ef          	jal	ra,100 <__umodsi3>
    1c46:	245e                	lhu	a5,12(s0)
    1c48:	07c2                	slli	a5,a5,0x10
    1c4a:	87c1                	srai	a5,a5,0x10
    1c4c:	0207d563          	bgez	a5,1c76 <USART_Init+0xbc>
    1c50:	050e                	slli	a0,a0,0x3
    1c52:	06400593          	li	a1,100
    1c56:	03250513          	addi	a0,a0,50
    1c5a:	c7afe0ef          	jal	ra,d4 <__udivsi3>
    1c5e:	891d                	andi	a0,a0,7
    1c60:	8cc9                	or	s1,s1,a0
    1c62:	04c2                	slli	s1,s1,0x10
    1c64:	80c1                	srli	s1,s1,0x10
    1c66:	a406                	sh	s1,8(s0)
    1c68:	0161                	addi	sp,sp,24
    1c6a:	c40fe06f          	j	aa <__riscv_restore_0>
    1c6e:	47b2                	lw	a5,12(sp)
    1c70:	b745                	j	1c10 <USART_Init+0x56>
    1c72:	058a                	slli	a1,a1,0x2
    1c74:	bf55                	j	1c28 <USART_Init+0x6e>
    1c76:	0512                	slli	a0,a0,0x4
    1c78:	06400593          	li	a1,100
    1c7c:	03250513          	addi	a0,a0,50
    1c80:	c54fe0ef          	jal	ra,d4 <__udivsi3>
    1c84:	893d                	andi	a0,a0,15
    1c86:	bfe9                	j	1c60 <USART_Init+0xa6>

00001c88 <USART_Cmd>:
    1c88:	c591                	beqz	a1,1c94 <USART_Cmd+0xc>
    1c8a:	255e                	lhu	a5,12(a0)
    1c8c:	6709                	lui	a4,0x2
    1c8e:	8fd9                	or	a5,a5,a4
    1c90:	a55e                	sh	a5,12(a0)
    1c92:	8082                	ret
    1c94:	255a                	lhu	a4,12(a0)
    1c96:	77f9                	lui	a5,0xffffe
    1c98:	17fd                	addi	a5,a5,-1
    1c9a:	8ff9                	and	a5,a5,a4
    1c9c:	bfd5                	j	1c90 <USART_Cmd+0x8>

00001c9e <USART_SendData>:
    1c9e:	1ff5f593          	andi	a1,a1,511
    1ca2:	a14e                	sh	a1,4(a0)
    1ca4:	8082                	ret

00001ca6 <USART_GetFlagStatus>:
    1ca6:	210a                	lhu	a0,0(a0)
    1ca8:	8d6d                	and	a0,a0,a1
    1caa:	00a03533          	snez	a0,a0
    1cae:	8082                	ret

00001cb0 <Delay_Init>:
    1cb0:	bf0fe2ef          	jal	t0,a0 <__riscv_save_0>
    1cb4:	200007b7          	lui	a5,0x20000
    1cb8:	0387a503          	lw	a0,56(a5) # 20000038 <SystemCoreClock>
    1cbc:	007a15b7          	lui	a1,0x7a1
    1cc0:	20058593          	addi	a1,a1,512 # 7a1200 <_data_lma+0x79d4f0>
    1cc4:	c10fe0ef          	jal	ra,d4 <__udivsi3>
    1cc8:	0ff57513          	andi	a0,a0,255
    1ccc:	cea18123          	sb	a0,-798(gp) # 200005aa <p_us>
    1cd0:	00551793          	slli	a5,a0,0x5
    1cd4:	8f89                	sub	a5,a5,a0
    1cd6:	078a                	slli	a5,a5,0x2
    1cd8:	953e                	add	a0,a0,a5
    1cda:	050e                	slli	a0,a0,0x3
    1cdc:	cea19023          	sh	a0,-800(gp) # 200005a8 <p_ms>
    1ce0:	bcafe06f          	j	aa <__riscv_restore_0>

00001ce4 <Delay_Ms>:
    1ce4:	bbcfe2ef          	jal	t0,a0 <__riscv_save_0>
    1ce8:	e000f437          	lui	s0,0xe000f
    1cec:	405c                	lw	a5,4(s0)
    1cee:	85aa                	mv	a1,a0
    1cf0:	9bf9                	andi	a5,a5,-2
    1cf2:	c05c                	sw	a5,4(s0)
    1cf4:	ce01d503          	lhu	a0,-800(gp) # 200005a8 <p_ms>
    1cf8:	bbcfe0ef          	jal	ra,b4 <__mulsi3>
    1cfc:	c808                	sw	a0,16(s0)
    1cfe:	00042423          	sw	zero,8(s0) # e000f008 <__global_pointer$+0xc000e740>
    1d02:	401c                	lw	a5,0(s0)
    1d04:	0017e793          	ori	a5,a5,1
    1d08:	c01c                	sw	a5,0(s0)
    1d0a:	e000f7b7          	lui	a5,0xe000f
    1d0e:	43d8                	lw	a4,4(a5)
    1d10:	8b05                	andi	a4,a4,1
    1d12:	df75                	beqz	a4,1d0e <Delay_Ms+0x2a>
    1d14:	4398                	lw	a4,0(a5)
    1d16:	9b79                	andi	a4,a4,-2
    1d18:	c398                	sw	a4,0(a5)
    1d1a:	b90fe06f          	j	aa <__riscv_restore_0>

00001d1e <USART_Printf_Init>:
    1d1e:	b82fe2ef          	jal	t0,a0 <__riscv_save_0>
    1d22:	842a                	mv	s0,a0
    1d24:	6511                	lui	a0,0x4
    1d26:	1111                	addi	sp,sp,-28
    1d28:	4585                	li	a1,1
    1d2a:	02050513          	addi	a0,a0,32 # 4020 <_data_lma+0x310>
    1d2e:	b83ff0ef          	jal	ra,18b0 <RCC_APB2PeriphClockCmd>
    1d32:	02000793          	li	a5,32
    1d36:	807c                	sh	a5,0(sp)
    1d38:	40011537          	lui	a0,0x40011
    1d3c:	478d                	li	a5,3
    1d3e:	c23e                	sw	a5,4(sp)
    1d40:	858a                	mv	a1,sp
    1d42:	47e1                	li	a5,24
    1d44:	40050513          	addi	a0,a0,1024 # 40011400 <__global_pointer$+0x20010b38>
    1d48:	c43e                	sw	a5,8(sp)
    1d4a:	8a5ff0ef          	jal	ra,15ee <GPIO_Init>
    1d4e:	c622                	sw	s0,12(sp)
    1d50:	40014437          	lui	s0,0x40014
    1d54:	000807b7          	lui	a5,0x80
    1d58:	006c                	addi	a1,sp,12
    1d5a:	80040513          	addi	a0,s0,-2048 # 40013800 <__global_pointer$+0x20012f38>
    1d5e:	ca3e                	sw	a5,20(sp)
    1d60:	c802                	sw	zero,16(sp)
    1d62:	00011c23          	sh	zero,24(sp)
    1d66:	3d91                	jal	1bba <USART_Init>
    1d68:	4585                	li	a1,1
    1d6a:	80040513          	addi	a0,s0,-2048
    1d6e:	3f29                	jal	1c88 <USART_Cmd>
    1d70:	0171                	addi	sp,sp,28
    1d72:	b38fe06f          	j	aa <__riscv_restore_0>

00001d76 <_write>:
    1d76:	b2afe2ef          	jal	t0,a0 <__riscv_save_0>
    1d7a:	1171                	addi	sp,sp,-4
    1d7c:	84ae                	mv	s1,a1
    1d7e:	4401                	li	s0,0
    1d80:	02c45d63          	bge	s0,a2,1dba <_write+0x44>
    1d84:	400147b7          	lui	a5,0x40014
    1d88:	80078713          	addi	a4,a5,-2048 # 40013800 <__global_pointer$+0x20012f38>
    1d8c:	853a                	mv	a0,a4
    1d8e:	04000593          	li	a1,64
    1d92:	c032                	sw	a2,0(sp)
    1d94:	3f09                	jal	1ca6 <USART_GetFlagStatus>
    1d96:	400147b7          	lui	a5,0x40014
    1d9a:	80078713          	addi	a4,a5,-2048 # 40013800 <__global_pointer$+0x20012f38>
    1d9e:	4602                	lw	a2,0(sp)
    1da0:	d575                	beqz	a0,1d8c <_write+0x16>
    1da2:	00848733          	add	a4,s1,s0
    1da6:	00070583          	lb	a1,0(a4) # 2000 <printInt+0xea>
    1daa:	80078513          	addi	a0,a5,-2048
    1dae:	0405                	addi	s0,s0,1
    1db0:	05c2                	slli	a1,a1,0x10
    1db2:	81c1                	srli	a1,a1,0x10
    1db4:	35ed                	jal	1c9e <USART_SendData>
    1db6:	4602                	lw	a2,0(sp)
    1db8:	b7e1                	j	1d80 <_write+0xa>
    1dba:	8532                	mv	a0,a2
    1dbc:	0111                	addi	sp,sp,4
    1dbe:	aecfe06f          	j	aa <__riscv_restore_0>

00001dc2 <_sbrk>:
    1dc2:	20000737          	lui	a4,0x20000
    1dc6:	06070713          	addi	a4,a4,96 # 20000060 <curbrk.4091>
    1dca:	431c                	lw	a5,0(a4)
    1dcc:	ce818693          	addi	a3,gp,-792 # 200005b0 <_ebss>
    1dd0:	953e                	add	a0,a0,a5
    1dd2:	00d56963          	bltu	a0,a3,1de4 <_sbrk+0x22>
    1dd6:	e3818693          	addi	a3,gp,-456 # 20000700 <_heap_end>
    1dda:	00a6e563          	bltu	a3,a0,1de4 <_sbrk+0x22>
    1dde:	c308                	sw	a0,0(a4)
    1de0:	853e                	mv	a0,a5
    1de2:	8082                	ret
    1de4:	57fd                	li	a5,-1
    1de6:	bfed                	j	1de0 <_sbrk+0x1e>

00001de8 <printchar>:
    1de8:	1141                	addi	sp,sp,-16
    1dea:	c606                	sw	ra,12(sp)
    1dec:	c02e                	sw	a1,0(sp)
    1dee:	cd0d                	beqz	a0,1e28 <printchar+0x40>
    1df0:	4118                	lw	a4,0(a0)
    1df2:	87aa                	mv	a5,a0
    1df4:	c305                	beqz	a4,1e14 <printchar+0x2c>
    1df6:	4158                	lw	a4,4(a0)
    1df8:	557d                	li	a0,-1
    1dfa:	cb11                	beqz	a4,1e0e <printchar+0x26>
    1dfc:	4685                	li	a3,1
    1dfe:	00d71b63          	bne	a4,a3,1e14 <printchar+0x2c>
    1e02:	4798                	lw	a4,8(a5)
    1e04:	00070023          	sb	zero,0(a4)
    1e08:	0007a223          	sw	zero,4(a5)
    1e0c:	4505                	li	a0,1
    1e0e:	40b2                	lw	ra,12(sp)
    1e10:	0141                	addi	sp,sp,16
    1e12:	8082                	ret
    1e14:	4798                	lw	a4,8(a5)
    1e16:	4682                	lw	a3,0(sp)
    1e18:	a314                	sb	a3,0(a4)
    1e1a:	4798                	lw	a4,8(a5)
    1e1c:	0705                	addi	a4,a4,1
    1e1e:	c798                	sw	a4,8(a5)
    1e20:	43d8                	lw	a4,4(a5)
    1e22:	177d                	addi	a4,a4,-1
    1e24:	c3d8                	sw	a4,4(a5)
    1e26:	b7dd                	j	1e0c <printchar+0x24>
    1e28:	4605                	li	a2,1
    1e2a:	858a                	mv	a1,sp
    1e2c:	37a9                	jal	1d76 <_write>
    1e2e:	bff9                	j	1e0c <printchar+0x24>

00001e30 <prints>:
    1e30:	1101                	addi	sp,sp,-32
    1e32:	cc22                	sw	s0,24(sp)
    1e34:	c22e                	sw	a1,4(sp)
    1e36:	ce06                	sw	ra,28(sp)
    1e38:	ca26                	sw	s1,20(sp)
    1e3a:	842a                	mv	s0,a0
    1e3c:	4781                	li	a5,0
    1e3e:	02000593          	li	a1,32
    1e42:	02064563          	bltz	a2,1e6c <prints+0x3c>
    1e46:	4592                	lw	a1,4(sp)
    1e48:	95be                	add	a1,a1,a5
    1e4a:	00058583          	lb	a1,0(a1)
    1e4e:	e58d                	bnez	a1,1e78 <prints+0x48>
    1e50:	02c7d863          	bge	a5,a2,1e80 <prints+0x50>
    1e54:	02e7d463          	bge	a5,a4,1e7c <prints+0x4c>
    1e58:	8e19                	sub	a2,a2,a4
    1e5a:	02000513          	li	a0,32
    1e5e:	0026f593          	andi	a1,a3,2
    1e62:	c02a                	sw	a0,0(sp)
    1e64:	c589                	beqz	a1,1e6e <prints+0x3e>
    1e66:	e701                	bnez	a4,1e6e <prints+0x3e>
    1e68:	03000593          	li	a1,48
    1e6c:	c02e                	sw	a1,0(sp)
    1e6e:	8a85                	andi	a3,a3,1
    1e70:	4481                	li	s1,0
    1e72:	ea95                	bnez	a3,1ea6 <prints+0x76>
    1e74:	84b2                	mv	s1,a2
    1e76:	a00d                	j	1e98 <prints+0x68>
    1e78:	0785                	addi	a5,a5,1
    1e7a:	b7f1                	j	1e46 <prints+0x16>
    1e7c:	8e1d                	sub	a2,a2,a5
    1e7e:	bff1                	j	1e5a <prints+0x2a>
    1e80:	4601                	li	a2,0
    1e82:	bfe1                	j	1e5a <prints+0x2a>
    1e84:	4582                	lw	a1,0(sp)
    1e86:	8522                	mv	a0,s0
    1e88:	c83a                	sw	a4,16(sp)
    1e8a:	c632                	sw	a2,12(sp)
    1e8c:	c43e                	sw	a5,8(sp)
    1e8e:	3fa9                	jal	1de8 <printchar>
    1e90:	47a2                	lw	a5,8(sp)
    1e92:	4632                	lw	a2,12(sp)
    1e94:	4742                	lw	a4,16(sp)
    1e96:	14fd                	addi	s1,s1,-1
    1e98:	fe9046e3          	bgtz	s1,1e84 <prints+0x54>
    1e9c:	84b2                	mv	s1,a2
    1e9e:	00065363          	bgez	a2,1ea4 <prints+0x74>
    1ea2:	4481                	li	s1,0
    1ea4:	8e05                	sub	a2,a2,s1
    1ea6:	02e7c763          	blt	a5,a4,1ed4 <prints+0xa4>
    1eaa:	87a6                	mv	a5,s1
    1eac:	4692                	lw	a3,4(sp)
    1eae:	40978733          	sub	a4,a5,s1
    1eb2:	9736                	add	a4,a4,a3
    1eb4:	00070583          	lb	a1,0(a4)
    1eb8:	ed95                	bnez	a1,1ef4 <prints+0xc4>
    1eba:	84b2                	mv	s1,a2
    1ebc:	04904463          	bgtz	s1,1f04 <prints+0xd4>
    1ec0:	00065363          	bgez	a2,1ec6 <prints+0x96>
    1ec4:	4601                	li	a2,0
    1ec6:	40f2                	lw	ra,28(sp)
    1ec8:	4462                	lw	s0,24(sp)
    1eca:	44d2                	lw	s1,20(sp)
    1ecc:	00f60533          	add	a0,a2,a5
    1ed0:	6105                	addi	sp,sp,32
    1ed2:	8082                	ret
    1ed4:	8f1d                	sub	a4,a4,a5
    1ed6:	87ba                	mv	a5,a4
    1ed8:	03000593          	li	a1,48
    1edc:	8522                	mv	a0,s0
    1ede:	c832                	sw	a2,16(sp)
    1ee0:	c63e                	sw	a5,12(sp)
    1ee2:	c43a                	sw	a4,8(sp)
    1ee4:	3711                	jal	1de8 <printchar>
    1ee6:	47b2                	lw	a5,12(sp)
    1ee8:	4722                	lw	a4,8(sp)
    1eea:	4642                	lw	a2,16(sp)
    1eec:	17fd                	addi	a5,a5,-1
    1eee:	f7ed                	bnez	a5,1ed8 <prints+0xa8>
    1ef0:	94ba                	add	s1,s1,a4
    1ef2:	bf65                	j	1eaa <prints+0x7a>
    1ef4:	8522                	mv	a0,s0
    1ef6:	c632                	sw	a2,12(sp)
    1ef8:	c43e                	sw	a5,8(sp)
    1efa:	35fd                	jal	1de8 <printchar>
    1efc:	47a2                	lw	a5,8(sp)
    1efe:	4632                	lw	a2,12(sp)
    1f00:	0785                	addi	a5,a5,1
    1f02:	b76d                	j	1eac <prints+0x7c>
    1f04:	4582                	lw	a1,0(sp)
    1f06:	8522                	mv	a0,s0
    1f08:	c432                	sw	a2,8(sp)
    1f0a:	c23e                	sw	a5,4(sp)
    1f0c:	3df1                	jal	1de8 <printchar>
    1f0e:	14fd                	addi	s1,s1,-1
    1f10:	4622                	lw	a2,8(sp)
    1f12:	4792                	lw	a5,4(sp)
    1f14:	b765                	j	1ebc <prints+0x8c>

00001f16 <printInt>:
    1f16:	7139                	addi	sp,sp,-64
    1f18:	de06                	sw	ra,60(sp)
    1f1a:	dc22                	sw	s0,56(sp)
    1f1c:	da26                	sw	s1,52(sp)
    1f1e:	c23e                	sw	a5,4(sp)
    1f20:	8332                	mv	t1,a2
    1f22:	863a                	mv	a2,a4
    1f24:	ed89                	bnez	a1,1f3e <printInt+0x28>
    1f26:	4692                	lw	a3,4(sp)
    1f28:	03000793          	li	a5,48
    1f2c:	4701                	li	a4,0
    1f2e:	086c                	addi	a1,sp,28
    1f30:	86fc                	sh	a5,28(sp)
    1f32:	3dfd                	jal	1e30 <prints>
    1f34:	50f2                	lw	ra,60(sp)
    1f36:	5462                	lw	s0,56(sp)
    1f38:	54d2                	lw	s1,52(sp)
    1f3a:	6121                	addi	sp,sp,64
    1f3c:	8082                	ret
    1f3e:	84aa                	mv	s1,a0
    1f40:	8436                	mv	s0,a3
    1f42:	87ae                	mv	a5,a1
    1f44:	ca91                	beqz	a3,1f58 <printInt+0x42>
    1f46:	4729                	li	a4,10
    1f48:	4401                	li	s0,0
    1f4a:	00e31763          	bne	t1,a4,1f58 <printInt+0x42>
    1f4e:	0005d563          	bgez	a1,1f58 <printInt+0x42>
    1f52:	40b007b3          	neg	a5,a1
    1f56:	4405                	li	s0,1
    1f58:	4686                	lw	a3,64(sp)
    1f5a:	020109a3          	sb	zero,51(sp)
    1f5e:	03310713          	addi	a4,sp,51
    1f62:	fc668693          	addi	a3,a3,-58
    1f66:	c436                	sw	a3,8(sp)
    1f68:	859a                	mv	a1,t1
    1f6a:	853e                	mv	a0,a5
    1f6c:	ca32                	sw	a2,20(sp)
    1f6e:	c83a                	sw	a4,16(sp)
    1f70:	c61a                	sw	t1,12(sp)
    1f72:	c03e                	sw	a5,0(sp)
    1f74:	98cfe0ef          	jal	ra,100 <__umodsi3>
    1f78:	46a5                	li	a3,9
    1f7a:	4782                	lw	a5,0(sp)
    1f7c:	4332                	lw	t1,12(sp)
    1f7e:	4742                	lw	a4,16(sp)
    1f80:	4652                	lw	a2,20(sp)
    1f82:	00a6d463          	bge	a3,a0,1f8a <printInt+0x74>
    1f86:	46a2                	lw	a3,8(sp)
    1f88:	9536                	add	a0,a0,a3
    1f8a:	03050513          	addi	a0,a0,48
    1f8e:	fff70693          	addi	a3,a4,-1
    1f92:	fea70fa3          	sb	a0,-1(a4)
    1f96:	859a                	mv	a1,t1
    1f98:	853e                	mv	a0,a5
    1f9a:	cc32                	sw	a2,24(sp)
    1f9c:	ca3a                	sw	a4,20(sp)
    1f9e:	c81a                	sw	t1,16(sp)
    1fa0:	c63e                	sw	a5,12(sp)
    1fa2:	c036                	sw	a3,0(sp)
    1fa4:	930fe0ef          	jal	ra,d4 <__udivsi3>
    1fa8:	47b2                	lw	a5,12(sp)
    1faa:	4342                	lw	t1,16(sp)
    1fac:	4752                	lw	a4,20(sp)
    1fae:	4662                	lw	a2,24(sp)
    1fb0:	0467fd63          	bgeu	a5,t1,200a <printInt+0xf4>
    1fb4:	cc09                	beqz	s0,1fce <printInt+0xb8>
    1fb6:	ce29                	beqz	a2,2010 <printInt+0xfa>
    1fb8:	4792                	lw	a5,4(sp)
    1fba:	8b89                	andi	a5,a5,2
    1fbc:	cbb1                	beqz	a5,2010 <printInt+0xfa>
    1fbe:	02d00593          	li	a1,45
    1fc2:	8526                	mv	a0,s1
    1fc4:	c432                	sw	a2,8(sp)
    1fc6:	e23ff0ef          	jal	ra,1de8 <printchar>
    1fca:	4622                	lw	a2,8(sp)
    1fcc:	167d                	addi	a2,a2,-1
    1fce:	4792                	lw	a5,4(sp)
    1fd0:	8b91                	andi	a5,a5,4
    1fd2:	c785                	beqz	a5,1ffa <printInt+0xe4>
    1fd4:	4706                	lw	a4,64(sp)
    1fd6:	06100793          	li	a5,97
    1fda:	c432                	sw	a2,8(sp)
    1fdc:	03000593          	li	a1,48
    1fe0:	8526                	mv	a0,s1
    1fe2:	04f71163          	bne	a4,a5,2024 <printInt+0x10e>
    1fe6:	e03ff0ef          	jal	ra,1de8 <printchar>
    1fea:	07800593          	li	a1,120
    1fee:	8526                	mv	a0,s1
    1ff0:	df9ff0ef          	jal	ra,1de8 <printchar>
    1ff4:	4622                	lw	a2,8(sp)
    1ff6:	0409                	addi	s0,s0,2
    1ff8:	1679                	addi	a2,a2,-2
    1ffa:	4716                	lw	a4,68(sp)
    1ffc:	4692                	lw	a3,4(sp)
    1ffe:	4582                	lw	a1,0(sp)
    2000:	8526                	mv	a0,s1
    2002:	e2fff0ef          	jal	ra,1e30 <prints>
    2006:	9522                	add	a0,a0,s0
    2008:	b735                	j	1f34 <printInt+0x1e>
    200a:	87aa                	mv	a5,a0
    200c:	4702                	lw	a4,0(sp)
    200e:	bfa9                	j	1f68 <printInt+0x52>
    2010:	4682                	lw	a3,0(sp)
    2012:	02d00793          	li	a5,45
    2016:	4401                	li	s0,0
    2018:	fef68fa3          	sb	a5,-1(a3)
    201c:	ffe70793          	addi	a5,a4,-2
    2020:	c03e                	sw	a5,0(sp)
    2022:	b775                	j	1fce <printInt+0xb8>
    2024:	dc5ff0ef          	jal	ra,1de8 <printchar>
    2028:	05800593          	li	a1,88
    202c:	b7c9                	j	1fee <printInt+0xd8>

0000202e <printLongLongInt>:
    202e:	4501                	li	a0,0
    2030:	8082                	ret

00002032 <printDouble>:
    2032:	4501                	li	a0,0
    2034:	8082                	ret

00002036 <print>:
    2036:	fd810113          	addi	sp,sp,-40
    203a:	d022                	sw	s0,32(sp)
    203c:	ce26                	sw	s1,28(sp)
    203e:	d206                	sw	ra,36(sp)
    2040:	c42a                	sw	a0,8(sp)
    2042:	82ae                	mv	t0,a1
    2044:	8432                	mv	s0,a2
    2046:	c602                	sw	zero,12(sp)
    2048:	4481                	li	s1,0
    204a:	00028583          	lb	a1,0(t0)
    204e:	ed91                	bnez	a1,206a <print+0x34>
    2050:	47a2                	lw	a5,8(sp)
    2052:	c789                	beqz	a5,205c <print+0x26>
    2054:	4581                	li	a1,0
    2056:	853e                	mv	a0,a5
    2058:	d91ff0ef          	jal	ra,1de8 <printchar>
    205c:	5092                	lw	ra,36(sp)
    205e:	5402                	lw	s0,32(sp)
    2060:	8526                	mv	a0,s1
    2062:	44f2                	lw	s1,28(sp)
    2064:	02810113          	addi	sp,sp,40
    2068:	8082                	ret
    206a:	02500793          	li	a5,37
    206e:	00f58963          	beq	a1,a5,2080 <print+0x4a>
    2072:	4522                	lw	a0,8(sp)
    2074:	c816                	sw	t0,16(sp)
    2076:	0485                	addi	s1,s1,1
    2078:	d71ff0ef          	jal	ra,1de8 <printchar>
    207c:	42c2                	lw	t0,16(sp)
    207e:	a005                	j	209e <print+0x68>
    2080:	00128783          	lb	a5,1(t0)
    2084:	00128713          	addi	a4,t0,1
    2088:	00b79d63          	bne	a5,a1,20a2 <print+0x6c>
    208c:	4522                	lw	a0,8(sp)
    208e:	02500593          	li	a1,37
    2092:	c83a                	sw	a4,16(sp)
    2094:	d55ff0ef          	jal	ra,1de8 <printchar>
    2098:	4742                	lw	a4,16(sp)
    209a:	0485                	addi	s1,s1,1
    209c:	82ba                	mv	t0,a4
    209e:	0285                	addi	t0,t0,1
    20a0:	b76d                	j	204a <print+0x14>
    20a2:	d7dd                	beqz	a5,2050 <print+0x1a>
    20a4:	02b00693          	li	a3,43
    20a8:	04d78963          	beq	a5,a3,20fa <print+0xc4>
    20ac:	00f6c863          	blt	a3,a5,20bc <print+0x86>
    20b0:	02300693          	li	a3,35
    20b4:	04d78663          	beq	a5,a3,2100 <print+0xca>
    20b8:	4781                	li	a5,0
    20ba:	a005                	j	20da <print+0xa4>
    20bc:	02d00693          	li	a3,45
    20c0:	00d78a63          	beq	a5,a3,20d4 <print+0x9e>
    20c4:	03000693          	li	a3,48
    20c8:	fed798e3          	bne	a5,a3,20b8 <print+0x82>
    20cc:	00228713          	addi	a4,t0,2
    20d0:	4789                	li	a5,2
    20d2:	a021                	j	20da <print+0xa4>
    20d4:	00228713          	addi	a4,t0,2
    20d8:	4785                	li	a5,1
    20da:	00070683          	lb	a3,0(a4)
    20de:	02b00613          	li	a2,43
    20e2:	04c68363          	beq	a3,a2,2128 <print+0xf2>
    20e6:	02d64163          	blt	a2,a3,2108 <print+0xd2>
    20ea:	02300613          	li	a2,35
    20ee:	02c68b63          	beq	a3,a2,2124 <print+0xee>
    20f2:	82ba                	mv	t0,a4
    20f4:	4501                	li	a0,0
    20f6:	46a5                	li	a3,9
    20f8:	a081                	j	2138 <print+0x102>
    20fa:	00228713          	addi	a4,t0,2
    20fe:	bf6d                	j	20b8 <print+0x82>
    2100:	00228713          	addi	a4,t0,2
    2104:	4791                	li	a5,4
    2106:	bfd1                	j	20da <print+0xa4>
    2108:	02d00613          	li	a2,45
    210c:	00c68963          	beq	a3,a2,211e <print+0xe8>
    2110:	03000613          	li	a2,48
    2114:	fcc69fe3          	bne	a3,a2,20f2 <print+0xbc>
    2118:	0027e793          	ori	a5,a5,2
    211c:	a031                	j	2128 <print+0xf2>
    211e:	0705                	addi	a4,a4,1
    2120:	4785                	li	a5,1
    2122:	bfc1                	j	20f2 <print+0xbc>
    2124:	0047e793          	ori	a5,a5,4
    2128:	0705                	addi	a4,a4,1
    212a:	b7e1                	j	20f2 <print+0xbc>
    212c:	00251613          	slli	a2,a0,0x2
    2130:	9532                	add	a0,a0,a2
    2132:	0506                	slli	a0,a0,0x1
    2134:	953a                	add	a0,a0,a4
    2136:	0285                	addi	t0,t0,1
    2138:	00028603          	lb	a2,0(t0)
    213c:	fd060713          	addi	a4,a2,-48 # f8ffffd0 <__global_pointer$+0xd8fff708>
    2140:	0ff77593          	andi	a1,a4,255
    2144:	feb6f4e3          	bgeu	a3,a1,212c <print+0xf6>
    2148:	02e00713          	li	a4,46
    214c:	4699                	li	a3,6
    214e:	00e61e63          	bne	a2,a4,216a <print+0x134>
    2152:	0285                	addi	t0,t0,1
    2154:	4681                	li	a3,0
    2156:	45a5                	li	a1,9
    2158:	00028603          	lb	a2,0(t0)
    215c:	fd060613          	addi	a2,a2,-48
    2160:	0ff67713          	andi	a4,a2,255
    2164:	02e5f563          	bgeu	a1,a4,218e <print+0x158>
    2168:	c636                	sw	a3,12(sp)
    216a:	00028703          	lb	a4,0(t0)
    216e:	06a00613          	li	a2,106
    2172:	0ac70d63          	beq	a4,a2,222c <print+0x1f6>
    2176:	02e64363          	blt	a2,a4,219c <print+0x166>
    217a:	04c00613          	li	a2,76
    217e:	0ac70763          	beq	a4,a2,222c <print+0x1f6>
    2182:	06800613          	li	a2,104
    2186:	08c70c63          	beq	a4,a2,221e <print+0x1e8>
    218a:	4581                	li	a1,0
    218c:	a82d                	j	21c6 <print+0x190>
    218e:	00269713          	slli	a4,a3,0x2
    2192:	96ba                	add	a3,a3,a4
    2194:	0686                	slli	a3,a3,0x1
    2196:	96b2                	add	a3,a3,a2
    2198:	0285                	addi	t0,t0,1
    219a:	bf7d                	j	2158 <print+0x122>
    219c:	07400613          	li	a2,116
    21a0:	08c70663          	beq	a4,a2,222c <print+0x1f6>
    21a4:	07a00613          	li	a2,122
    21a8:	08c70263          	beq	a4,a2,222c <print+0x1f6>
    21ac:	06c00613          	li	a2,108
    21b0:	4581                	li	a1,0
    21b2:	00c71a63          	bne	a4,a2,21c6 <print+0x190>
    21b6:	00128603          	lb	a2,1(t0)
    21ba:	458d                	li	a1,3
    21bc:	00e61463          	bne	a2,a4,21c4 <print+0x18e>
    21c0:	0285                	addi	t0,t0,1
    21c2:	4591                	li	a1,4
    21c4:	0285                	addi	t0,t0,1
    21c6:	00028603          	lb	a2,0(t0)
    21ca:	06000393          	li	t2,96
    21ce:	06100713          	li	a4,97
    21d2:	00c3c463          	blt	t2,a2,21da <print+0x1a4>
    21d6:	04100713          	li	a4,65
    21da:	06700393          	li	t2,103
    21de:	06c3c463          	blt	t2,a2,2246 <print+0x210>
    21e2:	06500393          	li	t2,101
    21e6:	18765663          	bge	a2,t2,2372 <print+0x33c>
    21ea:	04700393          	li	t2,71
    21ee:	04c3c163          	blt	t2,a2,2230 <print+0x1fa>
    21f2:	04500593          	li	a1,69
    21f6:	16b65e63          	bge	a2,a1,2372 <print+0x33c>
    21fa:	04300713          	li	a4,67
    21fe:	eae610e3          	bne	a2,a4,209e <print+0x68>
    2202:	4018                	lw	a4,0(s0)
    2204:	00440393          	addi	t2,s0,4
    2208:	ca16                	sw	t0,20(sp)
    220a:	00e10c23          	sb	a4,24(sp)
    220e:	c81e                	sw	t2,16(sp)
    2210:	00010ca3          	sb	zero,25(sp)
    2214:	4701                	li	a4,0
    2216:	86be                	mv	a3,a5
    2218:	862a                	mv	a2,a0
    221a:	082c                	addi	a1,sp,24
    221c:	a849                	j	22ae <print+0x278>
    221e:	00128603          	lb	a2,1(t0)
    2222:	4581                	li	a1,0
    2224:	fae611e3          	bne	a2,a4,21c6 <print+0x190>
    2228:	0289                	addi	t0,t0,2
    222a:	bf71                	j	21c6 <print+0x190>
    222c:	0285                	addi	t0,t0,1
    222e:	bfb1                	j	218a <print+0x154>
    2230:	06300693          	li	a3,99
    2234:	fcd607e3          	beq	a2,a3,2202 <print+0x1cc>
    2238:	06c6cf63          	blt	a3,a2,22b6 <print+0x280>
    223c:	05800693          	li	a3,88
    2240:	02d60363          	beq	a2,a3,2266 <print+0x230>
    2244:	bda9                	j	209e <print+0x68>
    2246:	07300693          	li	a3,115
    224a:	04d60463          	beq	a2,a3,2292 <print+0x25c>
    224e:	02c6cb63          	blt	a3,a2,2284 <print+0x24e>
    2252:	06f00693          	li	a3,111
    2256:	0ed60563          	beq	a2,a3,2340 <print+0x30a>
    225a:	07000693          	li	a3,112
    225e:	0047e793          	ori	a5,a5,4
    2262:	e2d61ee3          	bne	a2,a3,209e <print+0x68>
    2266:	4691                	li	a3,4
    2268:	0cd59263          	bne	a1,a3,232c <print+0x2f6>
    226c:	00840393          	addi	t2,s0,8
    2270:	400c                	lw	a1,0(s0)
    2272:	4050                	lw	a2,4(s0)
    2274:	ca16                	sw	t0,20(sp)
    2276:	c23a                	sw	a4,4(sp)
    2278:	c03e                	sw	a5,0(sp)
    227a:	c81e                	sw	t2,16(sp)
    227c:	87aa                	mv	a5,a0
    227e:	4701                	li	a4,0
    2280:	46c1                	li	a3,16
    2282:	a881                	j	22d2 <print+0x29c>
    2284:	07500693          	li	a3,117
    2288:	06d60b63          	beq	a2,a3,22fe <print+0x2c8>
    228c:	07800693          	li	a3,120
    2290:	bf45                	j	2240 <print+0x20a>
    2292:	4018                	lw	a4,0(s0)
    2294:	000046b7          	lui	a3,0x4
    2298:	00440393          	addi	t2,s0,4
    229c:	b0c68593          	addi	a1,a3,-1268 # 3b0c <OLED_F8x16+0x40c>
    22a0:	c311                	beqz	a4,22a4 <print+0x26e>
    22a2:	85ba                	mv	a1,a4
    22a4:	4732                	lw	a4,12(sp)
    22a6:	ca16                	sw	t0,20(sp)
    22a8:	c81e                	sw	t2,16(sp)
    22aa:	86be                	mv	a3,a5
    22ac:	862a                	mv	a2,a0
    22ae:	4522                	lw	a0,8(sp)
    22b0:	b81ff0ef          	jal	ra,1e30 <prints>
    22b4:	a015                	j	22d8 <print+0x2a2>
    22b6:	4691                	li	a3,4
    22b8:	02d59563          	bne	a1,a3,22e2 <print+0x2ac>
    22bc:	00840393          	addi	t2,s0,8
    22c0:	400c                	lw	a1,0(s0)
    22c2:	4050                	lw	a2,4(s0)
    22c4:	ca16                	sw	t0,20(sp)
    22c6:	c23a                	sw	a4,4(sp)
    22c8:	c03e                	sw	a5,0(sp)
    22ca:	c81e                	sw	t2,16(sp)
    22cc:	87aa                	mv	a5,a0
    22ce:	4705                	li	a4,1
    22d0:	46a9                	li	a3,10
    22d2:	4522                	lw	a0,8(sp)
    22d4:	d5bff0ef          	jal	ra,202e <printLongLongInt>
    22d8:	43c2                	lw	t2,16(sp)
    22da:	94aa                	add	s1,s1,a0
    22dc:	841e                	mv	s0,t2
    22de:	42d2                	lw	t0,20(sp)
    22e0:	bb7d                	j	209e <print+0x68>
    22e2:	46b2                	lw	a3,12(sp)
    22e4:	400c                	lw	a1,0(s0)
    22e6:	c816                	sw	t0,16(sp)
    22e8:	c236                	sw	a3,4(sp)
    22ea:	c03a                	sw	a4,0(sp)
    22ec:	0411                	addi	s0,s0,4
    22ee:	872a                	mv	a4,a0
    22f0:	4685                	li	a3,1
    22f2:	4629                	li	a2,10
    22f4:	4522                	lw	a0,8(sp)
    22f6:	c21ff0ef          	jal	ra,1f16 <printInt>
    22fa:	94aa                	add	s1,s1,a0
    22fc:	b341                	j	207c <print+0x46>
    22fe:	4691                	li	a3,4
    2300:	00d59d63          	bne	a1,a3,231a <print+0x2e4>
    2304:	00840393          	addi	t2,s0,8
    2308:	400c                	lw	a1,0(s0)
    230a:	4050                	lw	a2,4(s0)
    230c:	ca16                	sw	t0,20(sp)
    230e:	c23a                	sw	a4,4(sp)
    2310:	c03e                	sw	a5,0(sp)
    2312:	c81e                	sw	t2,16(sp)
    2314:	87aa                	mv	a5,a0
    2316:	4701                	li	a4,0
    2318:	bf65                	j	22d0 <print+0x29a>
    231a:	46b2                	lw	a3,12(sp)
    231c:	400c                	lw	a1,0(s0)
    231e:	c816                	sw	t0,16(sp)
    2320:	c236                	sw	a3,4(sp)
    2322:	c03a                	sw	a4,0(sp)
    2324:	0411                	addi	s0,s0,4
    2326:	872a                	mv	a4,a0
    2328:	4681                	li	a3,0
    232a:	b7e1                	j	22f2 <print+0x2bc>
    232c:	46b2                	lw	a3,12(sp)
    232e:	c816                	sw	t0,16(sp)
    2330:	400c                	lw	a1,0(s0)
    2332:	4641                	li	a2,16
    2334:	c236                	sw	a3,4(sp)
    2336:	c03a                	sw	a4,0(sp)
    2338:	0411                	addi	s0,s0,4
    233a:	872a                	mv	a4,a0
    233c:	4681                	li	a3,0
    233e:	bf5d                	j	22f4 <print+0x2be>
    2340:	4691                	li	a3,4
    2342:	00d59e63          	bne	a1,a3,235e <print+0x328>
    2346:	00840393          	addi	t2,s0,8
    234a:	400c                	lw	a1,0(s0)
    234c:	4050                	lw	a2,4(s0)
    234e:	ca16                	sw	t0,20(sp)
    2350:	c23a                	sw	a4,4(sp)
    2352:	c03e                	sw	a5,0(sp)
    2354:	c81e                	sw	t2,16(sp)
    2356:	87aa                	mv	a5,a0
    2358:	4701                	li	a4,0
    235a:	46a1                	li	a3,8
    235c:	bf9d                	j	22d2 <print+0x29c>
    235e:	46b2                	lw	a3,12(sp)
    2360:	400c                	lw	a1,0(s0)
    2362:	c816                	sw	t0,16(sp)
    2364:	c236                	sw	a3,4(sp)
    2366:	c03a                	sw	a4,0(sp)
    2368:	0411                	addi	s0,s0,4
    236a:	872a                	mv	a4,a0
    236c:	4681                	li	a3,0
    236e:	4621                	li	a2,8
    2370:	b751                	j	22f4 <print+0x2be>
    2372:	400c                	lw	a1,0(s0)
    2374:	00840613          	addi	a2,s0,8
    2378:	4040                	lw	s0,4(s0)
    237a:	c23a                	sw	a4,4(sp)
    237c:	872a                	mv	a4,a0
    237e:	4522                	lw	a0,8(sp)
    2380:	c832                	sw	a2,16(sp)
    2382:	c03e                	sw	a5,0(sp)
    2384:	8622                	mv	a2,s0
    2386:	87b6                	mv	a5,a3
    2388:	46a9                	li	a3,10
    238a:	ca16                	sw	t0,20(sp)
    238c:	ca7ff0ef          	jal	ra,2032 <printDouble>
    2390:	94aa                	add	s1,s1,a0
    2392:	4442                	lw	s0,16(sp)
    2394:	b7a9                	j	22de <print+0x2a8>

00002396 <printf>:
    2396:	fdc10113          	addi	sp,sp,-36
    239a:	c82e                	sw	a1,16(sp)
    239c:	ca32                	sw	a2,20(sp)
    239e:	85aa                	mv	a1,a0
    23a0:	0810                	addi	a2,sp,16
    23a2:	4501                	li	a0,0
    23a4:	c606                	sw	ra,12(sp)
    23a6:	cc36                	sw	a3,24(sp)
    23a8:	ce3a                	sw	a4,28(sp)
    23aa:	d03e                	sw	a5,32(sp)
    23ac:	c032                	sw	a2,0(sp)
    23ae:	c89ff0ef          	jal	ra,2036 <print>
    23b2:	40b2                	lw	ra,12(sp)
    23b4:	02410113          	addi	sp,sp,36
    23b8:	8082                	ret

000023ba <__divsf3>:
    23ba:	fdc10113          	addi	sp,sp,-36
    23be:	01755693          	srli	a3,a0,0x17
    23c2:	cc26                	sw	s1,24(sp)
    23c4:	00951613          	slli	a2,a0,0x9
    23c8:	01f55493          	srli	s1,a0,0x1f
    23cc:	d006                	sw	ra,32(sp)
    23ce:	ce22                	sw	s0,28(sp)
    23d0:	0ff6f693          	andi	a3,a3,255
    23d4:	8225                	srli	a2,a2,0x9
    23d6:	82a6                	mv	t0,s1
    23d8:	10068b63          	beqz	a3,24ee <__divsf3+0x134>
    23dc:	0ff00793          	li	a5,255
    23e0:	10f68c63          	beq	a3,a5,24f8 <__divsf3+0x13e>
    23e4:	060e                	slli	a2,a2,0x3
    23e6:	040007b7          	lui	a5,0x4000
    23ea:	8e5d                	or	a2,a2,a5
    23ec:	f8168693          	addi	a3,a3,-127
    23f0:	4401                	li	s0,0
    23f2:	4381                	li	t2,0
    23f4:	0175d793          	srli	a5,a1,0x17
    23f8:	00959313          	slli	t1,a1,0x9
    23fc:	0ff7f793          	andi	a5,a5,255
    2400:	00935313          	srli	t1,t1,0x9
    2404:	81fd                	srli	a1,a1,0x1f
    2406:	c3e5                	beqz	a5,24e6 <__divsf3+0x12c>
    2408:	0ff00713          	li	a4,255
    240c:	02e78663          	beq	a5,a4,2438 <__divsf3+0x7e>
    2410:	f8178793          	addi	a5,a5,-127 # 3ffff81 <_data_lma+0x3ffc271>
    2414:	030e                	slli	t1,t1,0x3
    2416:	04000737          	lui	a4,0x4000
    241a:	8e9d                	sub	a3,a3,a5
    241c:	00e36333          	or	t1,t1,a4
    2420:	4781                	li	a5,0
    2422:	8c5d                	or	s0,s0,a5
    2424:	00001517          	auipc	a0,0x1
    2428:	6f050513          	addi	a0,a0,1776 # 3b14 <OLED_F8x16+0x414>
    242c:	040a                	slli	s0,s0,0x2
    242e:	942a                	add	s0,s0,a0
    2430:	4000                	lw	s0,0(s0)
    2432:	8cad                	xor	s1,s1,a1
    2434:	9522                	add	a0,a0,s0
    2436:	8502                	jr	a0
    2438:	f0168693          	addi	a3,a3,-255
    243c:	0c031463          	bnez	t1,2504 <__divsf3+0x14a>
    2440:	4789                	li	a5,2
    2442:	8c5d                	or	s0,s0,a5
    2444:	00001517          	auipc	a0,0x1
    2448:	71050513          	addi	a0,a0,1808 # 3b54 <OLED_F8x16+0x454>
    244c:	040a                	slli	s0,s0,0x2
    244e:	942a                	add	s0,s0,a0
    2450:	00042303          	lw	t1,0(s0)
    2454:	8cad                	xor	s1,s1,a1
    2456:	951a                	add	a0,a0,t1
    2458:	8502                	jr	a0
    245a:	4481                	li	s1,0
    245c:	0ff00593          	li	a1,255
    2460:	004007b7          	lui	a5,0x400
    2464:	00979513          	slli	a0,a5,0x9
    2468:	5082                	lw	ra,32(sp)
    246a:	4472                	lw	s0,28(sp)
    246c:	01759793          	slli	a5,a1,0x17
    2470:	8125                	srli	a0,a0,0x9
    2472:	04fe                	slli	s1,s1,0x1f
    2474:	8d5d                	or	a0,a0,a5
    2476:	8d45                	or	a0,a0,s1
    2478:	44e2                	lw	s1,24(sp)
    247a:	02410113          	addi	sp,sp,36
    247e:	8082                	ret
    2480:	0ff00593          	li	a1,255
    2484:	4781                	li	a5,0
    2486:	bff9                	j	2464 <__divsf3+0xaa>
    2488:	861a                	mv	a2,t1
    248a:	82ae                	mv	t0,a1
    248c:	83be                	mv	t2,a5
    248e:	4789                	li	a5,2
    2490:	22f38463          	beq	t2,a5,26b8 <__divsf3+0x2fe>
    2494:	478d                	li	a5,3
    2496:	fcf382e3          	beq	t2,a5,245a <__divsf3+0xa0>
    249a:	4785                	li	a5,1
    249c:	0cf38463          	beq	t2,a5,2564 <__divsf3+0x1aa>
    24a0:	07f68593          	addi	a1,a3,127
    24a4:	0012f493          	andi	s1,t0,1
    24a8:	18b05663          	blez	a1,2634 <__divsf3+0x27a>
    24ac:	00767793          	andi	a5,a2,7
    24b0:	c799                	beqz	a5,24be <__divsf3+0x104>
    24b2:	00f67793          	andi	a5,a2,15
    24b6:	4511                	li	a0,4
    24b8:	00a78363          	beq	a5,a0,24be <__divsf3+0x104>
    24bc:	0611                	addi	a2,a2,4
    24be:	00461793          	slli	a5,a2,0x4
    24c2:	0007d863          	bgez	a5,24d2 <__divsf3+0x118>
    24c6:	f80007b7          	lui	a5,0xf8000
    24ca:	17fd                	addi	a5,a5,-1
    24cc:	8e7d                	and	a2,a2,a5
    24ce:	08068593          	addi	a1,a3,128
    24d2:	0fe00793          	li	a5,254
    24d6:	fab7c5e3          	blt	a5,a1,2480 <__divsf3+0xc6>
    24da:	00661793          	slli	a5,a2,0x6
    24de:	83a5                	srli	a5,a5,0x9
    24e0:	0ff5f593          	andi	a1,a1,255
    24e4:	b741                	j	2464 <__divsf3+0xaa>
    24e6:	04031863          	bnez	t1,2536 <__divsf3+0x17c>
    24ea:	4785                	li	a5,1
    24ec:	bf99                	j	2442 <__divsf3+0x88>
    24ee:	e215                	bnez	a2,2512 <__divsf3+0x158>
    24f0:	4411                	li	s0,4
    24f2:	4681                	li	a3,0
    24f4:	4385                	li	t2,1
    24f6:	bdfd                	j	23f4 <__divsf3+0x3a>
    24f8:	ea01                	bnez	a2,2508 <__divsf3+0x14e>
    24fa:	4421                	li	s0,8
    24fc:	0ff00693          	li	a3,255
    2500:	4389                	li	t2,2
    2502:	bdcd                	j	23f4 <__divsf3+0x3a>
    2504:	478d                	li	a5,3
    2506:	bf31                	j	2422 <__divsf3+0x68>
    2508:	4431                	li	s0,12
    250a:	0ff00693          	li	a3,255
    250e:	438d                	li	t2,3
    2510:	b5d5                	j	23f4 <__divsf3+0x3a>
    2512:	8532                	mv	a0,a2
    2514:	c42e                	sw	a1,8(sp)
    2516:	c032                	sw	a2,0(sp)
    2518:	c226                	sw	s1,4(sp)
    251a:	2551                	jal	2b9e <__clzsi2>
    251c:	4602                	lw	a2,0(sp)
    251e:	ffb50793          	addi	a5,a0,-5
    2522:	f8a00693          	li	a3,-118
    2526:	00f61633          	sll	a2,a2,a5
    252a:	8e89                	sub	a3,a3,a0
    252c:	4401                	li	s0,0
    252e:	4381                	li	t2,0
    2530:	4292                	lw	t0,4(sp)
    2532:	45a2                	lw	a1,8(sp)
    2534:	b5c1                	j	23f4 <__divsf3+0x3a>
    2536:	851a                	mv	a0,t1
    2538:	ca36                	sw	a3,20(sp)
    253a:	c816                	sw	t0,16(sp)
    253c:	c632                	sw	a2,12(sp)
    253e:	c41e                	sw	t2,8(sp)
    2540:	c22e                	sw	a1,4(sp)
    2542:	c01a                	sw	t1,0(sp)
    2544:	2da9                	jal	2b9e <__clzsi2>
    2546:	46d2                	lw	a3,20(sp)
    2548:	4302                	lw	t1,0(sp)
    254a:	ffb50793          	addi	a5,a0,-5
    254e:	96aa                	add	a3,a3,a0
    2550:	00f31333          	sll	t1,t1,a5
    2554:	07668693          	addi	a3,a3,118
    2558:	4781                	li	a5,0
    255a:	4592                	lw	a1,4(sp)
    255c:	43a2                	lw	t2,8(sp)
    255e:	4632                	lw	a2,12(sp)
    2560:	42c2                	lw	t0,16(sp)
    2562:	b5c1                	j	2422 <__divsf3+0x68>
    2564:	0012f493          	andi	s1,t0,1
    2568:	4581                	li	a1,0
    256a:	4781                	li	a5,0
    256c:	bde5                	j	2464 <__divsf3+0xaa>
    256e:	67c1                	lui	a5,0x10
    2570:	00531713          	slli	a4,t1,0x5
    2574:	17fd                	addi	a5,a5,-1
    2576:	8ff9                	and	a5,a5,a4
    2578:	ca3a                	sw	a4,20(sp)
    257a:	c23e                	sw	a5,4(sp)
    257c:	01075413          	srli	s0,a4,0x10
    2580:	0e667d63          	bgeu	a2,t1,267a <__divsf3+0x2c0>
    2584:	8532                	mv	a0,a2
    2586:	85a2                	mv	a1,s0
    2588:	c636                	sw	a3,12(sp)
    258a:	c432                	sw	a2,8(sp)
    258c:	b49fd0ef          	jal	ra,d4 <__udivsi3>
    2590:	4592                	lw	a1,4(sp)
    2592:	c02a                	sw	a0,0(sp)
    2594:	b21fd0ef          	jal	ra,b4 <__mulsi3>
    2598:	4622                	lw	a2,8(sp)
    259a:	46b2                	lw	a3,12(sp)
    259c:	87aa                	mv	a5,a0
    259e:	8332                	mv	t1,a2
    25a0:	16fd                	addi	a3,a3,-1
    25a2:	4601                	li	a2,0
    25a4:	85a2                	mv	a1,s0
    25a6:	851a                	mv	a0,t1
    25a8:	c836                	sw	a3,16(sp)
    25aa:	c63e                	sw	a5,12(sp)
    25ac:	c432                	sw	a2,8(sp)
    25ae:	b53fd0ef          	jal	ra,100 <__umodsi3>
    25b2:	4622                	lw	a2,8(sp)
    25b4:	47b2                	lw	a5,12(sp)
    25b6:	0542                	slli	a0,a0,0x10
    25b8:	8d51                	or	a0,a0,a2
    25ba:	46c2                	lw	a3,16(sp)
    25bc:	00f57f63          	bgeu	a0,a5,25da <__divsf3+0x220>
    25c0:	4752                	lw	a4,20(sp)
    25c2:	4582                	lw	a1,0(sp)
    25c4:	953a                	add	a0,a0,a4
    25c6:	fff58613          	addi	a2,a1,-1
    25ca:	0ee56263          	bltu	a0,a4,26ae <__divsf3+0x2f4>
    25ce:	0ef57063          	bgeu	a0,a5,26ae <__divsf3+0x2f4>
    25d2:	ffe58613          	addi	a2,a1,-2
    25d6:	c032                	sw	a2,0(sp)
    25d8:	953a                	add	a0,a0,a4
    25da:	40f507b3          	sub	a5,a0,a5
    25de:	853e                	mv	a0,a5
    25e0:	85a2                	mv	a1,s0
    25e2:	c836                	sw	a3,16(sp)
    25e4:	c63e                	sw	a5,12(sp)
    25e6:	aeffd0ef          	jal	ra,d4 <__udivsi3>
    25ea:	4592                	lw	a1,4(sp)
    25ec:	c42a                	sw	a0,8(sp)
    25ee:	ac7fd0ef          	jal	ra,b4 <__mulsi3>
    25f2:	47b2                	lw	a5,12(sp)
    25f4:	c22a                	sw	a0,4(sp)
    25f6:	85a2                	mv	a1,s0
    25f8:	853e                	mv	a0,a5
    25fa:	b07fd0ef          	jal	ra,100 <__umodsi3>
    25fe:	4612                	lw	a2,4(sp)
    2600:	0542                	slli	a0,a0,0x10
    2602:	4322                	lw	t1,8(sp)
    2604:	46c2                	lw	a3,16(sp)
    2606:	00c57c63          	bgeu	a0,a2,261e <__divsf3+0x264>
    260a:	4752                	lw	a4,20(sp)
    260c:	fff30793          	addi	a5,t1,-1
    2610:	953a                	add	a0,a0,a4
    2612:	08e56c63          	bltu	a0,a4,26aa <__divsf3+0x2f0>
    2616:	08c57a63          	bgeu	a0,a2,26aa <__divsf3+0x2f0>
    261a:	1379                	addi	t1,t1,-2
    261c:	953a                	add	a0,a0,a4
    261e:	4782                	lw	a5,0(sp)
    2620:	40c50633          	sub	a2,a0,a2
    2624:	00c03633          	snez	a2,a2
    2628:	07c2                	slli	a5,a5,0x10
    262a:	0067e7b3          	or	a5,a5,t1
    262e:	8e5d                	or	a2,a2,a5
    2630:	82a6                	mv	t0,s1
    2632:	b5bd                	j	24a0 <__divsf3+0xe6>
    2634:	4305                	li	t1,1
    2636:	40b30333          	sub	t1,t1,a1
    263a:	c591                	beqz	a1,2646 <__divsf3+0x28c>
    263c:	456d                	li	a0,27
    263e:	4581                	li	a1,0
    2640:	4781                	li	a5,0
    2642:	e26541e3          	blt	a0,t1,2464 <__divsf3+0xaa>
    2646:	09e68693          	addi	a3,a3,158
    264a:	00d616b3          	sll	a3,a2,a3
    264e:	006657b3          	srl	a5,a2,t1
    2652:	00d03633          	snez	a2,a3
    2656:	8fd1                	or	a5,a5,a2
    2658:	0077f693          	andi	a3,a5,7
    265c:	c699                	beqz	a3,266a <__divsf3+0x2b0>
    265e:	00f7f693          	andi	a3,a5,15
    2662:	4611                	li	a2,4
    2664:	00c68363          	beq	a3,a2,266a <__divsf3+0x2b0>
    2668:	0791                	addi	a5,a5,4
    266a:	00579713          	slli	a4,a5,0x5
    266e:	04074263          	bltz	a4,26b2 <__divsf3+0x2f8>
    2672:	079a                	slli	a5,a5,0x6
    2674:	83a5                	srli	a5,a5,0x9
    2676:	4581                	li	a1,0
    2678:	b3f5                	j	2464 <__divsf3+0xaa>
    267a:	00165313          	srli	t1,a2,0x1
    267e:	851a                	mv	a0,t1
    2680:	85a2                	mv	a1,s0
    2682:	c836                	sw	a3,16(sp)
    2684:	c632                	sw	a2,12(sp)
    2686:	c41a                	sw	t1,8(sp)
    2688:	a4dfd0ef          	jal	ra,d4 <__udivsi3>
    268c:	4592                	lw	a1,4(sp)
    268e:	c02a                	sw	a0,0(sp)
    2690:	a25fd0ef          	jal	ra,b4 <__mulsi3>
    2694:	4632                	lw	a2,12(sp)
    2696:	87aa                	mv	a5,a0
    2698:	46c2                	lw	a3,16(sp)
    269a:	067e                	slli	a2,a2,0x1f
    269c:	8241                	srli	a2,a2,0x10
    269e:	4322                	lw	t1,8(sp)
    26a0:	b711                	j	25a4 <__divsf3+0x1ea>
    26a2:	82ae                	mv	t0,a1
    26a4:	83be                	mv	t2,a5
    26a6:	4601                	li	a2,0
    26a8:	b3dd                	j	248e <__divsf3+0xd4>
    26aa:	833e                	mv	t1,a5
    26ac:	bf8d                	j	261e <__divsf3+0x264>
    26ae:	c032                	sw	a2,0(sp)
    26b0:	b72d                	j	25da <__divsf3+0x220>
    26b2:	4585                	li	a1,1
    26b4:	4781                	li	a5,0
    26b6:	b37d                	j	2464 <__divsf3+0xaa>
    26b8:	0012f493          	andi	s1,t0,1
    26bc:	0ff00593          	li	a1,255
    26c0:	4781                	li	a5,0
    26c2:	b34d                	j	2464 <__divsf3+0xaa>

000026c4 <__mulsf3>:
    26c4:	1101                	addi	sp,sp,-32
    26c6:	cc22                	sw	s0,24(sp)
    26c8:	01755413          	srli	s0,a0,0x17
    26cc:	ca26                	sw	s1,20(sp)
    26ce:	ce06                	sw	ra,28(sp)
    26d0:	00951493          	slli	s1,a0,0x9
    26d4:	0ff47413          	andi	s0,s0,255
    26d8:	80a5                	srli	s1,s1,0x9
    26da:	01f55693          	srli	a3,a0,0x1f
    26de:	cc4d                	beqz	s0,2798 <__mulsf3+0xd4>
    26e0:	0ff00793          	li	a5,255
    26e4:	0cf40c63          	beq	s0,a5,27bc <__mulsf3+0xf8>
    26e8:	040007b7          	lui	a5,0x4000
    26ec:	048e                	slli	s1,s1,0x3
    26ee:	8cdd                	or	s1,s1,a5
    26f0:	f8140413          	addi	s0,s0,-127
    26f4:	4781                	li	a5,0
    26f6:	4601                	li	a2,0
    26f8:	0175d513          	srli	a0,a1,0x17
    26fc:	00959713          	slli	a4,a1,0x9
    2700:	0ff57513          	andi	a0,a0,255
    2704:	8325                	srli	a4,a4,0x9
    2706:	81fd                	srli	a1,a1,0x1f
    2708:	c54d                	beqz	a0,27b2 <__mulsf3+0xee>
    270a:	0ff00313          	li	t1,255
    270e:	02650d63          	beq	a0,t1,2748 <__mulsf3+0x84>
    2712:	070e                	slli	a4,a4,0x3
    2714:	f8150513          	addi	a0,a0,-127
    2718:	04000337          	lui	t1,0x4000
    271c:	00676733          	or	a4,a4,t1
    2720:	942a                	add	s0,s0,a0
    2722:	4381                	li	t2,0
    2724:	00140513          	addi	a0,s0,1
    2728:	00b6c333          	xor	t1,a3,a1
    272c:	c02a                	sw	a0,0(sp)
    272e:	453d                	li	a0,15
    2730:	829a                	mv	t0,t1
    2732:	10f56263          	bltu	a0,a5,2836 <__mulsf3+0x172>
    2736:	00001517          	auipc	a0,0x1
    273a:	45e50513          	addi	a0,a0,1118 # 3b94 <OLED_F8x16+0x494>
    273e:	078a                	slli	a5,a5,0x2
    2740:	97aa                	add	a5,a5,a0
    2742:	439c                	lw	a5,0(a5)
    2744:	953e                	add	a0,a0,a5
    2746:	8502                	jr	a0
    2748:	0ff40413          	addi	s0,s0,255
    274c:	eb61                	bnez	a4,281c <__mulsf3+0x158>
    274e:	0027e793          	ori	a5,a5,2
    2752:	4389                	li	t2,2
    2754:	bfc1                	j	2724 <__mulsf3+0x60>
    2756:	4301                	li	t1,0
    2758:	0ff00713          	li	a4,255
    275c:	004007b7          	lui	a5,0x400
    2760:	40f2                	lw	ra,28(sp)
    2762:	4462                	lw	s0,24(sp)
    2764:	07a6                	slli	a5,a5,0x9
    2766:	075e                	slli	a4,a4,0x17
    2768:	83a5                	srli	a5,a5,0x9
    276a:	01f31513          	slli	a0,t1,0x1f
    276e:	8fd9                	or	a5,a5,a4
    2770:	44d2                	lw	s1,20(sp)
    2772:	8d5d                	or	a0,a0,a5
    2774:	6105                	addi	sp,sp,32
    2776:	8082                	ret
    2778:	82ae                	mv	t0,a1
    277a:	84ba                	mv	s1,a4
    277c:	861e                	mv	a2,t2
    277e:	4789                	li	a5,2
    2780:	0af60663          	beq	a2,a5,282c <__mulsf3+0x168>
    2784:	478d                	li	a5,3
    2786:	fcf608e3          	beq	a2,a5,2756 <__mulsf3+0x92>
    278a:	4785                	li	a5,1
    278c:	8316                	mv	t1,t0
    278e:	1af61e63          	bne	a2,a5,294a <__mulsf3+0x286>
    2792:	4701                	li	a4,0
    2794:	4781                	li	a5,0
    2796:	b7e9                	j	2760 <__mulsf3+0x9c>
    2798:	e0b5                	bnez	s1,27fc <__mulsf3+0x138>
    279a:	0175d513          	srli	a0,a1,0x17
    279e:	00959713          	slli	a4,a1,0x9
    27a2:	0ff57513          	andi	a0,a0,255
    27a6:	4791                	li	a5,4
    27a8:	4401                	li	s0,0
    27aa:	4605                	li	a2,1
    27ac:	8325                	srli	a4,a4,0x9
    27ae:	81fd                	srli	a1,a1,0x1f
    27b0:	fd29                	bnez	a0,270a <__mulsf3+0x46>
    27b2:	eb19                	bnez	a4,27c8 <__mulsf3+0x104>
    27b4:	0017e793          	ori	a5,a5,1
    27b8:	4385                	li	t2,1
    27ba:	b7ad                	j	2724 <__mulsf3+0x60>
    27bc:	e89d                	bnez	s1,27f2 <__mulsf3+0x12e>
    27be:	47a1                	li	a5,8
    27c0:	0ff00413          	li	s0,255
    27c4:	4609                	li	a2,2
    27c6:	bf0d                	j	26f8 <__mulsf3+0x34>
    27c8:	853a                	mv	a0,a4
    27ca:	c832                	sw	a2,16(sp)
    27cc:	c63e                	sw	a5,12(sp)
    27ce:	c42e                	sw	a1,8(sp)
    27d0:	c236                	sw	a3,4(sp)
    27d2:	c03a                	sw	a4,0(sp)
    27d4:	26e9                	jal	2b9e <__clzsi2>
    27d6:	4702                	lw	a4,0(sp)
    27d8:	ffb50313          	addi	t1,a0,-5
    27dc:	8c09                	sub	s0,s0,a0
    27de:	00671733          	sll	a4,a4,t1
    27e2:	f8a40413          	addi	s0,s0,-118
    27e6:	4381                	li	t2,0
    27e8:	4692                	lw	a3,4(sp)
    27ea:	45a2                	lw	a1,8(sp)
    27ec:	47b2                	lw	a5,12(sp)
    27ee:	4642                	lw	a2,16(sp)
    27f0:	bf15                	j	2724 <__mulsf3+0x60>
    27f2:	47b1                	li	a5,12
    27f4:	0ff00413          	li	s0,255
    27f8:	460d                	li	a2,3
    27fa:	bdfd                	j	26f8 <__mulsf3+0x34>
    27fc:	8526                	mv	a0,s1
    27fe:	c22e                	sw	a1,4(sp)
    2800:	c036                	sw	a3,0(sp)
    2802:	2e71                	jal	2b9e <__clzsi2>
    2804:	ffb50793          	addi	a5,a0,-5
    2808:	f8a00413          	li	s0,-118
    280c:	00f494b3          	sll	s1,s1,a5
    2810:	8c09                	sub	s0,s0,a0
    2812:	4781                	li	a5,0
    2814:	4601                	li	a2,0
    2816:	4682                	lw	a3,0(sp)
    2818:	4592                	lw	a1,4(sp)
    281a:	bdf9                	j	26f8 <__mulsf3+0x34>
    281c:	0037e793          	ori	a5,a5,3
    2820:	438d                	li	t2,3
    2822:	b709                	j	2724 <__mulsf3+0x60>
    2824:	4789                	li	a5,2
    2826:	82b6                	mv	t0,a3
    2828:	f4f61ee3          	bne	a2,a5,2784 <__mulsf3+0xc0>
    282c:	8316                	mv	t1,t0
    282e:	0ff00713          	li	a4,255
    2832:	4781                	li	a5,0
    2834:	b735                	j	2760 <__mulsf3+0x9c>
    2836:	67c1                	lui	a5,0x10
    2838:	17fd                	addi	a5,a5,-1
    283a:	00f4f3b3          	and	t2,s1,a5
    283e:	8ff9                	and	a5,a5,a4
    2840:	80c1                	srli	s1,s1,0x10
    2842:	8341                	srli	a4,a4,0x10
    2844:	851e                	mv	a0,t2
    2846:	85be                	mv	a1,a5
    2848:	86dfd0ef          	jal	ra,b4 <__mulsi3>
    284c:	82aa                	mv	t0,a0
    284e:	85ba                	mv	a1,a4
    2850:	851e                	mv	a0,t2
    2852:	863fd0ef          	jal	ra,b4 <__mulsi3>
    2856:	83aa                	mv	t2,a0
    2858:	85be                	mv	a1,a5
    285a:	8526                	mv	a0,s1
    285c:	859fd0ef          	jal	ra,b4 <__mulsi3>
    2860:	87aa                	mv	a5,a0
    2862:	85ba                	mv	a1,a4
    2864:	8526                	mv	a0,s1
    2866:	84ffd0ef          	jal	ra,b4 <__mulsi3>
    286a:	0102d713          	srli	a4,t0,0x10
    286e:	93be                	add	t2,t2,a5
    2870:	93ba                	add	t2,t2,a4
    2872:	00f3f463          	bgeu	t2,a5,287a <__mulsf3+0x1b6>
    2876:	67c1                	lui	a5,0x10
    2878:	953e                	add	a0,a0,a5
    287a:	67c1                	lui	a5,0x10
    287c:	17fd                	addi	a5,a5,-1
    287e:	00f3f4b3          	and	s1,t2,a5
    2882:	04c2                	slli	s1,s1,0x10
    2884:	00f2f2b3          	and	t0,t0,a5
    2888:	92a6                	add	t0,t0,s1
    288a:	00629493          	slli	s1,t0,0x6
    288e:	0103d393          	srli	t2,t2,0x10
    2892:	009034b3          	snez	s1,s1
    2896:	01a2d293          	srli	t0,t0,0x1a
    289a:	93aa                	add	t2,t2,a0
    289c:	0054e2b3          	or	t0,s1,t0
    28a0:	00639493          	slli	s1,t2,0x6
    28a4:	0054e4b3          	or	s1,s1,t0
    28a8:	00449793          	slli	a5,s1,0x4
    28ac:	0007d763          	bgez	a5,28ba <__mulsf3+0x1f6>
    28b0:	4402                	lw	s0,0(sp)
    28b2:	0014d793          	srli	a5,s1,0x1
    28b6:	8885                	andi	s1,s1,1
    28b8:	8cdd                	or	s1,s1,a5
    28ba:	07f40713          	addi	a4,s0,127
    28be:	02e05f63          	blez	a4,28fc <__mulsf3+0x238>
    28c2:	0074f793          	andi	a5,s1,7
    28c6:	c799                	beqz	a5,28d4 <__mulsf3+0x210>
    28c8:	00f4f793          	andi	a5,s1,15
    28cc:	4691                	li	a3,4
    28ce:	00d78363          	beq	a5,a3,28d4 <__mulsf3+0x210>
    28d2:	0491                	addi	s1,s1,4
    28d4:	00449793          	slli	a5,s1,0x4
    28d8:	0007d863          	bgez	a5,28e8 <__mulsf3+0x224>
    28dc:	f80007b7          	lui	a5,0xf8000
    28e0:	17fd                	addi	a5,a5,-1
    28e2:	8cfd                	and	s1,s1,a5
    28e4:	08040713          	addi	a4,s0,128
    28e8:	0fe00793          	li	a5,254
    28ec:	04e7cb63          	blt	a5,a4,2942 <__mulsf3+0x27e>
    28f0:	00649793          	slli	a5,s1,0x6
    28f4:	83a5                	srli	a5,a5,0x9
    28f6:	0ff77713          	andi	a4,a4,255
    28fa:	b59d                	j	2760 <__mulsf3+0x9c>
    28fc:	4785                	li	a5,1
    28fe:	40e786b3          	sub	a3,a5,a4
    2902:	c711                	beqz	a4,290e <__mulsf3+0x24a>
    2904:	466d                	li	a2,27
    2906:	4701                	li	a4,0
    2908:	4781                	li	a5,0
    290a:	e4d64be3          	blt	a2,a3,2760 <__mulsf3+0x9c>
    290e:	09e40413          	addi	s0,s0,158
    2912:	00849433          	sll	s0,s1,s0
    2916:	00d4d7b3          	srl	a5,s1,a3
    291a:	008034b3          	snez	s1,s0
    291e:	8fc5                	or	a5,a5,s1
    2920:	0077f713          	andi	a4,a5,7
    2924:	c719                	beqz	a4,2932 <__mulsf3+0x26e>
    2926:	00f7f713          	andi	a4,a5,15
    292a:	4691                	li	a3,4
    292c:	00d70363          	beq	a4,a3,2932 <__mulsf3+0x26e>
    2930:	0791                	addi	a5,a5,4
    2932:	00579713          	slli	a4,a5,0x5
    2936:	00074c63          	bltz	a4,294e <__mulsf3+0x28a>
    293a:	079a                	slli	a5,a5,0x6
    293c:	83a5                	srli	a5,a5,0x9
    293e:	4701                	li	a4,0
    2940:	b505                	j	2760 <__mulsf3+0x9c>
    2942:	0ff00713          	li	a4,255
    2946:	4781                	li	a5,0
    2948:	bd21                	j	2760 <__mulsf3+0x9c>
    294a:	4402                	lw	s0,0(sp)
    294c:	b7bd                	j	28ba <__mulsf3+0x1f6>
    294e:	4705                	li	a4,1
    2950:	4781                	li	a5,0
    2952:	b539                	j	2760 <__mulsf3+0x9c>

00002954 <__fixsfsi>:
    2954:	00800637          	lui	a2,0x800
    2958:	01755793          	srli	a5,a0,0x17
    295c:	fff60713          	addi	a4,a2,-1 # 7fffff <_data_lma+0x7fc2ef>
    2960:	0ff7f793          	andi	a5,a5,255
    2964:	07e00593          	li	a1,126
    2968:	8f69                	and	a4,a4,a0
    296a:	01f55693          	srli	a3,a0,0x1f
    296e:	00f5fc63          	bgeu	a1,a5,2986 <__fixsfsi+0x32>
    2972:	09d00593          	li	a1,157
    2976:	00f5fa63          	bgeu	a1,a5,298a <__fixsfsi+0x36>
    297a:	80000537          	lui	a0,0x80000
    297e:	fff54513          	not	a0,a0
    2982:	9536                	add	a0,a0,a3
    2984:	8082                	ret
    2986:	4501                	li	a0,0
    2988:	8082                	ret
    298a:	09500593          	li	a1,149
    298e:	8f51                	or	a4,a4,a2
    2990:	00f5cd63          	blt	a1,a5,29aa <__fixsfsi+0x56>
    2994:	09600613          	li	a2,150
    2998:	40f607b3          	sub	a5,a2,a5
    299c:	00f757b3          	srl	a5,a4,a5
    29a0:	40f00533          	neg	a0,a5
    29a4:	f2f5                	bnez	a3,2988 <__fixsfsi+0x34>
    29a6:	853e                	mv	a0,a5
    29a8:	8082                	ret
    29aa:	f6a78793          	addi	a5,a5,-150 # f7ffff6a <__global_pointer$+0xd7fff6a2>
    29ae:	00f717b3          	sll	a5,a4,a5
    29b2:	b7fd                	j	29a0 <__fixsfsi+0x4c>

000029b4 <__fixunssfsi>:
    29b4:	01755713          	srli	a4,a0,0x17
    29b8:	00800637          	lui	a2,0x800
    29bc:	fff60793          	addi	a5,a2,-1 # 7fffff <_data_lma+0x7fc2ef>
    29c0:	0ff77713          	andi	a4,a4,255
    29c4:	07e00593          	li	a1,126
    29c8:	00a7f6b3          	and	a3,a5,a0
    29cc:	01f55793          	srli	a5,a0,0x1f
    29d0:	4501                	li	a0,0
    29d2:	00e5f463          	bgeu	a1,a4,29da <__fixunssfsi+0x26>
    29d6:	c399                	beqz	a5,29dc <__fixunssfsi+0x28>
    29d8:	8082                	ret
    29da:	8082                	ret
    29dc:	09e00793          	li	a5,158
    29e0:	557d                	li	a0,-1
    29e2:	fee7ebe3          	bltu	a5,a4,29d8 <__fixunssfsi+0x24>
    29e6:	09500593          	li	a1,149
    29ea:	00c6e7b3          	or	a5,a3,a2
    29ee:	00e5d763          	bge	a1,a4,29fc <__fixunssfsi+0x48>
    29f2:	f6a70713          	addi	a4,a4,-150 # 3ffff6a <_data_lma+0x3ffc25a>
    29f6:	00e79533          	sll	a0,a5,a4
    29fa:	8082                	ret
    29fc:	09600513          	li	a0,150
    2a00:	40e50733          	sub	a4,a0,a4
    2a04:	00e7d533          	srl	a0,a5,a4
    2a08:	8082                	ret

00002a0a <__floatsisf>:
    2a0a:	1151                	addi	sp,sp,-12
    2a0c:	c406                	sw	ra,8(sp)
    2a0e:	c222                	sw	s0,4(sp)
    2a10:	c026                	sw	s1,0(sp)
    2a12:	cd0d                	beqz	a0,2a4c <__floatsisf+0x42>
    2a14:	41f55793          	srai	a5,a0,0x1f
    2a18:	00a7c433          	xor	s0,a5,a0
    2a1c:	8c1d                	sub	s0,s0,a5
    2a1e:	84aa                	mv	s1,a0
    2a20:	8522                	mv	a0,s0
    2a22:	2ab5                	jal	2b9e <__clzsi2>
    2a24:	09e00793          	li	a5,158
    2a28:	40a78733          	sub	a4,a5,a0
    2a2c:	09600793          	li	a5,150
    2a30:	80fd                	srli	s1,s1,0x1f
    2a32:	02e7cc63          	blt	a5,a4,2a6a <__floatsisf+0x60>
    2a36:	46a1                	li	a3,8
    2a38:	0ff77793          	andi	a5,a4,255
    2a3c:	00a6d563          	bge	a3,a0,2a46 <__floatsisf+0x3c>
    2a40:	1561                	addi	a0,a0,-8
    2a42:	00a41433          	sll	s0,s0,a0
    2a46:	0426                	slli	s0,s0,0x9
    2a48:	8025                	srli	s0,s0,0x9
    2a4a:	a021                	j	2a52 <__floatsisf+0x48>
    2a4c:	4481                	li	s1,0
    2a4e:	4781                	li	a5,0
    2a50:	4401                	li	s0,0
    2a52:	0426                	slli	s0,s0,0x9
    2a54:	00945513          	srli	a0,s0,0x9
    2a58:	40a2                	lw	ra,8(sp)
    2a5a:	4412                	lw	s0,4(sp)
    2a5c:	07de                	slli	a5,a5,0x17
    2a5e:	04fe                	slli	s1,s1,0x1f
    2a60:	8d5d                	or	a0,a0,a5
    2a62:	8d45                	or	a0,a0,s1
    2a64:	4482                	lw	s1,0(sp)
    2a66:	0131                	addi	sp,sp,12
    2a68:	8082                	ret
    2a6a:	09900793          	li	a5,153
    2a6e:	00e7dd63          	bge	a5,a4,2a88 <__floatsisf+0x7e>
    2a72:	01b50793          	addi	a5,a0,27 # 8000001b <__global_pointer$+0x5ffff753>
    2a76:	4695                	li	a3,5
    2a78:	00f417b3          	sll	a5,s0,a5
    2a7c:	8e89                	sub	a3,a3,a0
    2a7e:	00d456b3          	srl	a3,s0,a3
    2a82:	00f03433          	snez	s0,a5
    2a86:	8c55                	or	s0,s0,a3
    2a88:	4795                	li	a5,5
    2a8a:	00a7d663          	bge	a5,a0,2a96 <__floatsisf+0x8c>
    2a8e:	ffb50793          	addi	a5,a0,-5
    2a92:	00f41433          	sll	s0,s0,a5
    2a96:	fc0006b7          	lui	a3,0xfc000
    2a9a:	16fd                	addi	a3,a3,-1
    2a9c:	00747793          	andi	a5,s0,7
    2aa0:	00d47633          	and	a2,s0,a3
    2aa4:	c385                	beqz	a5,2ac4 <__floatsisf+0xba>
    2aa6:	00f47793          	andi	a5,s0,15
    2aaa:	4591                	li	a1,4
    2aac:	00b78c63          	beq	a5,a1,2ac4 <__floatsisf+0xba>
    2ab0:	0611                	addi	a2,a2,4
    2ab2:	00561793          	slli	a5,a2,0x5
    2ab6:	0007d763          	bgez	a5,2ac4 <__floatsisf+0xba>
    2aba:	09f00793          	li	a5,159
    2abe:	8e75                	and	a2,a2,a3
    2ac0:	40a78733          	sub	a4,a5,a0
    2ac4:	00661413          	slli	s0,a2,0x6
    2ac8:	8025                	srli	s0,s0,0x9
    2aca:	0ff77793          	andi	a5,a4,255
    2ace:	b751                	j	2a52 <__floatsisf+0x48>

00002ad0 <__floatunsisf>:
    2ad0:	1151                	addi	sp,sp,-12
    2ad2:	c406                	sw	ra,8(sp)
    2ad4:	c222                	sw	s0,4(sp)
    2ad6:	cd15                	beqz	a0,2b12 <__floatunsisf+0x42>
    2ad8:	842a                	mv	s0,a0
    2ada:	20d1                	jal	2b9e <__clzsi2>
    2adc:	09e00793          	li	a5,158
    2ae0:	40a78733          	sub	a4,a5,a0
    2ae4:	09600793          	li	a5,150
    2ae8:	04e7c063          	blt	a5,a4,2b28 <__floatunsisf+0x58>
    2aec:	46a1                	li	a3,8
    2aee:	0ff77793          	andi	a5,a4,255
    2af2:	00a6d563          	bge	a3,a0,2afc <__floatunsisf+0x2c>
    2af6:	1561                	addi	a0,a0,-8
    2af8:	00a41433          	sll	s0,s0,a0
    2afc:	0426                	slli	s0,s0,0x9
    2afe:	8025                	srli	s0,s0,0x9
    2b00:	0426                	slli	s0,s0,0x9
    2b02:	00945513          	srli	a0,s0,0x9
    2b06:	40a2                	lw	ra,8(sp)
    2b08:	4412                	lw	s0,4(sp)
    2b0a:	07de                	slli	a5,a5,0x17
    2b0c:	8d5d                	or	a0,a0,a5
    2b0e:	0131                	addi	sp,sp,12
    2b10:	8082                	ret
    2b12:	4401                	li	s0,0
    2b14:	0426                	slli	s0,s0,0x9
    2b16:	00945513          	srli	a0,s0,0x9
    2b1a:	40a2                	lw	ra,8(sp)
    2b1c:	4412                	lw	s0,4(sp)
    2b1e:	4781                	li	a5,0
    2b20:	07de                	slli	a5,a5,0x17
    2b22:	8d5d                	or	a0,a0,a5
    2b24:	0131                	addi	sp,sp,12
    2b26:	8082                	ret
    2b28:	09900793          	li	a5,153
    2b2c:	00e7dd63          	bge	a5,a4,2b46 <__floatunsisf+0x76>
    2b30:	01b50693          	addi	a3,a0,27
    2b34:	4795                	li	a5,5
    2b36:	00d416b3          	sll	a3,s0,a3
    2b3a:	8f89                	sub	a5,a5,a0
    2b3c:	00d036b3          	snez	a3,a3
    2b40:	00f45433          	srl	s0,s0,a5
    2b44:	8c55                	or	s0,s0,a3
    2b46:	4795                	li	a5,5
    2b48:	00a7d663          	bge	a5,a0,2b54 <__floatunsisf+0x84>
    2b4c:	ffb50793          	addi	a5,a0,-5
    2b50:	00f41433          	sll	s0,s0,a5
    2b54:	fc0006b7          	lui	a3,0xfc000
    2b58:	16fd                	addi	a3,a3,-1
    2b5a:	00747793          	andi	a5,s0,7
    2b5e:	00d47633          	and	a2,s0,a3
    2b62:	c385                	beqz	a5,2b82 <__floatunsisf+0xb2>
    2b64:	00f47793          	andi	a5,s0,15
    2b68:	4591                	li	a1,4
    2b6a:	00b78c63          	beq	a5,a1,2b82 <__floatunsisf+0xb2>
    2b6e:	0611                	addi	a2,a2,4
    2b70:	00561793          	slli	a5,a2,0x5
    2b74:	0007d763          	bgez	a5,2b82 <__floatunsisf+0xb2>
    2b78:	09f00793          	li	a5,159
    2b7c:	8e75                	and	a2,a2,a3
    2b7e:	40a78733          	sub	a4,a5,a0
    2b82:	00661413          	slli	s0,a2,0x6
    2b86:	8025                	srli	s0,s0,0x9
    2b88:	0426                	slli	s0,s0,0x9
    2b8a:	00945513          	srli	a0,s0,0x9
    2b8e:	40a2                	lw	ra,8(sp)
    2b90:	4412                	lw	s0,4(sp)
    2b92:	0ff77793          	andi	a5,a4,255
    2b96:	07de                	slli	a5,a5,0x17
    2b98:	8d5d                	or	a0,a0,a5
    2b9a:	0131                	addi	sp,sp,12
    2b9c:	8082                	ret

00002b9e <__clzsi2>:
    2b9e:	67c1                	lui	a5,0x10
    2ba0:	02f57c63          	bgeu	a0,a5,2bd8 <__clzsi2+0x3a>
    2ba4:	0ff00793          	li	a5,255
    2ba8:	02000713          	li	a4,32
    2bac:	00a7eb63          	bltu	a5,a0,2bc2 <__clzsi2+0x24>
    2bb0:	00001797          	auipc	a5,0x1
    2bb4:	02478793          	addi	a5,a5,36 # 3bd4 <__clz_tab>
    2bb8:	97aa                	add	a5,a5,a0
    2bba:	2388                	lbu	a0,0(a5)
    2bbc:	40a70533          	sub	a0,a4,a0
    2bc0:	8082                	ret
    2bc2:	8121                	srli	a0,a0,0x8
    2bc4:	00001797          	auipc	a5,0x1
    2bc8:	01078793          	addi	a5,a5,16 # 3bd4 <__clz_tab>
    2bcc:	97aa                	add	a5,a5,a0
    2bce:	2388                	lbu	a0,0(a5)
    2bd0:	4761                	li	a4,24
    2bd2:	40a70533          	sub	a0,a4,a0
    2bd6:	8082                	ret
    2bd8:	010007b7          	lui	a5,0x1000
    2bdc:	00f56d63          	bltu	a0,a5,2bf6 <__clzsi2+0x58>
    2be0:	8161                	srli	a0,a0,0x18
    2be2:	00001797          	auipc	a5,0x1
    2be6:	ff278793          	addi	a5,a5,-14 # 3bd4 <__clz_tab>
    2bea:	97aa                	add	a5,a5,a0
    2bec:	2388                	lbu	a0,0(a5)
    2bee:	4721                	li	a4,8
    2bf0:	40a70533          	sub	a0,a4,a0
    2bf4:	8082                	ret
    2bf6:	8141                	srli	a0,a0,0x10
    2bf8:	00001797          	auipc	a5,0x1
    2bfc:	fdc78793          	addi	a5,a5,-36 # 3bd4 <__clz_tab>
    2c00:	97aa                	add	a5,a5,a0
    2c02:	2388                	lbu	a0,0(a5)
    2c04:	4741                	li	a4,16
    2c06:	40a70533          	sub	a0,a4,a0
    2c0a:	8082                	ret

00002c0c <_vsiprintf_r>:
    2c0c:	800007b7          	lui	a5,0x80000
    2c10:	f8c10113          	addi	sp,sp,-116
    2c14:	fff7c793          	not	a5,a5
    2c18:	ca3e                	sw	a5,20(sp)
    2c1a:	c43e                	sw	a5,8(sp)
    2c1c:	77c1                	lui	a5,0xffff0
    2c1e:	c02e                	sw	a1,0(sp)
    2c20:	c82e                	sw	a1,16(sp)
    2c22:	20878793          	addi	a5,a5,520 # ffff0208 <__global_pointer$+0xdffef940>
    2c26:	858a                	mv	a1,sp
    2c28:	d886                	sw	ra,112(sp)
    2c2a:	c63e                	sw	a5,12(sp)
    2c2c:	2231                	jal	2d38 <_svfiprintf_r>
    2c2e:	4782                	lw	a5,0(sp)
    2c30:	00078023          	sb	zero,0(a5)
    2c34:	50c6                	lw	ra,112(sp)
    2c36:	07410113          	addi	sp,sp,116
    2c3a:	8082                	ret

00002c3c <vsiprintf>:
    2c3c:	1fffd797          	auipc	a5,0x1fffd
    2c40:	48c78793          	addi	a5,a5,1164 # 200000c8 <_impure_ptr>
    2c44:	86b2                	mv	a3,a2
    2c46:	862e                	mv	a2,a1
    2c48:	85aa                	mv	a1,a0
    2c4a:	4388                	lw	a0,0(a5)
    2c4c:	b7c1                	j	2c0c <_vsiprintf_r>

00002c4e <__ssputs_r>:
    2c4e:	0085a303          	lw	t1,8(a1)
    2c52:	1111                	addi	sp,sp,-28
    2c54:	c826                	sw	s1,16(sp)
    2c56:	cc06                	sw	ra,24(sp)
    2c58:	ca22                	sw	s0,20(sp)
    2c5a:	c232                	sw	a2,4(sp)
    2c5c:	84ae                	mv	s1,a1
    2c5e:	0866e163          	bltu	a3,t1,2ce0 <__ssputs_r+0x92>
    2c62:	25d2                	lhu	a2,12(a1)
    2c64:	48067713          	andi	a4,a2,1152
    2c68:	cb35                	beqz	a4,2cdc <__ssputs_r+0x8e>
    2c6a:	82aa                	mv	t0,a0
    2c6c:	48c8                	lw	a0,20(s1)
    2c6e:	4080                	lw	s0,0(s1)
    2c70:	498c                	lw	a1,16(a1)
    2c72:	00151713          	slli	a4,a0,0x1
    2c76:	972a                	add	a4,a4,a0
    2c78:	01f75513          	srli	a0,a4,0x1f
    2c7c:	40b407b3          	sub	a5,s0,a1
    2c80:	972a                	add	a4,a4,a0
    2c82:	00168513          	addi	a0,a3,1 # fc000001 <__global_pointer$+0xdbfff739>
    2c86:	c03e                	sw	a5,0(sp)
    2c88:	40175413          	srai	s0,a4,0x1
    2c8c:	953e                	add	a0,a0,a5
    2c8e:	00a47363          	bgeu	s0,a0,2c94 <__ssputs_r+0x46>
    2c92:	842a                	mv	s0,a0
    2c94:	40067613          	andi	a2,a2,1024
    2c98:	c636                	sw	a3,12(sp)
    2c9a:	c625                	beqz	a2,2d02 <__ssputs_r+0xb4>
    2c9c:	8516                	mv	a0,t0
    2c9e:	85a2                	mv	a1,s0
    2ca0:	c416                	sw	t0,8(sp)
    2ca2:	0c9000ef          	jal	ra,356a <_malloc_r>
    2ca6:	42a2                	lw	t0,8(sp)
    2ca8:	46b2                	lw	a3,12(sp)
    2caa:	4731                	li	a4,12
    2cac:	c935                	beqz	a0,2d20 <__ssputs_r+0xd2>
    2cae:	4602                	lw	a2,0(sp)
    2cb0:	488c                	lw	a1,16(s1)
    2cb2:	c636                	sw	a3,12(sp)
    2cb4:	c42a                	sw	a0,8(sp)
    2cb6:	2dc5                	jal	33a6 <memcpy>
    2cb8:	24d2                	lhu	a2,12(s1)
    2cba:	4322                	lw	t1,8(sp)
    2cbc:	46b2                	lw	a3,12(sp)
    2cbe:	b7f67613          	andi	a2,a2,-1153
    2cc2:	08066613          	ori	a2,a2,128
    2cc6:	a4d2                	sh	a2,12(s1)
    2cc8:	4782                	lw	a5,0(sp)
    2cca:	0064a823          	sw	t1,16(s1)
    2cce:	c8c0                	sw	s0,20(s1)
    2cd0:	933e                	add	t1,t1,a5
    2cd2:	8c1d                	sub	s0,s0,a5
    2cd4:	0064a023          	sw	t1,0(s1)
    2cd8:	c480                	sw	s0,8(s1)
    2cda:	8336                	mv	t1,a3
    2cdc:	0066f363          	bgeu	a3,t1,2ce2 <__ssputs_r+0x94>
    2ce0:	8336                	mv	t1,a3
    2ce2:	4592                	lw	a1,4(sp)
    2ce4:	4088                	lw	a0,0(s1)
    2ce6:	861a                	mv	a2,t1
    2ce8:	c01a                	sw	t1,0(sp)
    2cea:	2779                	jal	3478 <memmove>
    2cec:	4498                	lw	a4,8(s1)
    2cee:	4302                	lw	t1,0(sp)
    2cf0:	4501                	li	a0,0
    2cf2:	40670733          	sub	a4,a4,t1
    2cf6:	c498                	sw	a4,8(s1)
    2cf8:	4098                	lw	a4,0(s1)
    2cfa:	933a                	add	t1,t1,a4
    2cfc:	0064a023          	sw	t1,0(s1)
    2d00:	a03d                	j	2d2e <__ssputs_r+0xe0>
    2d02:	8516                	mv	a0,t0
    2d04:	8622                	mv	a2,s0
    2d06:	c416                	sw	t0,8(sp)
    2d08:	137000ef          	jal	ra,363e <_realloc_r>
    2d0c:	832a                	mv	t1,a0
    2d0e:	42a2                	lw	t0,8(sp)
    2d10:	46b2                	lw	a3,12(sp)
    2d12:	f95d                	bnez	a0,2cc8 <__ssputs_r+0x7a>
    2d14:	488c                	lw	a1,16(s1)
    2d16:	8516                	mv	a0,t0
    2d18:	c016                	sw	t0,0(sp)
    2d1a:	2755                	jal	34be <_free_r>
    2d1c:	4282                	lw	t0,0(sp)
    2d1e:	4731                	li	a4,12
    2d20:	00e2a023          	sw	a4,0(t0)
    2d24:	24da                	lhu	a4,12(s1)
    2d26:	557d                	li	a0,-1
    2d28:	04076713          	ori	a4,a4,64
    2d2c:	a4da                	sh	a4,12(s1)
    2d2e:	40e2                	lw	ra,24(sp)
    2d30:	4452                	lw	s0,20(sp)
    2d32:	44c2                	lw	s1,16(sp)
    2d34:	0171                	addi	sp,sp,28
    2d36:	8082                	ret

00002d38 <_svfiprintf_r>:
    2d38:	25da                	lhu	a4,12(a1)
    2d3a:	f7810113          	addi	sp,sp,-136
    2d3e:	c122                	sw	s0,128(sp)
    2d40:	dea6                	sw	s1,124(sp)
    2d42:	01f10793          	addi	a5,sp,31
    2d46:	c306                	sw	ra,132(sp)
    2d48:	c22a                	sw	a0,4(sp)
    2d4a:	c02e                	sw	a1,0(sp)
    2d4c:	08077713          	andi	a4,a4,128
    2d50:	84b2                	mv	s1,a2
    2d52:	ff87f413          	andi	s0,a5,-8
    2d56:	cb1d                	beqz	a4,2d8c <_svfiprintf_r+0x54>
    2d58:	4998                	lw	a4,16(a1)
    2d5a:	eb0d                	bnez	a4,2d8c <_svfiprintf_r+0x54>
    2d5c:	04000593          	li	a1,64
    2d60:	c636                	sw	a3,12(sp)
    2d62:	009000ef          	jal	ra,356a <_malloc_r>
    2d66:	4782                	lw	a5,0(sp)
    2d68:	46b2                	lw	a3,12(sp)
    2d6a:	c388                	sw	a0,0(a5)
    2d6c:	cb88                	sw	a0,16(a5)
    2d6e:	e919                	bnez	a0,2d84 <_svfiprintf_r+0x4c>
    2d70:	4712                	lw	a4,4(sp)
    2d72:	47b1                	li	a5,12
    2d74:	557d                	li	a0,-1
    2d76:	c31c                	sw	a5,0(a4)
    2d78:	409a                	lw	ra,132(sp)
    2d7a:	440a                	lw	s0,128(sp)
    2d7c:	54f6                	lw	s1,124(sp)
    2d7e:	08810113          	addi	sp,sp,136
    2d82:	8082                	ret
    2d84:	4782                	lw	a5,0(sp)
    2d86:	04000713          	li	a4,64
    2d8a:	cbd8                	sw	a4,20(a5)
    2d8c:	02000713          	li	a4,32
    2d90:	bc18                	sb	a4,25(s0)
    2d92:	03000713          	li	a4,48
    2d96:	00042a23          	sw	zero,20(s0)
    2d9a:	ac38                	sb	a4,26(s0)
    2d9c:	ca36                	sw	a3,20(sp)
    2d9e:	8726                	mv	a4,s1
    2da0:	02500613          	li	a2,37
    2da4:	2314                	lbu	a3,0(a4)
    2da6:	c299                	beqz	a3,2dac <_svfiprintf_r+0x74>
    2da8:	0ac69363          	bne	a3,a2,2e4e <_svfiprintf_r+0x116>
    2dac:	40970333          	sub	t1,a4,s1
    2db0:	02030263          	beqz	t1,2dd4 <_svfiprintf_r+0x9c>
    2db4:	4582                	lw	a1,0(sp)
    2db6:	4512                	lw	a0,4(sp)
    2db8:	869a                	mv	a3,t1
    2dba:	8626                	mv	a2,s1
    2dbc:	c83a                	sw	a4,16(sp)
    2dbe:	c61a                	sw	t1,12(sp)
    2dc0:	e8fff0ef          	jal	ra,2c4e <__ssputs_r>
    2dc4:	56fd                	li	a3,-1
    2dc6:	1ad50e63          	beq	a0,a3,2f82 <_svfiprintf_r+0x24a>
    2dca:	4854                	lw	a3,20(s0)
    2dcc:	4332                	lw	t1,12(sp)
    2dce:	4742                	lw	a4,16(sp)
    2dd0:	969a                	add	a3,a3,t1
    2dd2:	c854                	sw	a3,20(s0)
    2dd4:	2314                	lbu	a3,0(a4)
    2dd6:	1a068663          	beqz	a3,2f82 <_svfiprintf_r+0x24a>
    2dda:	00170493          	addi	s1,a4,1
    2dde:	577d                	li	a4,-1
    2de0:	00042023          	sw	zero,0(s0)
    2de4:	00042623          	sw	zero,12(s0)
    2de8:	c058                	sw	a4,4(s0)
    2dea:	00042423          	sw	zero,8(s0)
    2dee:	040401a3          	sb	zero,67(s0)
    2df2:	04042c23          	sw	zero,88(s0)
    2df6:	208c                	lbu	a1,0(s1)
    2df8:	4615                	li	a2,5
    2dfa:	00001517          	auipc	a0,0x1
    2dfe:	eda50513          	addi	a0,a0,-294 # 3cd4 <__clz_tab+0x100>
    2e02:	2371                	jal	338e <memchr>
    2e04:	00148713          	addi	a4,s1,1
    2e08:	4014                	lw	a3,0(s0)
    2e0a:	e521                	bnez	a0,2e52 <_svfiprintf_r+0x11a>
    2e0c:	0106f613          	andi	a2,a3,16
    2e10:	c609                	beqz	a2,2e1a <_svfiprintf_r+0xe2>
    2e12:	02000613          	li	a2,32
    2e16:	04c401a3          	sb	a2,67(s0)
    2e1a:	0086f613          	andi	a2,a3,8
    2e1e:	c609                	beqz	a2,2e28 <_svfiprintf_r+0xf0>
    2e20:	02b00613          	li	a2,43
    2e24:	04c401a3          	sb	a2,67(s0)
    2e28:	208c                	lbu	a1,0(s1)
    2e2a:	02a00613          	li	a2,42
    2e2e:	02c58f63          	beq	a1,a2,2e6c <_svfiprintf_r+0x134>
    2e32:	4454                	lw	a3,12(s0)
    2e34:	8726                	mv	a4,s1
    2e36:	4581                	li	a1,0
    2e38:	4525                	li	a0,9
    2e3a:	2310                	lbu	a2,0(a4)
    2e3c:	00170313          	addi	t1,a4,1
    2e40:	fd060613          	addi	a2,a2,-48
    2e44:	06c57763          	bgeu	a0,a2,2eb2 <_svfiprintf_r+0x17a>
    2e48:	c995                	beqz	a1,2e7c <_svfiprintf_r+0x144>
    2e4a:	c454                	sw	a3,12(s0)
    2e4c:	a805                	j	2e7c <_svfiprintf_r+0x144>
    2e4e:	0705                	addi	a4,a4,1
    2e50:	bf91                	j	2da4 <_svfiprintf_r+0x6c>
    2e52:	00001617          	auipc	a2,0x1
    2e56:	e8260613          	addi	a2,a2,-382 # 3cd4 <__clz_tab+0x100>
    2e5a:	40c50633          	sub	a2,a0,a2
    2e5e:	4505                	li	a0,1
    2e60:	00c51533          	sll	a0,a0,a2
    2e64:	8ec9                	or	a3,a3,a0
    2e66:	c014                	sw	a3,0(s0)
    2e68:	84ba                	mv	s1,a4
    2e6a:	b771                	j	2df6 <_svfiprintf_r+0xbe>
    2e6c:	4652                	lw	a2,20(sp)
    2e6e:	00460593          	addi	a1,a2,4
    2e72:	4210                	lw	a2,0(a2)
    2e74:	ca2e                	sw	a1,20(sp)
    2e76:	02064763          	bltz	a2,2ea4 <_svfiprintf_r+0x16c>
    2e7a:	c450                	sw	a2,12(s0)
    2e7c:	2310                	lbu	a2,0(a4)
    2e7e:	02e00693          	li	a3,46
    2e82:	06d61163          	bne	a2,a3,2ee4 <_svfiprintf_r+0x1ac>
    2e86:	3310                	lbu	a2,1(a4)
    2e88:	02a00693          	li	a3,42
    2e8c:	02d61e63          	bne	a2,a3,2ec8 <_svfiprintf_r+0x190>
    2e90:	46d2                	lw	a3,20(sp)
    2e92:	0709                	addi	a4,a4,2
    2e94:	00468613          	addi	a2,a3,4
    2e98:	4294                	lw	a3,0(a3)
    2e9a:	ca32                	sw	a2,20(sp)
    2e9c:	0206c463          	bltz	a3,2ec4 <_svfiprintf_r+0x18c>
    2ea0:	c054                	sw	a3,4(s0)
    2ea2:	a089                	j	2ee4 <_svfiprintf_r+0x1ac>
    2ea4:	40c00633          	neg	a2,a2
    2ea8:	0026e693          	ori	a3,a3,2
    2eac:	c450                	sw	a2,12(s0)
    2eae:	c014                	sw	a3,0(s0)
    2eb0:	b7f1                	j	2e7c <_svfiprintf_r+0x144>
    2eb2:	00269713          	slli	a4,a3,0x2
    2eb6:	9736                	add	a4,a4,a3
    2eb8:	0706                	slli	a4,a4,0x1
    2eba:	00c706b3          	add	a3,a4,a2
    2ebe:	4585                	li	a1,1
    2ec0:	871a                	mv	a4,t1
    2ec2:	bfa5                	j	2e3a <_svfiprintf_r+0x102>
    2ec4:	56fd                	li	a3,-1
    2ec6:	bfe9                	j	2ea0 <_svfiprintf_r+0x168>
    2ec8:	0705                	addi	a4,a4,1
    2eca:	00042223          	sw	zero,4(s0)
    2ece:	4581                	li	a1,0
    2ed0:	4681                	li	a3,0
    2ed2:	4525                	li	a0,9
    2ed4:	2310                	lbu	a2,0(a4)
    2ed6:	00170313          	addi	t1,a4,1
    2eda:	fd060613          	addi	a2,a2,-48
    2ede:	06c57663          	bgeu	a0,a2,2f4a <_svfiprintf_r+0x212>
    2ee2:	fddd                	bnez	a1,2ea0 <_svfiprintf_r+0x168>
    2ee4:	230c                	lbu	a1,0(a4)
    2ee6:	460d                	li	a2,3
    2ee8:	00001517          	auipc	a0,0x1
    2eec:	df450513          	addi	a0,a0,-524 # 3cdc <__clz_tab+0x108>
    2ef0:	c63a                	sw	a4,12(sp)
    2ef2:	2971                	jal	338e <memchr>
    2ef4:	4732                	lw	a4,12(sp)
    2ef6:	cd11                	beqz	a0,2f12 <_svfiprintf_r+0x1da>
    2ef8:	00001697          	auipc	a3,0x1
    2efc:	de468693          	addi	a3,a3,-540 # 3cdc <__clz_tab+0x108>
    2f00:	8d15                	sub	a0,a0,a3
    2f02:	04000693          	li	a3,64
    2f06:	00a696b3          	sll	a3,a3,a0
    2f0a:	4008                	lw	a0,0(s0)
    2f0c:	0705                	addi	a4,a4,1
    2f0e:	8d55                	or	a0,a0,a3
    2f10:	c008                	sw	a0,0(s0)
    2f12:	230c                	lbu	a1,0(a4)
    2f14:	4619                	li	a2,6
    2f16:	00001517          	auipc	a0,0x1
    2f1a:	dca50513          	addi	a0,a0,-566 # 3ce0 <__clz_tab+0x10c>
    2f1e:	00170493          	addi	s1,a4,1
    2f22:	ac0c                	sb	a1,24(s0)
    2f24:	21ad                	jal	338e <memchr>
    2f26:	c53d                	beqz	a0,2f94 <_svfiprintf_r+0x25c>
    2f28:	ffffd717          	auipc	a4,0xffffd
    2f2c:	0d870713          	addi	a4,a4,216 # 0 <_sinit>
    2f30:	eb05                	bnez	a4,2f60 <_svfiprintf_r+0x228>
    2f32:	4014                	lw	a3,0(s0)
    2f34:	4752                	lw	a4,20(sp)
    2f36:	1006f693          	andi	a3,a3,256
    2f3a:	c28d                	beqz	a3,2f5c <_svfiprintf_r+0x224>
    2f3c:	0711                	addi	a4,a4,4
    2f3e:	ca3a                	sw	a4,20(sp)
    2f40:	4858                	lw	a4,20(s0)
    2f42:	47a2                	lw	a5,8(sp)
    2f44:	973e                	add	a4,a4,a5
    2f46:	c858                	sw	a4,20(s0)
    2f48:	bd99                	j	2d9e <_svfiprintf_r+0x66>
    2f4a:	00269713          	slli	a4,a3,0x2
    2f4e:	9736                	add	a4,a4,a3
    2f50:	0706                	slli	a4,a4,0x1
    2f52:	00c706b3          	add	a3,a4,a2
    2f56:	4585                	li	a1,1
    2f58:	871a                	mv	a4,t1
    2f5a:	bfad                	j	2ed4 <_svfiprintf_r+0x19c>
    2f5c:	0721                	addi	a4,a4,8
    2f5e:	b7c5                	j	2f3e <_svfiprintf_r+0x206>
    2f60:	4602                	lw	a2,0(sp)
    2f62:	4512                	lw	a0,4(sp)
    2f64:	0858                	addi	a4,sp,20
    2f66:	00000697          	auipc	a3,0x0
    2f6a:	ce868693          	addi	a3,a3,-792 # 2c4e <__ssputs_r>
    2f6e:	85a2                	mv	a1,s0
    2f70:	00000097          	auipc	ra,0x0
    2f74:	000000e7          	jalr	zero # 0 <_sinit>
    2f78:	c42a                	sw	a0,8(sp)
    2f7a:	47a2                	lw	a5,8(sp)
    2f7c:	577d                	li	a4,-1
    2f7e:	fce791e3          	bne	a5,a4,2f40 <_svfiprintf_r+0x208>
    2f82:	4782                	lw	a5,0(sp)
    2f84:	557d                	li	a0,-1
    2f86:	27da                	lhu	a4,12(a5)
    2f88:	04077713          	andi	a4,a4,64
    2f8c:	de0716e3          	bnez	a4,2d78 <_svfiprintf_r+0x40>
    2f90:	4848                	lw	a0,20(s0)
    2f92:	b3dd                	j	2d78 <_svfiprintf_r+0x40>
    2f94:	4602                	lw	a2,0(sp)
    2f96:	4512                	lw	a0,4(sp)
    2f98:	0858                	addi	a4,sp,20
    2f9a:	00000697          	auipc	a3,0x0
    2f9e:	cb468693          	addi	a3,a3,-844 # 2c4e <__ssputs_r>
    2fa2:	85a2                	mv	a1,s0
    2fa4:	2a05                	jal	30d4 <_printf_i>
    2fa6:	bfc9                	j	2f78 <_svfiprintf_r+0x240>

00002fa8 <_printf_common>:
    2fa8:	1101                	addi	sp,sp,-32
    2faa:	ca26                	sw	s1,20(sp)
    2fac:	8332                	mv	t1,a2
    2fae:	84b6                	mv	s1,a3
    2fb0:	4590                	lw	a2,8(a1)
    2fb2:	4994                	lw	a3,16(a1)
    2fb4:	cc22                	sw	s0,24(sp)
    2fb6:	ce06                	sw	ra,28(sp)
    2fb8:	842a                	mv	s0,a0
    2fba:	87ae                	mv	a5,a1
    2fbc:	00c6d363          	bge	a3,a2,2fc2 <_printf_common+0x1a>
    2fc0:	86b2                	mv	a3,a2
    2fc2:	00d32023          	sw	a3,0(t1) # 4000000 <_data_lma+0x3ffc2f0>
    2fc6:	0437c603          	lbu	a2,67(a5)
    2fca:	c601                	beqz	a2,2fd2 <_printf_common+0x2a>
    2fcc:	0685                	addi	a3,a3,1
    2fce:	00d32023          	sw	a3,0(t1)
    2fd2:	4394                	lw	a3,0(a5)
    2fd4:	0206f693          	andi	a3,a3,32
    2fd8:	c691                	beqz	a3,2fe4 <_printf_common+0x3c>
    2fda:	00032683          	lw	a3,0(t1)
    2fde:	0689                	addi	a3,a3,2
    2fe0:	00d32023          	sw	a3,0(t1)
    2fe4:	0007a283          	lw	t0,0(a5)
    2fe8:	01978393          	addi	t2,a5,25
    2fec:	0062f293          	andi	t0,t0,6
    2ff0:	06028363          	beqz	t0,3056 <_printf_common+0xae>
    2ff4:	4390                	lw	a2,0(a5)
    2ff6:	0437c683          	lbu	a3,67(a5)
    2ffa:	02067613          	andi	a2,a2,32
    2ffe:	00d036b3          	snez	a3,a3
    3002:	ea41                	bnez	a2,3092 <_printf_common+0xea>
    3004:	04378613          	addi	a2,a5,67
    3008:	85a6                	mv	a1,s1
    300a:	8522                	mv	a0,s0
    300c:	c41a                	sw	t1,8(sp)
    300e:	c23e                	sw	a5,4(sp)
    3010:	c03a                	sw	a4,0(sp)
    3012:	9702                	jalr	a4
    3014:	56fd                	li	a3,-1
    3016:	06d50863          	beq	a0,a3,3086 <_printf_common+0xde>
    301a:	4792                	lw	a5,4(sp)
    301c:	4322                	lw	t1,8(sp)
    301e:	4511                	li	a0,4
    3020:	4394                	lw	a3,0(a5)
    3022:	00032603          	lw	a2,0(t1)
    3026:	47cc                	lw	a1,12(a5)
    3028:	8a99                	andi	a3,a3,6
    302a:	4301                	li	t1,0
    302c:	4702                	lw	a4,0(sp)
    302e:	00a69763          	bne	a3,a0,303c <_printf_common+0x94>
    3032:	40c58333          	sub	t1,a1,a2
    3036:	00035363          	bgez	t1,303c <_printf_common+0x94>
    303a:	4301                	li	t1,0
    303c:	4794                	lw	a3,8(a5)
    303e:	4b90                	lw	a2,16(a5)
    3040:	00d65463          	bge	a2,a3,3048 <_printf_common+0xa0>
    3044:	8e91                	sub	a3,a3,a2
    3046:	9336                	add	t1,t1,a3
    3048:	4281                	li	t0,0
    304a:	07e9                	addi	a5,a5,26
    304c:	06531263          	bne	t1,t0,30b0 <_printf_common+0x108>
    3050:	4501                	li	a0,0
    3052:	a81d                	j	3088 <_printf_common+0xe0>
    3054:	0285                	addi	t0,t0,1
    3056:	47d4                	lw	a3,12(a5)
    3058:	00032603          	lw	a2,0(t1)
    305c:	8e91                	sub	a3,a3,a2
    305e:	f8d2dbe3          	bge	t0,a3,2ff4 <_printf_common+0x4c>
    3062:	4685                	li	a3,1
    3064:	861e                	mv	a2,t2
    3066:	85a6                	mv	a1,s1
    3068:	8522                	mv	a0,s0
    306a:	c81a                	sw	t1,16(sp)
    306c:	c63e                	sw	a5,12(sp)
    306e:	c416                	sw	t0,8(sp)
    3070:	c21e                	sw	t2,4(sp)
    3072:	c03a                	sw	a4,0(sp)
    3074:	9702                	jalr	a4
    3076:	56fd                	li	a3,-1
    3078:	4702                	lw	a4,0(sp)
    307a:	4392                	lw	t2,4(sp)
    307c:	42a2                	lw	t0,8(sp)
    307e:	47b2                	lw	a5,12(sp)
    3080:	4342                	lw	t1,16(sp)
    3082:	fcd519e3          	bne	a0,a3,3054 <_printf_common+0xac>
    3086:	557d                	li	a0,-1
    3088:	40f2                	lw	ra,28(sp)
    308a:	4462                	lw	s0,24(sp)
    308c:	44d2                	lw	s1,20(sp)
    308e:	6105                	addi	sp,sp,32
    3090:	8082                	ret
    3092:	00d785b3          	add	a1,a5,a3
    3096:	03000513          	li	a0,48
    309a:	04a581a3          	sb	a0,67(a1)
    309e:	0457c583          	lbu	a1,69(a5)
    30a2:	00168613          	addi	a2,a3,1
    30a6:	963e                	add	a2,a2,a5
    30a8:	0689                	addi	a3,a3,2
    30aa:	04b601a3          	sb	a1,67(a2)
    30ae:	bf99                	j	3004 <_printf_common+0x5c>
    30b0:	4685                	li	a3,1
    30b2:	863e                	mv	a2,a5
    30b4:	85a6                	mv	a1,s1
    30b6:	8522                	mv	a0,s0
    30b8:	c616                	sw	t0,12(sp)
    30ba:	c41a                	sw	t1,8(sp)
    30bc:	c23e                	sw	a5,4(sp)
    30be:	c03a                	sw	a4,0(sp)
    30c0:	9702                	jalr	a4
    30c2:	56fd                	li	a3,-1
    30c4:	fcd501e3          	beq	a0,a3,3086 <_printf_common+0xde>
    30c8:	42b2                	lw	t0,12(sp)
    30ca:	4322                	lw	t1,8(sp)
    30cc:	4792                	lw	a5,4(sp)
    30ce:	0285                	addi	t0,t0,1
    30d0:	4702                	lw	a4,0(sp)
    30d2:	bfad                	j	304c <_printf_common+0xa4>

000030d4 <_printf_i>:
    30d4:	fd410113          	addi	sp,sp,-44
    30d8:	d222                	sw	s0,36(sp)
    30da:	d406                	sw	ra,40(sp)
    30dc:	d026                	sw	s1,32(sp)
    30de:	c232                	sw	a2,4(sp)
    30e0:	2d90                	lbu	a2,24(a1)
    30e2:	c436                	sw	a3,8(sp)
    30e4:	c02a                	sw	a0,0(sp)
    30e6:	06900693          	li	a3,105
    30ea:	842e                	mv	s0,a1
    30ec:	04358293          	addi	t0,a1,67
    30f0:	02d60d63          	beq	a2,a3,312a <_printf_i+0x56>
    30f4:	06c6e263          	bltu	a3,a2,3158 <_printf_i+0x84>
    30f8:	05800693          	li	a3,88
    30fc:	18d60f63          	beq	a2,a3,329a <_printf_i+0x1c6>
    3100:	00c6ed63          	bltu	a3,a2,311a <_printf_i+0x46>
    3104:	22060763          	beqz	a2,3332 <_printf_i+0x25e>
    3108:	04300693          	li	a3,67
    310c:	0ad60c63          	beq	a2,a3,31c4 <_printf_i+0xf0>
    3110:	04240493          	addi	s1,s0,66
    3114:	04c40123          	sb	a2,66(s0)
    3118:	a87d                	j	31d6 <_printf_i+0x102>
    311a:	06300693          	li	a3,99
    311e:	0ad60363          	beq	a2,a3,31c4 <_printf_i+0xf0>
    3122:	06400693          	li	a3,100
    3126:	fed615e3          	bne	a2,a3,3110 <_printf_i+0x3c>
    312a:	4014                	lw	a3,0(s0)
    312c:	4308                	lw	a0,0(a4)
    312e:	0806f613          	andi	a2,a3,128
    3132:	00450593          	addi	a1,a0,4
    3136:	c255                	beqz	a2,31da <_printf_i+0x106>
    3138:	4114                	lw	a3,0(a0)
    313a:	c30c                	sw	a1,0(a4)
    313c:	0006d863          	bgez	a3,314c <_printf_i+0x78>
    3140:	02d00713          	li	a4,45
    3144:	40d006b3          	neg	a3,a3
    3148:	04e401a3          	sb	a4,67(s0)
    314c:	00001617          	auipc	a2,0x1
    3150:	b9c60613          	addi	a2,a2,-1124 # 3ce8 <__clz_tab+0x114>
    3154:	4729                	li	a4,10
    3156:	a855                	j	320a <_printf_i+0x136>
    3158:	07000693          	li	a3,112
    315c:	16d60b63          	beq	a2,a3,32d2 <_printf_i+0x1fe>
    3160:	02c6e563          	bltu	a3,a2,318a <_printf_i+0xb6>
    3164:	06e00693          	li	a3,110
    3168:	1ad60263          	beq	a2,a3,330c <_printf_i+0x238>
    316c:	06f00693          	li	a3,111
    3170:	fad610e3          	bne	a2,a3,3110 <_printf_i+0x3c>
    3174:	400c                	lw	a1,0(s0)
    3176:	4314                	lw	a3,0(a4)
    3178:	0805f313          	andi	t1,a1,128
    317c:	00468513          	addi	a0,a3,4
    3180:	06030563          	beqz	t1,31ea <_printf_i+0x116>
    3184:	c308                	sw	a0,0(a4)
    3186:	4294                	lw	a3,0(a3)
    3188:	a0b5                	j	31f4 <_printf_i+0x120>
    318a:	07500693          	li	a3,117
    318e:	fed603e3          	beq	a2,a3,3174 <_printf_i+0xa0>
    3192:	07800693          	li	a3,120
    3196:	14d60263          	beq	a2,a3,32da <_printf_i+0x206>
    319a:	07300693          	li	a3,115
    319e:	f6d619e3          	bne	a2,a3,3110 <_printf_i+0x3c>
    31a2:	4314                	lw	a3,0(a4)
    31a4:	00468613          	addi	a2,a3,4
    31a8:	c310                	sw	a2,0(a4)
    31aa:	4284                	lw	s1,0(a3)
    31ac:	41d0                	lw	a2,4(a1)
    31ae:	4581                	li	a1,0
    31b0:	8526                	mv	a0,s1
    31b2:	2af1                	jal	338e <memchr>
    31b4:	c119                	beqz	a0,31ba <_printf_i+0xe6>
    31b6:	8d05                	sub	a0,a0,s1
    31b8:	c048                	sw	a0,4(s0)
    31ba:	4058                	lw	a4,4(s0)
    31bc:	c818                	sw	a4,16(s0)
    31be:	040401a3          	sb	zero,67(s0)
    31c2:	a85d                	j	3278 <_printf_i+0x1a4>
    31c4:	4314                	lw	a3,0(a4)
    31c6:	04240493          	addi	s1,s0,66
    31ca:	00468613          	addi	a2,a3,4
    31ce:	c310                	sw	a2,0(a4)
    31d0:	4298                	lw	a4,0(a3)
    31d2:	04e40123          	sb	a4,66(s0)
    31d6:	4705                	li	a4,1
    31d8:	b7d5                	j	31bc <_printf_i+0xe8>
    31da:	0406f613          	andi	a2,a3,64
    31de:	4114                	lw	a3,0(a0)
    31e0:	c30c                	sw	a1,0(a4)
    31e2:	de29                	beqz	a2,313c <_printf_i+0x68>
    31e4:	06c2                	slli	a3,a3,0x10
    31e6:	86c1                	srai	a3,a3,0x10
    31e8:	bf91                	j	313c <_printf_i+0x68>
    31ea:	0405f593          	andi	a1,a1,64
    31ee:	c308                	sw	a0,0(a4)
    31f0:	d9d9                	beqz	a1,3186 <_printf_i+0xb2>
    31f2:	2296                	lhu	a3,0(a3)
    31f4:	06f00713          	li	a4,111
    31f8:	10e60263          	beq	a2,a4,32fc <_printf_i+0x228>
    31fc:	00001617          	auipc	a2,0x1
    3200:	aec60613          	addi	a2,a2,-1300 # 3ce8 <__clz_tab+0x114>
    3204:	4729                	li	a4,10
    3206:	040401a3          	sb	zero,67(s0)
    320a:	404c                	lw	a1,4(s0)
    320c:	c40c                	sw	a1,8(s0)
    320e:	0005c563          	bltz	a1,3218 <_printf_i+0x144>
    3212:	4008                	lw	a0,0(s0)
    3214:	996d                	andi	a0,a0,-5
    3216:	c008                	sw	a0,0(s0)
    3218:	e299                	bnez	a3,321e <_printf_i+0x14a>
    321a:	8496                	mv	s1,t0
    321c:	c99d                	beqz	a1,3252 <_printf_i+0x17e>
    321e:	8496                	mv	s1,t0
    3220:	85ba                	mv	a1,a4
    3222:	8536                	mv	a0,a3
    3224:	cc16                	sw	t0,24(sp)
    3226:	ca32                	sw	a2,20(sp)
    3228:	c83a                	sw	a4,16(sp)
    322a:	c636                	sw	a3,12(sp)
    322c:	ed5fc0ef          	jal	ra,100 <__umodsi3>
    3230:	4652                	lw	a2,20(sp)
    3232:	4742                	lw	a4,16(sp)
    3234:	46b2                	lw	a3,12(sp)
    3236:	9532                	add	a0,a0,a2
    3238:	210c                	lbu	a1,0(a0)
    323a:	14fd                	addi	s1,s1,-1
    323c:	8536                	mv	a0,a3
    323e:	a08c                	sb	a1,0(s1)
    3240:	85ba                	mv	a1,a4
    3242:	e93fc0ef          	jal	ra,d4 <__udivsi3>
    3246:	46b2                	lw	a3,12(sp)
    3248:	4742                	lw	a4,16(sp)
    324a:	4652                	lw	a2,20(sp)
    324c:	42e2                	lw	t0,24(sp)
    324e:	0ae6fd63          	bgeu	a3,a4,3308 <_printf_i+0x234>
    3252:	46a1                	li	a3,8
    3254:	00d71e63          	bne	a4,a3,3270 <_printf_i+0x19c>
    3258:	4018                	lw	a4,0(s0)
    325a:	8b05                	andi	a4,a4,1
    325c:	cb11                	beqz	a4,3270 <_printf_i+0x19c>
    325e:	4054                	lw	a3,4(s0)
    3260:	4818                	lw	a4,16(s0)
    3262:	00d74763          	blt	a4,a3,3270 <_printf_i+0x19c>
    3266:	03000713          	li	a4,48
    326a:	fee48fa3          	sb	a4,-1(s1)
    326e:	14fd                	addi	s1,s1,-1
    3270:	409282b3          	sub	t0,t0,s1
    3274:	00542823          	sw	t0,16(s0)
    3278:	4722                	lw	a4,8(sp)
    327a:	4692                	lw	a3,4(sp)
    327c:	4502                	lw	a0,0(sp)
    327e:	0870                	addi	a2,sp,28
    3280:	85a2                	mv	a1,s0
    3282:	d27ff0ef          	jal	ra,2fa8 <_printf_common>
    3286:	577d                	li	a4,-1
    3288:	0ae51963          	bne	a0,a4,333a <_printf_i+0x266>
    328c:	557d                	li	a0,-1
    328e:	50a2                	lw	ra,40(sp)
    3290:	5412                	lw	s0,36(sp)
    3292:	5482                	lw	s1,32(sp)
    3294:	02c10113          	addi	sp,sp,44
    3298:	8082                	ret
    329a:	04c582a3          	sb	a2,69(a1)
    329e:	00001617          	auipc	a2,0x1
    32a2:	a4a60613          	addi	a2,a2,-1462 # 3ce8 <__clz_tab+0x114>
    32a6:	400c                	lw	a1,0(s0)
    32a8:	4308                	lw	a0,0(a4)
    32aa:	0805f313          	andi	t1,a1,128
    32ae:	4114                	lw	a3,0(a0)
    32b0:	0511                	addi	a0,a0,4
    32b2:	02030d63          	beqz	t1,32ec <_printf_i+0x218>
    32b6:	c308                	sw	a0,0(a4)
    32b8:	0015f713          	andi	a4,a1,1
    32bc:	c701                	beqz	a4,32c4 <_printf_i+0x1f0>
    32be:	0205e593          	ori	a1,a1,32
    32c2:	c00c                	sw	a1,0(s0)
    32c4:	4741                	li	a4,16
    32c6:	f2a1                	bnez	a3,3206 <_printf_i+0x132>
    32c8:	400c                	lw	a1,0(s0)
    32ca:	fdf5f593          	andi	a1,a1,-33
    32ce:	c00c                	sw	a1,0(s0)
    32d0:	bf1d                	j	3206 <_printf_i+0x132>
    32d2:	4194                	lw	a3,0(a1)
    32d4:	0206e693          	ori	a3,a3,32
    32d8:	c194                	sw	a3,0(a1)
    32da:	07800693          	li	a3,120
    32de:	04d402a3          	sb	a3,69(s0)
    32e2:	00001617          	auipc	a2,0x1
    32e6:	a1a60613          	addi	a2,a2,-1510 # 3cfc <__clz_tab+0x128>
    32ea:	bf75                	j	32a6 <_printf_i+0x1d2>
    32ec:	0405f313          	andi	t1,a1,64
    32f0:	c308                	sw	a0,0(a4)
    32f2:	fc0303e3          	beqz	t1,32b8 <_printf_i+0x1e4>
    32f6:	06c2                	slli	a3,a3,0x10
    32f8:	82c1                	srli	a3,a3,0x10
    32fa:	bf7d                	j	32b8 <_printf_i+0x1e4>
    32fc:	00001617          	auipc	a2,0x1
    3300:	9ec60613          	addi	a2,a2,-1556 # 3ce8 <__clz_tab+0x114>
    3304:	4721                	li	a4,8
    3306:	b701                	j	3206 <_printf_i+0x132>
    3308:	86aa                	mv	a3,a0
    330a:	bf19                	j	3220 <_printf_i+0x14c>
    330c:	4190                	lw	a2,0(a1)
    330e:	4314                	lw	a3,0(a4)
    3310:	49cc                	lw	a1,20(a1)
    3312:	08067313          	andi	t1,a2,128
    3316:	00468513          	addi	a0,a3,4
    331a:	00030663          	beqz	t1,3326 <_printf_i+0x252>
    331e:	c308                	sw	a0,0(a4)
    3320:	4298                	lw	a4,0(a3)
    3322:	c30c                	sw	a1,0(a4)
    3324:	a039                	j	3332 <_printf_i+0x25e>
    3326:	c308                	sw	a0,0(a4)
    3328:	04067613          	andi	a2,a2,64
    332c:	4298                	lw	a4,0(a3)
    332e:	da75                	beqz	a2,3322 <_printf_i+0x24e>
    3330:	a30e                	sh	a1,0(a4)
    3332:	00042823          	sw	zero,16(s0)
    3336:	8496                	mv	s1,t0
    3338:	b781                	j	3278 <_printf_i+0x1a4>
    333a:	4814                	lw	a3,16(s0)
    333c:	4592                	lw	a1,4(sp)
    333e:	4502                	lw	a0,0(sp)
    3340:	47a2                	lw	a5,8(sp)
    3342:	8626                	mv	a2,s1
    3344:	9782                	jalr	a5
    3346:	577d                	li	a4,-1
    3348:	f4e502e3          	beq	a0,a4,328c <_printf_i+0x1b8>
    334c:	4018                	lw	a4,0(s0)
    334e:	8b09                	andi	a4,a4,2
    3350:	eb1d                	bnez	a4,3386 <_printf_i+0x2b2>
    3352:	4772                	lw	a4,28(sp)
    3354:	4448                	lw	a0,12(s0)
    3356:	f2e55ce3          	bge	a0,a4,328e <_printf_i+0x1ba>
    335a:	853a                	mv	a0,a4
    335c:	bf0d                	j	328e <_printf_i+0x1ba>
    335e:	4592                	lw	a1,4(sp)
    3360:	4502                	lw	a0,0(sp)
    3362:	47a2                	lw	a5,8(sp)
    3364:	4685                	li	a3,1
    3366:	861a                	mv	a2,t1
    3368:	c83a                	sw	a4,16(sp)
    336a:	c61a                	sw	t1,12(sp)
    336c:	9782                	jalr	a5
    336e:	56fd                	li	a3,-1
    3370:	f0d50ee3          	beq	a0,a3,328c <_printf_i+0x1b8>
    3374:	4742                	lw	a4,16(sp)
    3376:	4332                	lw	t1,12(sp)
    3378:	0705                	addi	a4,a4,1
    337a:	4454                	lw	a3,12(s0)
    337c:	4672                	lw	a2,28(sp)
    337e:	8e91                	sub	a3,a3,a2
    3380:	fcd74fe3          	blt	a4,a3,335e <_printf_i+0x28a>
    3384:	b7f9                	j	3352 <_printf_i+0x27e>
    3386:	4701                	li	a4,0
    3388:	01940313          	addi	t1,s0,25
    338c:	b7fd                	j	337a <_printf_i+0x2a6>

0000338e <memchr>:
    338e:	0ff5f593          	andi	a1,a1,255
    3392:	962a                	add	a2,a2,a0
    3394:	00c51463          	bne	a0,a2,339c <memchr+0xe>
    3398:	4501                	li	a0,0
    339a:	8082                	ret
    339c:	211c                	lbu	a5,0(a0)
    339e:	feb78ee3          	beq	a5,a1,339a <memchr+0xc>
    33a2:	0505                	addi	a0,a0,1
    33a4:	bfc5                	j	3394 <memchr+0x6>

000033a6 <memcpy>:
    33a6:	00a5c7b3          	xor	a5,a1,a0
    33aa:	8b8d                	andi	a5,a5,3
    33ac:	00c50733          	add	a4,a0,a2
    33b0:	e781                	bnez	a5,33b8 <memcpy+0x12>
    33b2:	478d                	li	a5,3
    33b4:	02c7e763          	bltu	a5,a2,33e2 <memcpy+0x3c>
    33b8:	87aa                	mv	a5,a0
    33ba:	0ae57e63          	bgeu	a0,a4,3476 <memcpy+0xd0>
    33be:	2194                	lbu	a3,0(a1)
    33c0:	0785                	addi	a5,a5,1
    33c2:	0585                	addi	a1,a1,1
    33c4:	fed78fa3          	sb	a3,-1(a5)
    33c8:	fee7ebe3          	bltu	a5,a4,33be <memcpy+0x18>
    33cc:	8082                	ret
    33ce:	2194                	lbu	a3,0(a1)
    33d0:	0785                	addi	a5,a5,1
    33d2:	0585                	addi	a1,a1,1
    33d4:	fed78fa3          	sb	a3,-1(a5)
    33d8:	fee7ebe3          	bltu	a5,a4,33ce <memcpy+0x28>
    33dc:	4402                	lw	s0,0(sp)
    33de:	0111                	addi	sp,sp,4
    33e0:	8082                	ret
    33e2:	00357693          	andi	a3,a0,3
    33e6:	87aa                	mv	a5,a0
    33e8:	ca89                	beqz	a3,33fa <memcpy+0x54>
    33ea:	2194                	lbu	a3,0(a1)
    33ec:	0785                	addi	a5,a5,1
    33ee:	0585                	addi	a1,a1,1
    33f0:	fed78fa3          	sb	a3,-1(a5)
    33f4:	0037f693          	andi	a3,a5,3
    33f8:	bfc5                	j	33e8 <memcpy+0x42>
    33fa:	ffc77693          	andi	a3,a4,-4
    33fe:	fe068613          	addi	a2,a3,-32
    3402:	06c7f563          	bgeu	a5,a2,346c <memcpy+0xc6>
    3406:	1171                	addi	sp,sp,-4
    3408:	c022                	sw	s0,0(sp)
    340a:	49c0                	lw	s0,20(a1)
    340c:	0005a303          	lw	t1,0(a1)
    3410:	0085a383          	lw	t2,8(a1)
    3414:	cbc0                	sw	s0,20(a5)
    3416:	4d80                	lw	s0,24(a1)
    3418:	0067a023          	sw	t1,0(a5)
    341c:	0045a303          	lw	t1,4(a1)
    3420:	cf80                	sw	s0,24(a5)
    3422:	4dc0                	lw	s0,28(a1)
    3424:	0067a223          	sw	t1,4(a5)
    3428:	00c5a283          	lw	t0,12(a1)
    342c:	0105a303          	lw	t1,16(a1)
    3430:	02458593          	addi	a1,a1,36
    3434:	cfc0                	sw	s0,28(a5)
    3436:	ffc5a403          	lw	s0,-4(a1)
    343a:	0077a423          	sw	t2,8(a5)
    343e:	0057a623          	sw	t0,12(a5)
    3442:	0067a823          	sw	t1,16(a5)
    3446:	02478793          	addi	a5,a5,36
    344a:	fe87ae23          	sw	s0,-4(a5)
    344e:	fac7eee3          	bltu	a5,a2,340a <memcpy+0x64>
    3452:	f8d7f3e3          	bgeu	a5,a3,33d8 <memcpy+0x32>
    3456:	4190                	lw	a2,0(a1)
    3458:	0791                	addi	a5,a5,4
    345a:	0591                	addi	a1,a1,4
    345c:	fec7ae23          	sw	a2,-4(a5)
    3460:	bfcd                	j	3452 <memcpy+0xac>
    3462:	4190                	lw	a2,0(a1)
    3464:	0791                	addi	a5,a5,4
    3466:	0591                	addi	a1,a1,4
    3468:	fec7ae23          	sw	a2,-4(a5)
    346c:	fed7ebe3          	bltu	a5,a3,3462 <memcpy+0xbc>
    3470:	f4e7e7e3          	bltu	a5,a4,33be <memcpy+0x18>
    3474:	8082                	ret
    3476:	8082                	ret

00003478 <memmove>:
    3478:	04a5f163          	bgeu	a1,a0,34ba <memmove+0x42>
    347c:	00c586b3          	add	a3,a1,a2
    3480:	02d57d63          	bgeu	a0,a3,34ba <memmove+0x42>
    3484:	fff64593          	not	a1,a2
    3488:	4781                	li	a5,0
    348a:	17fd                	addi	a5,a5,-1
    348c:	00f59363          	bne	a1,a5,3492 <memmove+0x1a>
    3490:	8082                	ret
    3492:	00f68733          	add	a4,a3,a5
    3496:	00074303          	lbu	t1,0(a4)
    349a:	00c78733          	add	a4,a5,a2
    349e:	972a                	add	a4,a4,a0
    34a0:	00670023          	sb	t1,0(a4)
    34a4:	b7dd                	j	348a <memmove+0x12>
    34a6:	00f58733          	add	a4,a1,a5
    34aa:	2314                	lbu	a3,0(a4)
    34ac:	00f50733          	add	a4,a0,a5
    34b0:	0785                	addi	a5,a5,1
    34b2:	a314                	sb	a3,0(a4)
    34b4:	fef619e3          	bne	a2,a5,34a6 <memmove+0x2e>
    34b8:	8082                	ret
    34ba:	4781                	li	a5,0
    34bc:	bfe5                	j	34b4 <memmove+0x3c>

000034be <_free_r>:
    34be:	c5cd                	beqz	a1,3568 <_free_r+0xaa>
    34c0:	ffc5a783          	lw	a5,-4(a1)
    34c4:	1151                	addi	sp,sp,-12
    34c6:	c222                	sw	s0,4(sp)
    34c8:	c406                	sw	ra,8(sp)
    34ca:	c026                	sw	s1,0(sp)
    34cc:	ffc58413          	addi	s0,a1,-4
    34d0:	0007d363          	bgez	a5,34d6 <_free_r+0x18>
    34d4:	943e                	add	s0,s0,a5
    34d6:	84aa                	mv	s1,a0
    34d8:	22e5                	jal	36c0 <__malloc_lock>
    34da:	1fffd797          	auipc	a5,0x1fffd
    34de:	bf678793          	addi	a5,a5,-1034 # 200000d0 <_edata>
    34e2:	439c                	lw	a5,0(a5)
    34e4:	ef89                	bnez	a5,34fe <_free_r+0x40>
    34e6:	00042223          	sw	zero,4(s0)
    34ea:	1fffd797          	auipc	a5,0x1fffd
    34ee:	be87a323          	sw	s0,-1050(a5) # 200000d0 <_edata>
    34f2:	4412                	lw	s0,4(sp)
    34f4:	40a2                	lw	ra,8(sp)
    34f6:	8526                	mv	a0,s1
    34f8:	4482                	lw	s1,0(sp)
    34fa:	0131                	addi	sp,sp,12
    34fc:	a2d9                	j	36c2 <__malloc_unlock>
    34fe:	00f47e63          	bgeu	s0,a5,351a <_free_r+0x5c>
    3502:	4014                	lw	a3,0(s0)
    3504:	00d40733          	add	a4,s0,a3
    3508:	00e79663          	bne	a5,a4,3514 <_free_r+0x56>
    350c:	4398                	lw	a4,0(a5)
    350e:	43dc                	lw	a5,4(a5)
    3510:	9736                	add	a4,a4,a3
    3512:	c018                	sw	a4,0(s0)
    3514:	c05c                	sw	a5,4(s0)
    3516:	bfd1                	j	34ea <_free_r+0x2c>
    3518:	87ba                	mv	a5,a4
    351a:	43d8                	lw	a4,4(a5)
    351c:	c319                	beqz	a4,3522 <_free_r+0x64>
    351e:	fee47de3          	bgeu	s0,a4,3518 <_free_r+0x5a>
    3522:	4394                	lw	a3,0(a5)
    3524:	00d78633          	add	a2,a5,a3
    3528:	00861f63          	bne	a2,s0,3546 <_free_r+0x88>
    352c:	4010                	lw	a2,0(s0)
    352e:	96b2                	add	a3,a3,a2
    3530:	c394                	sw	a3,0(a5)
    3532:	00d78633          	add	a2,a5,a3
    3536:	fac71ee3          	bne	a4,a2,34f2 <_free_r+0x34>
    353a:	4310                	lw	a2,0(a4)
    353c:	4358                	lw	a4,4(a4)
    353e:	96b2                	add	a3,a3,a2
    3540:	c394                	sw	a3,0(a5)
    3542:	c3d8                	sw	a4,4(a5)
    3544:	b77d                	j	34f2 <_free_r+0x34>
    3546:	00c47563          	bgeu	s0,a2,3550 <_free_r+0x92>
    354a:	47b1                	li	a5,12
    354c:	c09c                	sw	a5,0(s1)
    354e:	b755                	j	34f2 <_free_r+0x34>
    3550:	4010                	lw	a2,0(s0)
    3552:	00c406b3          	add	a3,s0,a2
    3556:	00d71663          	bne	a4,a3,3562 <_free_r+0xa4>
    355a:	4314                	lw	a3,0(a4)
    355c:	4358                	lw	a4,4(a4)
    355e:	96b2                	add	a3,a3,a2
    3560:	c014                	sw	a3,0(s0)
    3562:	c058                	sw	a4,4(s0)
    3564:	c3c0                	sw	s0,4(a5)
    3566:	b771                	j	34f2 <_free_r+0x34>
    3568:	8082                	ret

0000356a <_malloc_r>:
    356a:	1141                	addi	sp,sp,-16
    356c:	c226                	sw	s1,4(sp)
    356e:	00358493          	addi	s1,a1,3
    3572:	98f1                	andi	s1,s1,-4
    3574:	c606                	sw	ra,12(sp)
    3576:	c422                	sw	s0,8(sp)
    3578:	04a1                	addi	s1,s1,8
    357a:	47b1                	li	a5,12
    357c:	04f4f563          	bgeu	s1,a5,35c6 <_malloc_r+0x5c>
    3580:	44b1                	li	s1,12
    3582:	04b4e463          	bltu	s1,a1,35ca <_malloc_r+0x60>
    3586:	c02a                	sw	a0,0(sp)
    3588:	2a25                	jal	36c0 <__malloc_lock>
    358a:	80818713          	addi	a4,gp,-2040 # 200000d0 <_edata>
    358e:	4314                	lw	a3,0(a4)
    3590:	4782                	lw	a5,0(sp)
    3592:	8436                	mv	s0,a3
    3594:	e039                	bnez	s0,35da <_malloc_r+0x70>
    3596:	80c18713          	addi	a4,gp,-2036 # 200000d4 <__malloc_sbrk_start>
    359a:	4318                	lw	a4,0(a4)
    359c:	eb01                	bnez	a4,35ac <_malloc_r+0x42>
    359e:	853e                	mv	a0,a5
    35a0:	4581                	li	a1,0
    35a2:	c03e                	sw	a5,0(sp)
    35a4:	28cd                	jal	3696 <_sbrk_r>
    35a6:	80a1a623          	sw	a0,-2036(gp) # 200000d4 <__malloc_sbrk_start>
    35aa:	4782                	lw	a5,0(sp)
    35ac:	853e                	mv	a0,a5
    35ae:	85a6                	mv	a1,s1
    35b0:	c03e                	sw	a5,0(sp)
    35b2:	20d5                	jal	3696 <_sbrk_r>
    35b4:	577d                	li	a4,-1
    35b6:	4782                	lw	a5,0(sp)
    35b8:	06e51463          	bne	a0,a4,3620 <_malloc_r+0xb6>
    35bc:	4731                	li	a4,12
    35be:	c398                	sw	a4,0(a5)
    35c0:	853e                	mv	a0,a5
    35c2:	2201                	jal	36c2 <__malloc_unlock>
    35c4:	a029                	j	35ce <_malloc_r+0x64>
    35c6:	fa04dee3          	bgez	s1,3582 <_malloc_r+0x18>
    35ca:	47b1                	li	a5,12
    35cc:	c11c                	sw	a5,0(a0)
    35ce:	4501                	li	a0,0
    35d0:	40b2                	lw	ra,12(sp)
    35d2:	4422                	lw	s0,8(sp)
    35d4:	4492                	lw	s1,4(sp)
    35d6:	0141                	addi	sp,sp,16
    35d8:	8082                	ret
    35da:	4018                	lw	a4,0(s0)
    35dc:	8f05                	sub	a4,a4,s1
    35de:	02074e63          	bltz	a4,361a <_malloc_r+0xb0>
    35e2:	462d                	li	a2,11
    35e4:	00e67663          	bgeu	a2,a4,35f0 <_malloc_r+0x86>
    35e8:	c018                	sw	a4,0(s0)
    35ea:	943a                	add	s0,s0,a4
    35ec:	c004                	sw	s1,0(s0)
    35ee:	a031                	j	35fa <_malloc_r+0x90>
    35f0:	4058                	lw	a4,4(s0)
    35f2:	02869263          	bne	a3,s0,3616 <_malloc_r+0xac>
    35f6:	80e1a423          	sw	a4,-2040(gp) # 200000d0 <_edata>
    35fa:	853e                	mv	a0,a5
    35fc:	20d9                	jal	36c2 <__malloc_unlock>
    35fe:	00b40513          	addi	a0,s0,11
    3602:	00440713          	addi	a4,s0,4
    3606:	9961                	andi	a0,a0,-8
    3608:	40e507b3          	sub	a5,a0,a4
    360c:	d3f1                	beqz	a5,35d0 <_malloc_r+0x66>
    360e:	943e                	add	s0,s0,a5
    3610:	8f09                	sub	a4,a4,a0
    3612:	c018                	sw	a4,0(s0)
    3614:	bf75                	j	35d0 <_malloc_r+0x66>
    3616:	c2d8                	sw	a4,4(a3)
    3618:	b7cd                	j	35fa <_malloc_r+0x90>
    361a:	86a2                	mv	a3,s0
    361c:	4040                	lw	s0,4(s0)
    361e:	bf9d                	j	3594 <_malloc_r+0x2a>
    3620:	00350413          	addi	s0,a0,3
    3624:	9871                	andi	s0,s0,-4
    3626:	fc8503e3          	beq	a0,s0,35ec <_malloc_r+0x82>
    362a:	40a405b3          	sub	a1,s0,a0
    362e:	853e                	mv	a0,a5
    3630:	c03e                	sw	a5,0(sp)
    3632:	2095                	jal	3696 <_sbrk_r>
    3634:	577d                	li	a4,-1
    3636:	4782                	lw	a5,0(sp)
    3638:	fae51ae3          	bne	a0,a4,35ec <_malloc_r+0x82>
    363c:	b741                	j	35bc <_malloc_r+0x52>

0000363e <_realloc_r>:
    363e:	e581                	bnez	a1,3646 <_realloc_r+0x8>
    3640:	85b2                	mv	a1,a2
    3642:	f29ff06f          	j	356a <_malloc_r>
    3646:	1131                	addi	sp,sp,-20
    3648:	c806                	sw	ra,16(sp)
    364a:	c622                	sw	s0,12(sp)
    364c:	c426                	sw	s1,8(sp)
    364e:	ea11                	bnez	a2,3662 <_realloc_r+0x24>
    3650:	e6fff0ef          	jal	ra,34be <_free_r>
    3654:	4781                	li	a5,0
    3656:	40c2                	lw	ra,16(sp)
    3658:	4432                	lw	s0,12(sp)
    365a:	44a2                	lw	s1,8(sp)
    365c:	853e                	mv	a0,a5
    365e:	0151                	addi	sp,sp,20
    3660:	8082                	ret
    3662:	842e                	mv	s0,a1
    3664:	c032                	sw	a2,0(sp)
    3666:	84aa                	mv	s1,a0
    3668:	28b1                	jal	36c4 <_malloc_usable_size_r>
    366a:	4602                	lw	a2,0(sp)
    366c:	87a2                	mv	a5,s0
    366e:	fec574e3          	bgeu	a0,a2,3656 <_realloc_r+0x18>
    3672:	85b2                	mv	a1,a2
    3674:	8526                	mv	a0,s1
    3676:	c232                	sw	a2,4(sp)
    3678:	ef3ff0ef          	jal	ra,356a <_malloc_r>
    367c:	87aa                	mv	a5,a0
    367e:	dd61                	beqz	a0,3656 <_realloc_r+0x18>
    3680:	4612                	lw	a2,4(sp)
    3682:	85a2                	mv	a1,s0
    3684:	c02a                	sw	a0,0(sp)
    3686:	d21ff0ef          	jal	ra,33a6 <memcpy>
    368a:	85a2                	mv	a1,s0
    368c:	8526                	mv	a0,s1
    368e:	e31ff0ef          	jal	ra,34be <_free_r>
    3692:	4782                	lw	a5,0(sp)
    3694:	b7c9                	j	3656 <_realloc_r+0x18>

00003696 <_sbrk_r>:
    3696:	1151                	addi	sp,sp,-12
    3698:	c222                	sw	s0,4(sp)
    369a:	842a                	mv	s0,a0
    369c:	852e                	mv	a0,a1
    369e:	ce01a223          	sw	zero,-796(gp) # 200005ac <errno>
    36a2:	c406                	sw	ra,8(sp)
    36a4:	f1efe0ef          	jal	ra,1dc2 <_sbrk>
    36a8:	57fd                	li	a5,-1
    36aa:	00f51763          	bne	a0,a5,36b8 <_sbrk_r+0x22>
    36ae:	ce418793          	addi	a5,gp,-796 # 200005ac <errno>
    36b2:	439c                	lw	a5,0(a5)
    36b4:	c391                	beqz	a5,36b8 <_sbrk_r+0x22>
    36b6:	c01c                	sw	a5,0(s0)
    36b8:	40a2                	lw	ra,8(sp)
    36ba:	4412                	lw	s0,4(sp)
    36bc:	0131                	addi	sp,sp,12
    36be:	8082                	ret

000036c0 <__malloc_lock>:
    36c0:	8082                	ret

000036c2 <__malloc_unlock>:
    36c2:	8082                	ret

000036c4 <_malloc_usable_size_r>:
    36c4:	ffc5a783          	lw	a5,-4(a1)
    36c8:	ffc78513          	addi	a0,a5,-4
    36cc:	0007d563          	bgez	a5,36d6 <_malloc_usable_size_r+0x12>
    36d0:	95aa                	add	a1,a1,a0
    36d2:	419c                	lw	a5,0(a1)
    36d4:	953e                	add	a0,a0,a5
    36d6:	8082                	ret
    36d8:	b930                	sb	a2,19(a0)
    36da:	40a2                	lw	ra,8(sp)
    36dc:	40155547          	fmsub.s	fa0,fa0,ft1,fs0,unknown
    36e0:	0000                	unimp
    36e2:	42c8                	lw	a0,4(a3)
    36e4:	411c6b43          	fmadd.s	fs6,fs8,fa7,fs0,unknown
    36e8:	aa99                	j	383e <OLED_F8x16+0x13e>
    36ea:	4226                	lw	tp,72(sp)
    36ec:	0564                	addi	s1,sp,652
    36ee:	0000                	unimp
    36f0:	058a                	slli	a1,a1,0x2
    36f2:	0000                	unimp
    36f4:	05ac                	addi	a1,sp,712
    36f6:	0000                	unimp
    36f8:	05dc                	addi	a5,sp,708
    36fa:	0000                	unimp
    36fc:	05fa                	slli	a1,a1,0x1e
	...

00003700 <OLED_F8x16>:
	...
    3710:	0000 f800 0000 0000 0000 3300 0030 0000     ...........30...
    3720:	1600 000e 0e16 0000 0000 0000 0000 0000     ................
    3730:	c040 4078 78c0 0040 3f04 0404 043f 0004     @.x@.x@..?..?...
    3740:	7000 fc88 3008 0000 1800 ff20 1e21 0000     .p...0.... .!...
    3750:	08f0 00f0 18e0 0000 2100 031c 211e 001e     .........!...!..
    3760:	f000 8808 0070 0000 211e 2423 2719 1021     ....p....!#$.'!.
    3770:	0000 1600 000e 0000 0000 0000 0000 0000     ................
    3780:	0000 e000 0418 0002 0000 0700 2018 0040     ............. @.
    3790:	0200 1804 00e0 0000 4000 1820 0007 0000     .........@ .....
    37a0:	4040 f080 4080 0040 0202 0f01 0201 0002     @@...@@.........
    37b0:	0000 f000 0000 0000 0101 1f01 0101 0001     ................
	...
    37c8:	b000 0070 0000 0000 0000 0000 0000 0000     ..p.............
    37d8:	0100 0101 0101 0101 0000 0000 0000 0000     ................
    37e8:	3000 0030 0000 0000 0000 0000 6080 0418     .00..........`..
    37f8:	6000 0618 0001 0000 e000 0810 1008 00e0     .`..............
    3808:	0f00 2010 1020 000f 1000 f810 0000 0000     ...  ...........
    3818:	2000 3f20 2020 0000 7000 0808 8808 0070     .  ?  ...p....p.
    3828:	3000 2428 2122 0030 3000 8808 4888 0030     .0($"!0..0...H0.
    3838:	1800 2020 1120 000e 0000 20c0 f810 0000     ..   ...... ....
    3848:	0700 2404 3f24 0024 f800 8808 0888 0008     ...$$?$.........
    3858:	1900 2021 1120 000e e000 8810 1888 0000     ..!  ...........
    3868:	0f00 2011 1120 000e 3800 0808 38c8 0008     ...  ....8...8..
    3878:	0000 3f00 0000 0000 7000 0888 8808 0070     ...?.....p....p.
    3888:	1c00 2122 2221 001c e000 0810 1008 00e0     .."!!"..........
    3898:	0000 2231 1122 000f 0000 c000 00c0 0000     ..1""...........
    38a8:	0000 3000 0030 0000 0000 c000 00c0 0000     ...00...........
    38b8:	0000 b080 0070 0000 0000 4080 1020 0008     ....p......@ ...
    38c8:	0100 0402 1008 0020 4040 4040 4040 0040     ...... .@@@@@@@.
    38d8:	0404 0404 0404 0004 0800 2010 8040 0000     ........... @...
    38e8:	2000 0810 0204 0001 7000 0848 0808 00f0     . .......pH.....
    38f8:	0000 3000 0136 0000 30c0 28c8 10e8 00e0     ...06....0.(....
    3908:	1807 2427 1423 000b 0000 38c0 00e0 0000     ..'$#......8....
    3918:	3c20 0223 2702 2038 f808 8888 7088 0000      <#..'8 .....p..
    3928:	3f20 2020 1120 000e 30c0 0808 0808 0038      ?   ....0....8.
    3938:	1807 2020 1020 0008 f808 0808 1008 00e0     ..   ...........
    3948:	3f20 2020 1020 000f f808 8888 08e8 0010      ?   ...........
    3958:	3f20 2020 2023 0018 f808 8888 08e8 0010      ?  # ..........
    3968:	3f20 0020 0003 0000 30c0 0808 3808 0000      ? ......0...8..
    3978:	1807 2020 1e22 0002 f808 0008 0800 08f8     ..  "...........
    3988:	3f20 0121 2101 203f 0800 f808 0808 0000      ?!..!? ........
    3998:	2000 3f20 2020 0000 0000 0808 08f8 0008     .  ?  ..........
    39a8:	80c0 8080 007f 0000 f808 c088 1828 0008     ............(...
    39b8:	3f20 0120 3826 0020 f808 0008 0000 0000      ? .&8 .........
    39c8:	3f20 2020 2020 0030 f808 00f8 f8f8 0008      ?    0.........
    39d8:	3f20 3f00 3f00 0020 f808 c030 0800 08f8      ?.?.? ...0.....
    39e8:	3f20 0020 1807 003f 10e0 0808 1008 00e0      ? ...?.........
    39f8:	100f 2020 1020 000f f808 0808 0808 00f0     ..   ...........
    3a08:	3f20 0121 0101 0000 10e0 0808 1008 00e0      ?!.............
    3a18:	180f 2424 5038 004f f808 8888 8888 0070     ..$$8PO.......p.
    3a28:	3f20 0020 0c03 2030 7000 0888 0808 0038      ? ...0 .p....8.
    3a38:	3800 2120 2221 001c 0818 f808 0808 0018     .8 !!"..........
    3a48:	0000 3f20 0020 0000 f808 0008 0800 08f8     .. ? ...........
    3a58:	1f00 2020 2020 001f 7808 0088 c800 0838     ..    ...x....8.
    3a68:	0000 3807 010e 0000 08f8 f800 0800 00f8     ...8............
    3a78:	3c03 0007 3c07 0003 1808 8068 6880 0818     .<...<....h..h..
    3a88:	3020 032c 2c03 2030 3808 00c8 38c8 0008      0,..,0 .8...8..
    3a98:	0000 3f20 0020 0000 0810 0808 38c8 0008     .. ? ........8..
    3aa8:	3820 2126 2020 0018 0000 fe00 0202 0002      8&!  ..........
	...
    3ac0:	4000 469c 3325 2e64 3225 0064 4e49 5550     .@.F%3d.%2d.INPU
    3ad0:	2054 554f 5054 5455 0000 0000 0056 0000     T OUTPUT....V...
    3ae0:	0041 0000 0057 0000 0a0d 7953 7473 6d65     A...W.....System
    3af0:	6c43 3a6b 6425 0a0d 0000 0000 6843 7069     Clk:%d......Chip
    3b00:	4449 253a 3830 0d78 000a 0000 6e28 6c75     ID:%08x.....(nul
    3b10:	296c 0000 ea5a ffff e96c ffff ea54 ffff     l)..Z...l...T...
    3b20:	e974 ffff ea54 ffff e946 ffff ea54 ffff     t...T...F...T...
    3b30:	e974 ffff e96c ffff e96c ffff e946 ffff     t...l...l...F...
    3b40:	e974 ffff e97a ffff e97a ffff e97a ffff     t...z...z...z...
    3b50:	e946 ffff e92c ffff e92c ffff ea14 ffff     F...,...,.......
    3b60:	eb4e ffff ea14 ffff e906 ffff ea14 ffff     N...............
    3b70:	eb4e ffff e92c ffff e92c ffff e906 ffff     N...,...,.......
    3b80:	eb4e ffff e93a ffff e93a ffff e93a ffff     N...:...:...:...
    3b90:	e906 ffff eca2 ffff ebe6 ffff ebe6 ffff     ................
    3ba0:	ebe4 ffff ebea ffff ebea ffff ebc2 ffff     ................
    3bb0:	ebe4 ffff ebea ffff ebc2 ffff ebea ffff     ................
    3bc0:	ebe4 ffff ec90 ffff ec90 ffff ec90 ffff     ................
    3bd0:	ebc2 ffff                                   ....

00003bd4 <__clz_tab>:
    3bd4:	0100 0202 0303 0303 0404 0404 0404 0404     ................
    3be4:	0505 0505 0505 0505 0505 0505 0505 0505     ................
    3bf4:	0606 0606 0606 0606 0606 0606 0606 0606     ................
    3c04:	0606 0606 0606 0606 0606 0606 0606 0606     ................
    3c14:	0707 0707 0707 0707 0707 0707 0707 0707     ................
    3c24:	0707 0707 0707 0707 0707 0707 0707 0707     ................
    3c34:	0707 0707 0707 0707 0707 0707 0707 0707     ................
    3c44:	0707 0707 0707 0707 0707 0707 0707 0707     ................
    3c54:	0808 0808 0808 0808 0808 0808 0808 0808     ................
    3c64:	0808 0808 0808 0808 0808 0808 0808 0808     ................
    3c74:	0808 0808 0808 0808 0808 0808 0808 0808     ................
    3c84:	0808 0808 0808 0808 0808 0808 0808 0808     ................
    3c94:	0808 0808 0808 0808 0808 0808 0808 0808     ................
    3ca4:	0808 0808 0808 0808 0808 0808 0808 0808     ................
    3cb4:	0808 0808 0808 0808 0808 0808 0808 0808     ................
    3cc4:	0808 0808 0808 0808 0808 0808 0808 0808     ................
    3cd4:	2d23 2b30 0020 0000 6c68 004c 6665 4567     #-0+ ...hlL.efgE
    3ce4:	4746 0000 3130 3332 3534 3736 3938 4241     FG..0123456789AB
    3cf4:	4443 4645 0000 0000 3130 3332 3534 3736     CDEF....01234567
    3d04:	3938 6261 6463 6665 0000 0000               89abcdef....
