
LM25118_PowerModule.elf:     file format elf32-littleriscv
LM25118_PowerModule.elf
architecture: riscv:rv32, flags 0x00000112:
EXEC_P, HAS_SYMS, D_PAGED
start address 0x00000000

Program Header:
    LOAD off    0x00001000 vaddr 0x00000000 paddr 0x00000000 align 2**12
         filesz 0x00003dc4 memsz 0x00003dc4 flags r-x
    LOAD off    0x00005000 vaddr 0x20000000 paddr 0x00003dc4 align 2**12
         filesz 0x000000d0 memsz 0x000005ac flags rw-
    LOAD off    0x00005700 vaddr 0x20000700 paddr 0x20000700 align 2**12
         filesz 0x00000000 memsz 0x00000100 flags rw-

Sections:
Idx Name          Size      VMA       LMA       File off  Algn
  0 .init         000000a0  00000000  00000000  00001000  2**2
                  CONTENTS, ALLOC, LOAD, READONLY, CODE
  1 .highcodelalign 00000000  000000a0  000000a0  000050d0  2**0
                  CONTENTS
  2 .highcode     00000000  20000000  20000000  000050d0  2**0
                  CONTENTS
  3 .text         00003d24  000000a0  000000a0  000010a0  2**2
                  CONTENTS, ALLOC, LOAD, READONLY, CODE
  4 .fini         00000000  00003dc4  00003dc4  000050d0  2**0
                  CONTENTS, ALLOC, LOAD, CODE
  5 .dalign       00000000  20000000  20000000  000050d0  2**0
                  CONTENTS
  6 .dlalign      00000000  00003dc4  00003dc4  000050d0  2**0
                  CONTENTS
  7 .data         000000d0  20000000  00003dc4  00005000  2**2
                  CONTENTS, ALLOC, LOAD, DATA
  8 .bss          000004dc  200000d0  00003e94  000050d0  2**2
                  ALLOC
  9 .stack        00000100  20000700  20000700  00005700  2**0
                  ALLOC
 10 .debug_info   00017119  00000000  00000000  000050d0  2**0
                  CONTENTS, READONLY, DEBUGGING
 11 .debug_abbrev 00003c8d  00000000  00000000  0001c1e9  2**0
                  CONTENTS, READONLY, DEBUGGING
 12 .debug_loc    00006c3f  00000000  00000000  0001fe76  2**0
                  CONTENTS, READONLY, DEBUGGING
 13 .debug_aranges 00000bd8  00000000  00000000  00026ab8  2**3
                  CONTENTS, READONLY, DEBUGGING
 14 .debug_ranges 00000c98  00000000  00000000  00027690  2**3
                  CONTENTS, READONLY, DEBUGGING
 15 .debug_line   00010564  00000000  00000000  00028328  2**0
                  CONTENTS, READONLY, DEBUGGING
 16 .debug_str    000035c5  00000000  00000000  0003888c  2**0
                  CONTENTS, READONLY, DEBUGGING
 17 .comment      00000033  00000000  00000000  0003be51  2**0
                  CONTENTS, READONLY
 18 .debug_frame  00002020  00000000  00000000  0003be84  2**2
                  CONTENTS, READONLY, DEBUGGING
SYMBOL TABLE:
00000000 l    d  .init	00000000 .init
000000a0 l    d  .highcodelalign	00000000 .highcodelalign
20000000 l    d  .highcode	00000000 .highcode
000000a0 l    d  .text	00000000 .text
00003dc4 l    d  .fini	00000000 .fini
20000000 l    d  .dalign	00000000 .dalign
00003dc4 l    d  .dlalign	00000000 .dlalign
20000000 l    d  .data	00000000 .data
200000d0 l    d  .bss	00000000 .bss
20000700 l    d  .stack	00000000 .stack
00000000 l    d  .debug_info	00000000 .debug_info
00000000 l    d  .debug_abbrev	00000000 .debug_abbrev
00000000 l    d  .debug_loc	00000000 .debug_loc
00000000 l    d  .debug_aranges	00000000 .debug_aranges
00000000 l    d  .debug_ranges	00000000 .debug_ranges
00000000 l    d  .debug_line	00000000 .debug_line
00000000 l    d  .debug_str	00000000 .debug_str
00000000 l    d  .comment	00000000 .comment
00000000 l    d  .debug_frame	00000000 .debug_frame
00000000 l    df *ABS*	00000000 ADC_k.c
200000d8 l     O .bss	00000008 ADC_Regular_Data
00003788 l     O .text	00000034 ntc_adc_table
00000000 l    df *ABS*	00000000 Encoder_k.c
20000000 l     O .data	00000002 encoder_cnt
00000000 l    df *ABS*	00000000 Key_k.c
00000582 l     F .text	0000003c Key_Init
000005be l     F .text	000000de Key_Scan
00000000 l    df *ABS*	00000000 OLED.c
000006d0 l     F .text	00000010 OLED_W_SCL.part.0
000006e0 l     F .text	00000010 OLED_W_SDA.part.1
00000000 l    df *ABS*	00000000 Timer_k.c
00000000 l    df *ABS*	00000000 WS2812_k.c
20000580 l     O .bss	0000001e data2send
00000000 l    df *ABS*	00000000 ch32v00x_it.c
00000000 l    df *ABS*	00000000 main.c
20000024 l     O .data	00000001 flag.4304
00000000 l    df *ABS*	00000000 system_ch32v00x.c
00000000 l    df *ABS*	00000000 ch32v00x_adc.c
00000000 l    df *ABS*	00000000 ch32v00x_dma.c
00000000 l    df *ABS*	00000000 ch32v00x_exti.c
00000000 l    df *ABS*	00000000 ch32v00x_gpio.c
00000000 l    df *ABS*	00000000 ch32v00x_misc.c
00000000 l    df *ABS*	00000000 ch32v00x_rcc.c
2000003c l     O .data	00000014 ADCPrescTable
20000050 l     O .data	00000010 APBAHBPrescTable
00000000 l    df *ABS*	00000000 ch32v00x_spi.c
00000000 l    df *ABS*	00000000 ch32v00x_tim.c
00000000 l    df *ABS*	00000000 ch32v00x_usart.c
00000000 l    df *ABS*	00000000 debug.c
200005a4 l     O .bss	00000002 p_ms
200005a6 l     O .bss	00000001 p_us
20000060 l     O .data	00000004 curbrk.4091
00000000 l    df *ABS*	00000000 wchprintf.c
00000000 l    df *ABS*	00000000 divsf3.c
00000000 l    df *ABS*	00000000 mulsf3.c
00000000 l    df *ABS*	00000000 fixsfsi.c
00000000 l    df *ABS*	00000000 fixunssfsi.c
00000000 l    df *ABS*	00000000 floatsisf.c
00000000 l    df *ABS*	00000000 floatunsisf.c
00000000 l    df *ABS*	00000000 libgcc2.c
00000000 l    df *ABS*	00000000 vsprintf.c
00000000 l    df *ABS*	00000000 nano-vfprintf.c
00000000 l    df *ABS*	00000000 nano-vfprintf_i.c
00000000 l    df *ABS*	00000000 memchr.c
00000000 l    df *ABS*	00000000 memcpy.c
00000000 l    df *ABS*	00000000 memmove.c
00000000 l    df *ABS*	00000000 nano-mallocr.c
00000000 l    df *ABS*	00000000 nano-mallocr.c
00000000 l    df *ABS*	00000000 nano-mallocr.c
00000000 l    df *ABS*	00000000 sbrkr.c
00000000 l    df *ABS*	00000000 mlock.c
00000000 l    df *ABS*	00000000 nano-mallocr.c
00000000 l    df *ABS*	00000000 OLED_Data.c
00000000 l    df *ABS*	00000000 libgcc2.c
00000000 l    df *ABS*	00000000 impure.c
20000064 l     O .data	00000060 impure_data
00000000 l    df *ABS*	00000000 reent.c
0000207a  w    F .text	00000004 printDouble
00001b24 g     F .text	00000016 TIM_TimeBaseStructInit
00003756 g     F .text	00000014 _malloc_usable_size_r
20000004 g     O .data	00000010 Key_Enable
00001590 g     F .text	00000014 DMA_Cmd
0000207e  w    F .text	00000360 print
000023de  w    F .text	00000024 printf
200008c8 g       .data	00000000 __global_pointer$
00002cce g     F .text	00000012 vsprintf
000012b4  w      .text	00000000 TIM1_CC_IRQHandler
0000199e g     F .text	00000004 SPI_I2S_SendData
00000eea g     F .text	00000010 HardFault_Handler
000037d0 g     O .text	000003c0 OLED_F8x16
00001f5e  w    F .text	00000118 printInt
00003754 g     F .text	00000002 __malloc_unlock
000013e2 g     F .text	00000012 ADC_DMACmd
0000244c g     F .text	0000030a .hidden __divsf3
000012b4  w      .text	00000000 SysTick_Handler
000017b0 g     F .text	00000062 NVIC_Init
000012b4  w      .text	00000000 PVD_IRQHandler
0000350a g     F .text	00000046 memmove
00000ee8 g     F .text	00000002 NMI_Handler
000029e6 g     F .text	00000060 .hidden __fixsfsi
00000764 g     F .text	00000014 OLED_I2C_Start
00001cee g     F .text	0000000a USART_GetFlagStatus
200005a8 g     O .bss	00000004 errno
200000d0 g       .bss	00000000 _sbss
00000100 g       *ABS*	00000000 __stack_size
0000071c g     F .text	00000048 OLED_IO_Init
00001d66 g     F .text	00000058 USART_Printf_Init
00001558 g     F .text	00000038 DMA_Init
0000033a g     F .text	0000007c NTC_GetTemperature_x10
000000aa g     F .text	0000000a .hidden __riscv_restore_2
00001b74 g     F .text	00000016 TIM_CtrlPWMOutputs
00003438 g     F .text	000000d2 memcpy
000013d2 g     F .text	00000010 ADC_Cmd
00000836 g     F .text	000000ba OLED_Init
000016c4 g     F .text	000000c4 GPIO_PinRemapConfig
00002dca g     F .text	00000270 _svfprintf_r
00002076  w    F .text	00000004 printLongLongInt
00000dae g     F .text	000000c4 BSP_WS2812_Set_Color
00001b5c g     F .text	00000018 TIM_Cmd
00002402 g     F .text	0000004a puts
20000038 g     O .data	00000004 SystemCoreClock
00002c9e g     F .text	00000030 _vsiprintf_r
000000d4 g     F .text	0000002c .hidden __udivsi3
000000a0 g       .init	00000000 _einit
00001bf6 g     F .text	0000000c TIM_ClearITPendingBit
20000014 g     O .data	00000010 Key_Encoder
00000964 g     F .text	00000120 OLED_ShowImage
000018f8 g     F .text	0000001e RCC_APB2PeriphClockCmd
00001636 g     F .text	0000007c GPIO_Init
00001824 g     F .text	00000014 RCC_ADCCLKConfig
200005a0 g     O .bss	00000004 NVIC_Priority_Group
000012b4  w      .text	00000000 SPI1_IRQHandler
00001cd0 g     F .text	00000016 USART_Cmd
00003728 g     F .text	0000002a _sbrk_r
000000a0 g     F .text	0000000a .hidden __riscv_save_1
00000b46 g     F .text	00000104 BSP_TIM1_Init
000000aa g     F .text	0000000a .hidden __riscv_restore_0
000012b4  w      .text	00000000 AWU_IRQHandler
00001a90 g     F .text	00000094 TIM_OC3Init
000004d8 g     F .text	0000008e EXTI7_0_IRQHandler
00000efa g     F .text	00000116 OLED_Display
00001916 g     F .text	0000001e RCC_APB1PeriphClockCmd
20000700 g       .stack	00000000 _heap_end
000036d0 g     F .text	00000058 _realloc_r
000019a2 g     F .text	0000000a SPI_I2S_GetFlagStatus
000018da g     F .text	0000001e RCC_AHBPeriphClockCmd
000012b4  w      .text	00000000 DMA1_Channel4_IRQHandler
0000140c g     F .text	000000ba ADC_RegularChannelConfig
00002cce g     F .text	00000012 vsiprintf
000012b4  w      .text	00000000 ADC1_IRQHandler
00001e0a g     F .text	00000026 _sbrk
0000069c g     F .text	0000001a BSP_Key_Init
00000788 g     F .text	00000030 OLED_I2C_SendByte
0000045c g     F .text	0000007c BSP_Encoder_Init
0000162c g     F .text	0000000a EXTI_ClearITPendingBit
200005ac g       .bss	00000000 _ebss
000010c6 g     F .text	00000080 BSP_Key_Task
00000778 g     F .text	00000010 OLED_I2C_Stop
000012b4  w      .text	00000000 DMA1_Channel7_IRQHandler
000013f4 g     F .text	00000018 ADC_SoftwareStartConvCmd
00001bcc g     F .text	0000000e TIM_OC3PreloadConfig
00000a84 g     F .text	0000003e OLED_ShowChar
00001cf8 g     F .text	00000034 Delay_Init
200000e0 g     O .bss	0000001c ADC_Value
000016bc g     F .text	00000004 GPIO_SetBits
00000ac2 g     F .text	0000004a OLED_ShowString
00001b9c g     F .text	0000001a TIM_ARRPreloadConfig
00000100 g     F .text	00000008 .hidden __umodsi3
000012b4  w      .text	00000000 I2C1_EV_IRQHandler
00002ce0 g     F .text	000000ea __ssputs_r
00001838 g     F .text	000000a2 RCC_GetClocksFreq
000012b4  w      .text	00000000 DMA1_Channel6_IRQHandler
00002c30 g     F .text	0000006e .hidden __clzsi2
00003420 g     F .text	00000018 memchr
00001c02 g     F .text	000000ce USART_Init
00003550 g     F .text	000000ac _free_r
000003b6 g     F .text	000000a6 BSP_ADC_Loop
000012b4  w      .text	00000000 RCC_IRQHandler
200000fc g     O .bss	00000400 OLED_DisplayBuf
000012b4  w      .text	00000000 TIM1_TRG_COM_IRQHandler
000012b4  w      .text	00000000 DMA1_Channel1_IRQHandler
00000d84 g     F .text	0000002a BSP_WS2812_Reset
00000000 g       .init	00000000 _start
20000028 g     O .data	00000010 AHBPrescTable
00001bb6 g     F .text	00000016 TIM_OC2PreloadConfig
00002a9c g     F .text	000000c6 .hidden __floatsisf
00001e78  w    F .text	000000e6 prints
00001b8a g     F .text	00000012 TIM_ITConfig
000019fa g     F .text	00000096 TIM_OC2Init
20000000 g       .highcode	00000000 _highcode_vma_start
000015a4 g     F .text	0000006a EXTI_Init
000000b4 g     F .text	00000014 .hidden __mulsi3
000016c0 g     F .text	00000004 GPIO_ResetBits
00001bda g     F .text	00000018 TIM_SelectOutputTrigger
000001f2 g     F .text	00000148 BSP_ADC_Init
20000000 g       .dalign	00000000 _data_vma
00001bf2 g     F .text	00000004 TIM_SetCompare3
000007d4 g     F .text	0000002a OLED_WriteData
00001788 g     F .text	00000022 GPIO_EXTILineConfig
000037d0 g     O .text	00000000 OLED_F6x8
000008f0 g     F .text	00000074 OLED_ClearArea
00003752 g     F .text	00000002 __malloc_lock
0000160e g     F .text	0000001e EXTI_GetITStatus
00000810 g     F .text	00000026 OLED_Clear
00000b0c g     F .text	0000003a OLED_Printf
0000014a g     F .text	000000a8 memset
00001812 g     F .text	00000012 RCC_AdjustHSICalibrationValue
00001010 g     F .text	000000b6 main
00000e72 g     F .text	00000076 BSP_WS2812_Init
000035fc g     F .text	000000d4 _malloc_r
000012b4  w      .text	00000000 DMA1_Channel5_IRQHandler
00001d2c g     F .text	0000003a Delay_Ms
000000cc g     F .text	00000058 .hidden __divsi3
00001146 g     F .text	00000020 BSP_TIM1_IQR_Callback
00002756 g     F .text	00000290 .hidden __mulsf3
00000c4a g     F .text	0000003a Buzzer_Play
00001984 g     F .text	0000001a SPI_Cmd
000000a0 g       .highcodelalign	00000000 _highcode_lma
00001166 g     F .text	000000e2 SystemInit
00001e30  w    F .text	00000048 printchar
00000706 g     F .text	00000016 OLED_W_SDA
00003c88 g     O .text	00000100 .hidden __clz_tab
00000000 g       .init	00000000 _sinit
00002c9e g     F .text	00000030 _vsprintf_r
000012b4  w      .text	00000000 DMA1_Channel3_IRQHandler
200004fc g     O .bss	00000080 String
0000303a g     F .text	0000012c _printf_common
200000c8 g     O .data	00000004 _impure_ptr
00000d42 g     F .text	00000042 TIM1_UP_IRQHandler
000007fe g     F .text	00000012 OLED_Update
00002dca g     F .text	00000270 _svfiprintf_r
000012b4  w      .text	00000000 WWDG_IRQHandler
00000566 g     F .text	0000001c BSP_Encoder_Get_Cnt
000012b4  w      .text	00000000 TIM2_IRQHandler
20000800 g       .stack	00000000 _eusrstack
000000a0 g     F .text	0000000a .hidden __riscv_save_2
000012b4  w      .text	00000000 SW_Handler
0000135e g     F .text	00000026 ADC_DeInit
00001b3a g     F .text	00000022 TIM_OCStructInit
000012b4  w      .text	00000000 TIM1_BRK_IRQHandler
00001384 g     F .text	0000004e ADC_Init
00001ce6 g     F .text	00000008 USART_SendData
000006b6 g     F .text	0000001a BSP_Key_Scan
00001dbe g     F .text	0000004c _write
200000d0 g       .data	00000000 _edata
200005ac g       .bss	00000000 _end
20000000 g       .highcode	00000000 _highcode_vma_end
000019ac g     F .text	0000004e TIM_TimeBaseInit
00003dc4 g       .dlalign	00000000 _data_lma
00001248 g     F .text	0000006c SystemCoreClockUpdate
00002b62 g     F .text	000000ce .hidden __floatunsisf
00000124 g     F .text	00000024 .hidden __modsi3
000012b4  w      .text	00000000 DMA1_Channel2_IRQHandler
000012b6  w      .text	00000000 handle_reset
00002a46 g     F .text	00000056 .hidden __fixunssfsi
000012b4  w      .text	00000000 FLASH_IRQHandler
000000a0 g     F .text	0000000a .hidden __riscv_save_0
000012b4  w      .text	00000000 USART1_IRQHandler
00003166 g     F .text	000002ba _printf_i
00000c84 g     F .text	000000be BSP_TIM2_Init
200000d4 g     O .bss	00000004 __malloc_sbrk_start
00001934 g     F .text	0000001e RCC_APB2PeriphResetCmd
000012b4  w      .text	00000000 I2C1_ER_IRQHandler
00001952 g     F .text	00000032 SPI_Init
2000057c g     O .bss	00000001 buzzer_ms
000017aa g     F .text	00000006 NVIC_PriorityGroupConfig
000014c6 g     F .text	00000092 DMA_DeInit
200000d0 g     O .bss	00000004 __malloc_free_list
000000aa g     F .text	0000000a .hidden __riscv_restore_1
000016b2 g     F .text	0000000a GPIO_ReadInputDataBit
000006f0 g     F .text	00000016 OLED_W_SCL
000007b8 g     F .text	0000001c OLED_WriteCommand



Disassembly of section .init:

00000000 <_sinit>:
   0:	2b60106f          	j	12b6 <handle_reset>
   4:	0000                	unimp
   6:	0000                	unimp
   8:	0ee8                	addi	a0,sp,860
   a:	0000                	unimp
   c:	0eea                	slli	t4,t4,0x1a
	...
  2e:	0000                	unimp
  30:	12b4                	addi	a3,sp,360
  32:	0000                	unimp
  34:	0000                	unimp
  36:	0000                	unimp
  38:	12b4                	addi	a3,sp,360
  3a:	0000                	unimp
  3c:	0000                	unimp
  3e:	0000                	unimp
  40:	12b4                	addi	a3,sp,360
  42:	0000                	unimp
  44:	12b4                	addi	a3,sp,360
  46:	0000                	unimp
  48:	12b4                	addi	a3,sp,360
  4a:	0000                	unimp
  4c:	12b4                	addi	a3,sp,360
  4e:	0000                	unimp
  50:	04d8                	addi	a4,sp,580
  52:	0000                	unimp
  54:	12b4                	addi	a3,sp,360
  56:	0000                	unimp
  58:	12b4                	addi	a3,sp,360
  5a:	0000                	unimp
  5c:	12b4                	addi	a3,sp,360
  5e:	0000                	unimp
  60:	12b4                	addi	a3,sp,360
  62:	0000                	unimp
  64:	12b4                	addi	a3,sp,360
  66:	0000                	unimp
  68:	12b4                	addi	a3,sp,360
  6a:	0000                	unimp
  6c:	12b4                	addi	a3,sp,360
  6e:	0000                	unimp
  70:	12b4                	addi	a3,sp,360
  72:	0000                	unimp
  74:	12b4                	addi	a3,sp,360
  76:	0000                	unimp
  78:	12b4                	addi	a3,sp,360
  7a:	0000                	unimp
  7c:	12b4                	addi	a3,sp,360
  7e:	0000                	unimp
  80:	12b4                	addi	a3,sp,360
  82:	0000                	unimp
  84:	12b4                	addi	a3,sp,360
  86:	0000                	unimp
  88:	12b4                	addi	a3,sp,360
  8a:	0000                	unimp
  8c:	0d42                	slli	s10,s10,0x10
  8e:	0000                	unimp
  90:	12b4                	addi	a3,sp,360
  92:	0000                	unimp
  94:	12b4                	addi	a3,sp,360
  96:	0000                	unimp
  98:	12b4                	addi	a3,sp,360
  9a:	0000                	unimp
  9c:	0000                	unimp
	...

Disassembly of section .text:

000000a0 <__riscv_save_0>:
      a0:	1151                	addi	sp,sp,-12
      a2:	c026                	sw	s1,0(sp)
      a4:	c222                	sw	s0,4(sp)
      a6:	c406                	sw	ra,8(sp)
      a8:	8282                	jr	t0

000000aa <__riscv_restore_0>:
      aa:	4482                	lw	s1,0(sp)
      ac:	4412                	lw	s0,4(sp)
      ae:	40a2                	lw	ra,8(sp)
      b0:	0131                	addi	sp,sp,12
      b2:	8082                	ret

000000b4 <__mulsi3>:
      b4:	862a                	mv	a2,a0
      b6:	4501                	li	a0,0
      b8:	0015f693          	andi	a3,a1,1
      bc:	c291                	beqz	a3,c0 <__mulsi3+0xc>
      be:	9532                	add	a0,a0,a2
      c0:	8185                	srli	a1,a1,0x1
      c2:	0606                	slli	a2,a2,0x1
      c4:	f9f5                	bnez	a1,b8 <__mulsi3+0x4>
      c6:	8082                	ret
      c8:	0000                	unimp
	...

000000cc <__divsi3>:
      cc:	02054e63          	bltz	a0,108 <__umodsi3+0x8>
      d0:	0405c363          	bltz	a1,116 <__umodsi3+0x16>

000000d4 <__udivsi3>:
      d4:	862e                	mv	a2,a1
      d6:	85aa                	mv	a1,a0
      d8:	557d                	li	a0,-1
      da:	c215                	beqz	a2,fe <__udivsi3+0x2a>
      dc:	4685                	li	a3,1
      de:	00b67863          	bgeu	a2,a1,ee <__udivsi3+0x1a>
      e2:	00c05663          	blez	a2,ee <__udivsi3+0x1a>
      e6:	0606                	slli	a2,a2,0x1
      e8:	0686                	slli	a3,a3,0x1
      ea:	feb66ce3          	bltu	a2,a1,e2 <__udivsi3+0xe>
      ee:	4501                	li	a0,0
      f0:	00c5e463          	bltu	a1,a2,f8 <__udivsi3+0x24>
      f4:	8d91                	sub	a1,a1,a2
      f6:	8d55                	or	a0,a0,a3
      f8:	8285                	srli	a3,a3,0x1
      fa:	8205                	srli	a2,a2,0x1
      fc:	faf5                	bnez	a3,f0 <__udivsi3+0x1c>
      fe:	8082                	ret

00000100 <__umodsi3>:
     100:	8286                	mv	t0,ra
     102:	3fc9                	jal	d4 <__udivsi3>
     104:	852e                	mv	a0,a1
     106:	8282                	jr	t0
     108:	40a00533          	neg	a0,a0
     10c:	0005d763          	bgez	a1,11a <__umodsi3+0x1a>
     110:	40b005b3          	neg	a1,a1
     114:	b7c1                	j	d4 <__udivsi3>
     116:	40b005b3          	neg	a1,a1
     11a:	8286                	mv	t0,ra
     11c:	3f65                	jal	d4 <__udivsi3>
     11e:	40a00533          	neg	a0,a0
     122:	8282                	jr	t0

00000124 <__modsi3>:
     124:	8286                	mv	t0,ra
     126:	0005c763          	bltz	a1,134 <__modsi3+0x10>
     12a:	00054963          	bltz	a0,13c <__modsi3+0x18>
     12e:	375d                	jal	d4 <__udivsi3>
     130:	852e                	mv	a0,a1
     132:	8282                	jr	t0
     134:	40b005b3          	neg	a1,a1
     138:	fe055be3          	bgez	a0,12e <__modsi3+0xa>
     13c:	40a00533          	neg	a0,a0
     140:	3f51                	jal	d4 <__udivsi3>
     142:	40b00533          	neg	a0,a1
     146:	8282                	jr	t0
	...

0000014a <memset>:
     14a:	433d                	li	t1,15
     14c:	872a                	mv	a4,a0
     14e:	02c37363          	bgeu	t1,a2,174 <memset+0x2a>
     152:	00f77793          	andi	a5,a4,15
     156:	efbd                	bnez	a5,1d4 <memset+0x8a>
     158:	e5ad                	bnez	a1,1c2 <memset+0x78>
     15a:	ff067693          	andi	a3,a2,-16
     15e:	8a3d                	andi	a2,a2,15
     160:	96ba                	add	a3,a3,a4
     162:	c30c                	sw	a1,0(a4)
     164:	c34c                	sw	a1,4(a4)
     166:	c70c                	sw	a1,8(a4)
     168:	c74c                	sw	a1,12(a4)
     16a:	0741                	addi	a4,a4,16
     16c:	fed76be3          	bltu	a4,a3,162 <memset+0x18>
     170:	e211                	bnez	a2,174 <memset+0x2a>
     172:	8082                	ret
     174:	40c306b3          	sub	a3,t1,a2
     178:	068a                	slli	a3,a3,0x2
     17a:	00000297          	auipc	t0,0x0
     17e:	9696                	add	a3,a3,t0
     180:	00a68067          	jr	10(a3)
     184:	00b70723          	sb	a1,14(a4)
     188:	00b706a3          	sb	a1,13(a4)
     18c:	00b70623          	sb	a1,12(a4)
     190:	00b705a3          	sb	a1,11(a4)
     194:	00b70523          	sb	a1,10(a4)
     198:	00b704a3          	sb	a1,9(a4)
     19c:	00b70423          	sb	a1,8(a4)
     1a0:	00b703a3          	sb	a1,7(a4)
     1a4:	00b70323          	sb	a1,6(a4)
     1a8:	00b702a3          	sb	a1,5(a4)
     1ac:	00b70223          	sb	a1,4(a4)
     1b0:	00b701a3          	sb	a1,3(a4)
     1b4:	00b70123          	sb	a1,2(a4)
     1b8:	00b700a3          	sb	a1,1(a4)
     1bc:	00b70023          	sb	a1,0(a4)
     1c0:	8082                	ret
     1c2:	0ff5f593          	andi	a1,a1,255
     1c6:	00859693          	slli	a3,a1,0x8
     1ca:	8dd5                	or	a1,a1,a3
     1cc:	01059693          	slli	a3,a1,0x10
     1d0:	8dd5                	or	a1,a1,a3
     1d2:	b761                	j	15a <memset+0x10>
     1d4:	00279693          	slli	a3,a5,0x2
     1d8:	00000297          	auipc	t0,0x0
     1dc:	9696                	add	a3,a3,t0
     1de:	8286                	mv	t0,ra
     1e0:	fa8680e7          	jalr	-88(a3)
     1e4:	8096                	mv	ra,t0
     1e6:	17c1                	addi	a5,a5,-16
     1e8:	8f1d                	sub	a4,a4,a5
     1ea:	963e                	add	a2,a2,a5
     1ec:	f8c374e3          	bgeu	t1,a2,174 <memset+0x2a>
     1f0:	b7a5                	j	158 <memset+0xe>

000001f2 <BSP_ADC_Init>:
     1f2:	eafff2ef          	jal	t0,a0 <__riscv_save_0>
     1f6:	715d                	addi	sp,sp,-80
     1f8:	4661                	li	a2,24
     1fa:	4581                	li	a1,0
     1fc:	0068                	addi	a0,sp,12
     1fe:	c002                	sw	zero,0(sp)
     200:	c202                	sw	zero,4(sp)
     202:	c402                	sw	zero,8(sp)
     204:	3799                	jal	14a <memset>
     206:	02c00613          	li	a2,44
     20a:	4581                	li	a1,0
     20c:	1048                	addi	a0,sp,36
     20e:	3f35                	jal	14a <memset>
     210:	4585                	li	a1,1
     212:	03400513          	li	a0,52
     216:	6e2010ef          	jal	ra,18f8 <RCC_APB2PeriphClockCmd>
     21a:	4585                	li	a1,1
     21c:	20000513          	li	a0,512
     220:	6d8010ef          	jal	ra,18f8 <RCC_APB2PeriphClockCmd>
     224:	4585                	li	a1,1
     226:	4505                	li	a0,1
     228:	6b2010ef          	jal	ra,18da <RCC_AHBPeriphClockCmd>
     22c:	4501                	li	a0,0
     22e:	5f6010ef          	jal	ra,1824 <RCC_ADCCLKConfig>
     232:	40011437          	lui	s0,0x40011
     236:	478d                	li	a5,3
     238:	c23e                	sw	a5,4(sp)
     23a:	858a                	mv	a1,sp
     23c:	4799                	li	a5,6
     23e:	80040513          	addi	a0,s0,-2048 # 40010800 <__global_pointer$+0x2000ff38>
     242:	807c                	sh	a5,0(sp)
     244:	c402                	sw	zero,8(sp)
     246:	3f0010ef          	jal	ra,1636 <GPIO_Init>
     24a:	47c1                	li	a5,16
     24c:	858a                	mv	a1,sp
     24e:	40011537          	lui	a0,0x40011
     252:	807c                	sh	a5,0(sp)
     254:	3e2010ef          	jal	ra,1636 <GPIO_Init>
     258:	47b1                	li	a5,12
     25a:	858a                	mv	a1,sp
     25c:	40040513          	addi	a0,s0,1024
     260:	807c                	sh	a5,0(sp)
     262:	40012437          	lui	s0,0x40012
     266:	3d0010ef          	jal	ra,1636 <GPIO_Init>
     26a:	40040513          	addi	a0,s0,1024 # 40012400 <__global_pointer$+0x20011b38>
     26e:	0f0010ef          	jal	ra,135e <ADC_DeInit>
     272:	4785                	li	a5,1
     274:	006c                	addi	a1,sp,12
     276:	c83e                	sw	a5,16(sp)
     278:	40040513          	addi	a0,s0,1024
     27c:	4791                	li	a5,4
     27e:	02f10023          	sb	a5,32(sp)
     282:	400204b7          	lui	s1,0x40020
     286:	ca02                	sw	zero,20(sp)
     288:	cc02                	sw	zero,24(sp)
     28a:	c602                	sw	zero,12(sp)
     28c:	ce02                	sw	zero,28(sp)
     28e:	0f6010ef          	jal	ra,1384 <ADC_Init>
     292:	00848513          	addi	a0,s1,8 # 40020008 <__global_pointer$+0x2001f740>
     296:	230010ef          	jal	ra,14c6 <DMA_DeInit>
     29a:	44c40793          	addi	a5,s0,1100
     29e:	d23e                	sw	a5,36(sp)
     2a0:	81018793          	addi	a5,gp,-2032 # 200000d8 <ADC_Regular_Data>
     2a4:	d43e                	sw	a5,40(sp)
     2a6:	4791                	li	a5,4
     2a8:	d83e                	sw	a5,48(sp)
     2aa:	08000793          	li	a5,128
     2ae:	dc3e                	sw	a5,56(sp)
     2b0:	10000793          	li	a5,256
     2b4:	de3e                	sw	a5,60(sp)
     2b6:	40000793          	li	a5,1024
     2ba:	c0be                	sw	a5,64(sp)
     2bc:	02000793          	li	a5,32
     2c0:	c2be                	sw	a5,68(sp)
     2c2:	104c                	addi	a1,sp,36
     2c4:	678d                	lui	a5,0x3
     2c6:	00848513          	addi	a0,s1,8
     2ca:	c4be                	sw	a5,72(sp)
     2cc:	d602                	sw	zero,44(sp)
     2ce:	da02                	sw	zero,52(sp)
     2d0:	c682                	sw	zero,76(sp)
     2d2:	286010ef          	jal	ra,1558 <DMA_Init>
     2d6:	00848513          	addi	a0,s1,8
     2da:	4585                	li	a1,1
     2dc:	2b4010ef          	jal	ra,1590 <DMA_Cmd>
     2e0:	40040513          	addi	a0,s0,1024
     2e4:	4699                	li	a3,6
     2e6:	4605                	li	a2,1
     2e8:	4581                	li	a1,0
     2ea:	122010ef          	jal	ra,140c <ADC_RegularChannelConfig>
     2ee:	40040513          	addi	a0,s0,1024
     2f2:	4699                	li	a3,6
     2f4:	4609                	li	a2,2
     2f6:	4589                	li	a1,2
     2f8:	114010ef          	jal	ra,140c <ADC_RegularChannelConfig>
     2fc:	40040513          	addi	a0,s0,1024
     300:	4699                	li	a3,6
     302:	460d                	li	a2,3
     304:	458d                	li	a1,3
     306:	106010ef          	jal	ra,140c <ADC_RegularChannelConfig>
     30a:	4699                	li	a3,6
     30c:	4611                	li	a2,4
     30e:	40040513          	addi	a0,s0,1024
     312:	4591                	li	a1,4
     314:	0f8010ef          	jal	ra,140c <ADC_RegularChannelConfig>
     318:	40040513          	addi	a0,s0,1024
     31c:	4585                	li	a1,1
     31e:	0c4010ef          	jal	ra,13e2 <ADC_DMACmd>
     322:	40040513          	addi	a0,s0,1024
     326:	4585                	li	a1,1
     328:	0aa010ef          	jal	ra,13d2 <ADC_Cmd>
     32c:	4585                	li	a1,1
     32e:	40040513          	addi	a0,s0,1024
     332:	0c2010ef          	jal	ra,13f4 <ADC_SoftwareStartConvCmd>
     336:	6161                	addi	sp,sp,80
     338:	bb8d                	j	aa <__riscv_restore_0>

0000033a <NTC_GetTemperature_x10>:
     33a:	38600793          	li	a5,902
     33e:	06a7e863          	bltu	a5,a0,3ae <NTC_GetTemperature_x10+0x74>
     342:	85aa                	mv	a1,a0
     344:	05f00793          	li	a5,95
     348:	3e800513          	li	a0,1000
     34c:	06b7f463          	bgeu	a5,a1,3b4 <NTC_GetTemperature_x10+0x7a>
     350:	d51ff2ef          	jal	t0,a0 <__riscv_save_0>
     354:	670d                	lui	a4,0x3
     356:	1171                	addi	sp,sp,-4
     358:	78870693          	addi	a3,a4,1928 # 3788 <ntc_adc_table>
     35c:	4781                	li	a5,0
     35e:	78870313          	addi	t1,a4,1928
     362:	4531                	li	a0,12
     364:	2286                	lhu	s1,0(a3)
     366:	00178713          	addi	a4,a5,1 # 3001 <_svfiprintf_r+0x237>
     36a:	02b4ea63          	bltu	s1,a1,39e <NTC_GetTemperature_x10+0x64>
     36e:	22d2                	lhu	a2,4(a3)
     370:	02c5e763          	bltu	a1,a2,39e <NTC_GetTemperature_x10+0x64>
     374:	078a                	slli	a5,a5,0x2
     376:	070a                	slli	a4,a4,0x2
     378:	979a                	add	a5,a5,t1
     37a:	971a                	add	a4,a4,t1
     37c:	00279403          	lh	s0,2(a5)
     380:	00271503          	lh	a0,2(a4)
     384:	8d85                	sub	a1,a1,s1
     386:	c032                	sw	a2,0(sp)
     388:	8d01                	sub	a0,a0,s0
     38a:	332d                	jal	b4 <__mulsi3>
     38c:	4602                	lw	a2,0(sp)
     38e:	409605b3          	sub	a1,a2,s1
     392:	3b2d                	jal	cc <__divsi3>
     394:	9522                	add	a0,a0,s0
     396:	0542                	slli	a0,a0,0x10
     398:	8541                	srai	a0,a0,0x10
     39a:	0111                	addi	sp,sp,4
     39c:	b339                	j	aa <__riscv_restore_0>
     39e:	0691                	addi	a3,a3,4
     3a0:	87ba                	mv	a5,a4
     3a2:	fca711e3          	bne	a4,a0,364 <NTC_GetTemperature_x10+0x2a>
     3a6:	757d                	lui	a0,0xfffff
     3a8:	55550513          	addi	a0,a0,1365 # fffff555 <__global_pointer$+0xdfffec8d>
     3ac:	b7fd                	j	39a <NTC_GetTemperature_x10+0x60>
     3ae:	f3800513          	li	a0,-200
     3b2:	8082                	ret
     3b4:	8082                	ret

000003b6 <BSP_ADC_Loop>:
     3b6:	cebff2ef          	jal	t0,a0 <__riscv_save_0>
     3ba:	81018413          	addi	s0,gp,-2032 # 200000d8 <ADC_Regular_Data>
     3be:	200a                	lhu	a0,0(s0)
     3c0:	1171                	addi	sp,sp,-4
     3c2:	6da020ef          	jal	ra,2a9c <__floatsisf>
     3c6:	00003737          	lui	a4,0x3
     3ca:	76c72583          	lw	a1,1900(a4) # 376c <_malloc_usable_size_r+0x16>
     3ce:	81818493          	addi	s1,gp,-2024 # 200000e0 <ADC_Value>
     3d2:	384020ef          	jal	ra,2756 <__mulsf3>
     3d6:	c088                	sw	a0,0(s1)
     3d8:	202a                	lhu	a0,2(s0)
     3da:	6c2020ef          	jal	ra,2a9c <__floatsisf>
     3de:	00003737          	lui	a4,0x3
     3e2:	76c72583          	lw	a1,1900(a4) # 376c <_malloc_usable_size_r+0x16>
     3e6:	370020ef          	jal	ra,2756 <__mulsf3>
     3ea:	c4c8                	sw	a0,12(s1)
     3ec:	c02a                	sw	a0,0(sp)
     3ee:	204a                	lhu	a0,4(s0)
     3f0:	6ac020ef          	jal	ra,2a9c <__floatsisf>
     3f4:	000036b7          	lui	a3,0x3
     3f8:	7706a583          	lw	a1,1904(a3) # 3770 <_malloc_usable_size_r+0x1a>
     3fc:	35a020ef          	jal	ra,2756 <__mulsf3>
     400:	4702                	lw	a4,0(sp)
     402:	85aa                	mv	a1,a0
     404:	c888                	sw	a0,16(s1)
     406:	853a                	mv	a0,a4
     408:	34e020ef          	jal	ra,2756 <__mulsf3>
     40c:	00003737          	lui	a4,0x3
     410:	77472583          	lw	a1,1908(a4) # 3774 <_malloc_usable_size_r+0x1e>
     414:	038020ef          	jal	ra,244c <__divsf3>
     418:	c8c8                	sw	a0,20(s1)
     41a:	206a                	lhu	a0,6(s0)
     41c:	3f39                	jal	33a <NTC_GetTemperature_x10>
     41e:	67e020ef          	jal	ra,2a9c <__floatsisf>
     422:	00003737          	lui	a4,0x3
     426:	77872583          	lw	a1,1912(a4) # 3778 <_malloc_usable_size_r+0x22>
     42a:	32c020ef          	jal	ra,2756 <__mulsf3>
     42e:	cc88                	sw	a0,24(s1)
     430:	000037b7          	lui	a5,0x3
     434:	00840493          	addi	s1,s0,8
     438:	200e                	lhu	a1,0(s0)
     43a:	77c78513          	addi	a0,a5,1916 # 377c <_malloc_usable_size_r+0x26>
     43e:	0409                	addi	s0,s0,2
     440:	79f010ef          	jal	ra,23de <printf>
     444:	000037b7          	lui	a5,0x3
     448:	fe9418e3          	bne	s0,s1,438 <BSP_ADC_Loop+0x82>
     44c:	00003537          	lui	a0,0x3
     450:	78450513          	addi	a0,a0,1924 # 3784 <_malloc_usable_size_r+0x2e>
     454:	7af010ef          	jal	ra,2402 <puts>
     458:	0111                	addi	sp,sp,4
     45a:	b981                	j	aa <__riscv_restore_0>

0000045c <BSP_Encoder_Init>:
     45c:	c45ff2ef          	jal	t0,a0 <__riscv_save_0>
     460:	fdc10113          	addi	sp,sp,-36
     464:	4585                	li	a1,1
     466:	03100513          	li	a0,49
     46a:	c402                	sw	zero,8(sp)
     46c:	c602                	sw	zero,12(sp)
     46e:	c802                	sw	zero,16(sp)
     470:	ca02                	sw	zero,20(sp)
     472:	cc02                	sw	zero,24(sp)
     474:	ce02                	sw	zero,28(sp)
     476:	d002                	sw	zero,32(sp)
     478:	c002                	sw	zero,0(sp)
     47a:	c202                	sw	zero,4(sp)
     47c:	47c010ef          	jal	ra,18f8 <RCC_APB2PeriphClockCmd>
     480:	04800793          	li	a5,72
     484:	c83e                	sw	a5,16(sp)
     486:	4405                	li	s0,1
     488:	478d                	li	a5,3
     48a:	002c                	addi	a1,sp,8
     48c:	40011537          	lui	a0,0x40011
     490:	c63e                	sw	a5,12(sp)
     492:	8460                	sh	s0,8(sp)
     494:	1a2010ef          	jal	ra,1636 <GPIO_Init>
     498:	40011537          	lui	a0,0x40011
     49c:	002c                	addi	a1,sp,8
     49e:	40050513          	addi	a0,a0,1024 # 40011400 <__global_pointer$+0x20010b38>
     4a2:	8460                	sh	s0,8(sp)
     4a4:	192010ef          	jal	ra,1636 <GPIO_Init>
     4a8:	4581                	li	a1,0
     4aa:	4509                	li	a0,2
     4ac:	2dc010ef          	jal	ra,1788 <GPIO_EXTILineConfig>
     4b0:	4405                	li	s0,1
     4b2:	47b1                	li	a5,12
     4b4:	0848                	addi	a0,sp,20
     4b6:	ca22                	sw	s0,20(sp)
     4b8:	ce3e                	sw	a5,28(sp)
     4ba:	d022                	sw	s0,32(sp)
     4bc:	cc02                	sw	zero,24(sp)
     4be:	0e6010ef          	jal	ra,15a4 <EXTI_Init>
     4c2:	47d1                	li	a5,20
     4c4:	850a                	mv	a0,sp
     4c6:	c222                	sw	s0,4(sp)
     4c8:	807c                	sh	a5,0(sp)
     4ca:	00010123          	sb	zero,2(sp)
     4ce:	2e2010ef          	jal	ra,17b0 <NVIC_Init>
     4d2:	02410113          	addi	sp,sp,36
     4d6:	bed1                	j	aa <__riscv_restore_0>

000004d8 <EXTI7_0_IRQHandler>:
     4d8:	fd810113          	addi	sp,sp,-40
     4dc:	ca2a                	sw	a0,20(sp)
     4de:	4505                	li	a0,1
     4e0:	d206                	sw	ra,36(sp)
     4e2:	d016                	sw	t0,32(sp)
     4e4:	ce1a                	sw	t1,28(sp)
     4e6:	cc1e                	sw	t2,24(sp)
     4e8:	c82e                	sw	a1,16(sp)
     4ea:	c632                	sw	a2,12(sp)
     4ec:	c436                	sw	a3,8(sp)
     4ee:	c23a                	sw	a4,4(sp)
     4f0:	c03e                	sw	a5,0(sp)
     4f2:	11c010ef          	jal	ra,160e <EXTI_GetITStatus>
     4f6:	cd1d                	beqz	a0,534 <EXTI7_0_IRQHandler+0x5c>
     4f8:	4505                	li	a0,1
     4fa:	132010ef          	jal	ra,162c <EXTI_ClearITPendingBit>
     4fe:	40011537          	lui	a0,0x40011
     502:	4585                	li	a1,1
     504:	40050513          	addi	a0,a0,1024 # 40011400 <__global_pointer$+0x20010b38>
     508:	1aa010ef          	jal	ra,16b2 <GPIO_ReadInputDataBit>
     50c:	200007b7          	lui	a5,0x20000
     510:	4705                	li	a4,1
     512:	00078793          	mv	a5,a5
     516:	02e51d63          	bne	a0,a4,550 <EXTI7_0_IRQHandler+0x78>
     51a:	239a                	lhu	a4,0(a5)
     51c:	0705                	addi	a4,a4,1
     51e:	0742                	slli	a4,a4,0x10
     520:	8741                	srai	a4,a4,0x10
     522:	a39a                	sh	a4,0(a5)
     524:	239a                	lhu	a4,0(a5)
     526:	1f400693          	li	a3,500
     52a:	0742                	slli	a4,a4,0x10
     52c:	8741                	srai	a4,a4,0x10
     52e:	02e6d463          	bge	a3,a4,556 <EXTI7_0_IRQHandler+0x7e>
     532:	a396                	sh	a3,0(a5)
     534:	5092                	lw	ra,36(sp)
     536:	5282                	lw	t0,32(sp)
     538:	4372                	lw	t1,28(sp)
     53a:	43e2                	lw	t2,24(sp)
     53c:	4552                	lw	a0,20(sp)
     53e:	45c2                	lw	a1,16(sp)
     540:	4632                	lw	a2,12(sp)
     542:	46a2                	lw	a3,8(sp)
     544:	4712                	lw	a4,4(sp)
     546:	4782                	lw	a5,0(sp)
     548:	02810113          	addi	sp,sp,40
     54c:	30200073          	mret
     550:	239a                	lhu	a4,0(a5)
     552:	177d                	addi	a4,a4,-1
     554:	b7e9                	j	51e <EXTI7_0_IRQHandler+0x46>
     556:	239a                	lhu	a4,0(a5)
     558:	0742                	slli	a4,a4,0x10
     55a:	8741                	srai	a4,a4,0x10
     55c:	fc075ce3          	bgez	a4,534 <EXTI7_0_IRQHandler+0x5c>
     560:	00079023          	sh	zero,0(a5) # 20000000 <_highcode_vma_end>
     564:	bfc1                	j	534 <EXTI7_0_IRQHandler+0x5c>

00000566 <BSP_Encoder_Get_Cnt>:
     566:	b3bff2ef          	jal	t0,a0 <__riscv_save_0>
     56a:	200007b7          	lui	a5,0x20000
     56e:	0007d503          	lhu	a0,0(a5) # 20000000 <_highcode_vma_end>
     572:	1f400593          	li	a1,500
     576:	0542                	slli	a0,a0,0x10
     578:	8541                	srai	a0,a0,0x10
     57a:	366d                	jal	124 <__modsi3>
     57c:	0542                	slli	a0,a0,0x10
     57e:	8541                	srai	a0,a0,0x10
     580:	b62d                	j	aa <__riscv_restore_0>

00000582 <Key_Init>:
     582:	b1fff2ef          	jal	t0,a0 <__riscv_save_0>
     586:	1151                	addi	sp,sp,-12
     588:	842a                	mv	s0,a0
     58a:	4585                	li	a1,1
     58c:	02000513          	li	a0,32
     590:	368010ef          	jal	ra,18f8 <RCC_APB2PeriphClockCmd>
     594:	04800793          	li	a5,72
     598:	c43e                	sw	a5,8(sp)
     59a:	205e                	lhu	a5,4(s0)
     59c:	4008                	lw	a0,0(s0)
     59e:	858a                	mv	a1,sp
     5a0:	807c                	sh	a5,0(sp)
     5a2:	478d                	li	a5,3
     5a4:	c23e                	sw	a5,4(sp)
     5a6:	00011123          	sh	zero,2(sp)
     5aa:	08c010ef          	jal	ra,1636 <GPIO_Init>
     5ae:	00041323          	sh	zero,6(s0)
     5b2:	00042423          	sw	zero,8(s0)
     5b6:	00040623          	sb	zero,12(s0)
     5ba:	0131                	addi	sp,sp,12
     5bc:	b4fd                	j	aa <__riscv_restore_0>

000005be <Key_Scan>:
     5be:	ae3ff2ef          	jal	t0,a0 <__riscv_save_0>
     5c2:	842a                	mv	s0,a0
     5c4:	214e                	lhu	a1,4(a0)
     5c6:	4108                	lw	a0,0(a0)
     5c8:	0ea010ef          	jal	ra,16b2 <GPIO_ReadInputDataBit>
     5cc:	441c                	lw	a5,8(s0)
     5ce:	4711                	li	a4,4
     5d0:	02f76b63          	bltu	a4,a5,606 <Key_Scan+0x48>
     5d4:	670d                	lui	a4,0x3
     5d6:	078a                	slli	a5,a5,0x2
     5d8:	7bc70713          	addi	a4,a4,1980 # 37bc <ntc_adc_table+0x34>
     5dc:	97ba                	add	a5,a5,a4
     5de:	439c                	lw	a5,0(a5)
     5e0:	8782                	jr	a5
     5e2:	e105                	bnez	a0,602 <Key_Scan+0x44>
     5e4:	207e                	lhu	a5,6(s0)
     5e6:	03100713          	li	a4,49
     5ea:	0785                	addi	a5,a5,1
     5ec:	07c2                	slli	a5,a5,0x10
     5ee:	83c1                	srli	a5,a5,0x10
     5f0:	00f76463          	bltu	a4,a5,5f8 <Key_Scan+0x3a>
     5f4:	a07e                	sh	a5,6(s0)
     5f6:	a801                	j	606 <Key_Scan+0x48>
     5f8:	00041323          	sh	zero,6(s0)
     5fc:	4785                	li	a5,1
     5fe:	c41c                	sw	a5,8(s0)
     600:	a019                	j	606 <Key_Scan+0x48>
     602:	00041323          	sh	zero,6(s0)
     606:	b455                	j	aa <__riscv_restore_0>
     608:	ed09                	bnez	a0,622 <Key_Scan+0x64>
     60a:	207e                	lhu	a5,6(s0)
     60c:	1f300713          	li	a4,499
     610:	0785                	addi	a5,a5,1
     612:	07c2                	slli	a5,a5,0x10
     614:	83c1                	srli	a5,a5,0x10
     616:	fcf77fe3          	bgeu	a4,a5,5f4 <Key_Scan+0x36>
     61a:	00041323          	sh	zero,6(s0)
     61e:	4791                	li	a5,4
     620:	bff9                	j	5fe <Key_Scan+0x40>
     622:	00041323          	sh	zero,6(s0)
     626:	4789                	li	a5,2
     628:	bfd9                	j	5fe <Key_Scan+0x40>
     62a:	207e                	lhu	a5,6(s0)
     62c:	0785                	addi	a5,a5,1
     62e:	07c2                	slli	a5,a5,0x10
     630:	83c1                	srli	a5,a5,0x10
     632:	e909                	bnez	a0,644 <Key_Scan+0x86>
     634:	03100713          	li	a4,49
     638:	faf77ee3          	bgeu	a4,a5,5f4 <Key_Scan+0x36>
     63c:	00041323          	sh	zero,6(s0)
     640:	478d                	li	a5,3
     642:	bf75                	j	5fe <Key_Scan+0x40>
     644:	06300713          	li	a4,99
     648:	faf776e3          	bgeu	a4,a5,5f4 <Key_Scan+0x36>
     64c:	4785                	li	a5,1
     64e:	00041323          	sh	zero,6(s0)
     652:	a45c                	sb	a5,12(s0)
     654:	00042423          	sw	zero,8(s0)
     658:	b77d                	j	606 <Key_Scan+0x48>
     65a:	4785                	li	a5,1
     65c:	faf513e3          	bne	a0,a5,602 <Key_Scan+0x44>
     660:	207e                	lhu	a5,6(s0)
     662:	03100713          	li	a4,49
     666:	0785                	addi	a5,a5,1
     668:	07c2                	slli	a5,a5,0x10
     66a:	83c1                	srli	a5,a5,0x10
     66c:	f8f774e3          	bgeu	a4,a5,5f4 <Key_Scan+0x36>
     670:	00041323          	sh	zero,6(s0)
     674:	b448                	sb	a0,13(s0)
     676:	bff9                	j	654 <Key_Scan+0x96>
     678:	4785                	li	a5,1
     67a:	00f51d63          	bne	a0,a5,694 <Key_Scan+0xd6>
     67e:	207e                	lhu	a5,6(s0)
     680:	03100713          	li	a4,49
     684:	0785                	addi	a5,a5,1
     686:	07c2                	slli	a5,a5,0x10
     688:	83c1                	srli	a5,a5,0x10
     68a:	f6f775e3          	bgeu	a4,a5,5f4 <Key_Scan+0x36>
     68e:	00041323          	sh	zero,6(s0)
     692:	b7c9                	j	654 <Key_Scan+0x96>
     694:	00041323          	sh	zero,6(s0)
     698:	a47c                	sb	a5,14(s0)
     69a:	b7b5                	j	606 <Key_Scan+0x48>

0000069c <BSP_Key_Init>:
     69c:	a05ff2ef          	jal	t0,a0 <__riscv_save_0>
     6a0:	20000537          	lui	a0,0x20000
     6a4:	01450513          	addi	a0,a0,20 # 20000014 <Key_Encoder>
     6a8:	3de9                	jal	582 <Key_Init>
     6aa:	20000537          	lui	a0,0x20000
     6ae:	00450513          	addi	a0,a0,4 # 20000004 <Key_Enable>
     6b2:	3dc1                	jal	582 <Key_Init>
     6b4:	badd                	j	aa <__riscv_restore_0>

000006b6 <BSP_Key_Scan>:
     6b6:	9ebff2ef          	jal	t0,a0 <__riscv_save_0>
     6ba:	20000537          	lui	a0,0x20000
     6be:	01450513          	addi	a0,a0,20 # 20000014 <Key_Encoder>
     6c2:	3df5                	jal	5be <Key_Scan>
     6c4:	20000537          	lui	a0,0x20000
     6c8:	00450513          	addi	a0,a0,4 # 20000004 <Key_Enable>
     6cc:	3dcd                	jal	5be <Key_Scan>
     6ce:	baf1                	j	aa <__riscv_restore_0>

000006d0 <OLED_W_SCL.part.0>:
     6d0:	9d1ff2ef          	jal	t0,a0 <__riscv_save_0>
     6d4:	4591                	li	a1,4
     6d6:	40011537          	lui	a0,0x40011
     6da:	7e3000ef          	jal	ra,16bc <GPIO_SetBits>
     6de:	b2f1                	j	aa <__riscv_restore_0>

000006e0 <OLED_W_SDA.part.1>:
     6e0:	9c1ff2ef          	jal	t0,a0 <__riscv_save_0>
     6e4:	4589                	li	a1,2
     6e6:	40011537          	lui	a0,0x40011
     6ea:	7d3000ef          	jal	ra,16bc <GPIO_SetBits>
     6ee:	ba75                	j	aa <__riscv_restore_0>

000006f0 <OLED_W_SCL>:
     6f0:	9b1ff2ef          	jal	t0,a0 <__riscv_save_0>
     6f4:	c119                	beqz	a0,6fa <OLED_W_SCL+0xa>
     6f6:	3fe9                	jal	6d0 <OLED_W_SCL.part.0>
     6f8:	ba4d                	j	aa <__riscv_restore_0>
     6fa:	4591                	li	a1,4
     6fc:	40011537          	lui	a0,0x40011
     700:	7c1000ef          	jal	ra,16c0 <GPIO_ResetBits>
     704:	bfd5                	j	6f8 <OLED_W_SCL+0x8>

00000706 <OLED_W_SDA>:
     706:	99bff2ef          	jal	t0,a0 <__riscv_save_0>
     70a:	c119                	beqz	a0,710 <OLED_W_SDA+0xa>
     70c:	3fd1                	jal	6e0 <OLED_W_SDA.part.1>
     70e:	ba71                	j	aa <__riscv_restore_0>
     710:	4589                	li	a1,2
     712:	40011537          	lui	a0,0x40011
     716:	7ab000ef          	jal	ra,16c0 <GPIO_ResetBits>
     71a:	bfd5                	j	70e <OLED_W_SDA+0x8>

0000071c <OLED_IO_Init>:
     71c:	985ff2ef          	jal	t0,a0 <__riscv_save_0>
     720:	1151                	addi	sp,sp,-12
     722:	0c800513          	li	a0,200
     726:	606010ef          	jal	ra,1d2c <Delay_Ms>
     72a:	4585                	li	a1,1
     72c:	4541                	li	a0,16
     72e:	1ca010ef          	jal	ra,18f8 <RCC_APB2PeriphClockCmd>
     732:	47d1                	li	a5,20
     734:	c43e                	sw	a5,8(sp)
     736:	478d                	li	a5,3
     738:	c23e                	sw	a5,4(sp)
     73a:	858a                	mv	a1,sp
     73c:	4789                	li	a5,2
     73e:	40011537          	lui	a0,0x40011
     742:	807c                	sh	a5,0(sp)
     744:	00011123          	sh	zero,2(sp)
     748:	6ef000ef          	jal	ra,1636 <GPIO_Init>
     74c:	4791                	li	a5,4
     74e:	858a                	mv	a1,sp
     750:	40011537          	lui	a0,0x40011
     754:	807c                	sh	a5,0(sp)
     756:	6e1000ef          	jal	ra,1636 <GPIO_Init>
     75a:	3f9d                	jal	6d0 <OLED_W_SCL.part.0>
     75c:	3751                	jal	6e0 <OLED_W_SDA.part.1>
     75e:	0131                	addi	sp,sp,12
     760:	94bff06f          	j	aa <__riscv_restore_0>

00000764 <OLED_I2C_Start>:
     764:	93dff2ef          	jal	t0,a0 <__riscv_save_0>
     768:	3fa5                	jal	6e0 <OLED_W_SDA.part.1>
     76a:	379d                	jal	6d0 <OLED_W_SCL.part.0>
     76c:	4501                	li	a0,0
     76e:	3f61                	jal	706 <OLED_W_SDA>
     770:	4501                	li	a0,0
     772:	3fbd                	jal	6f0 <OLED_W_SCL>
     774:	937ff06f          	j	aa <__riscv_restore_0>

00000778 <OLED_I2C_Stop>:
     778:	929ff2ef          	jal	t0,a0 <__riscv_save_0>
     77c:	4501                	li	a0,0
     77e:	3761                	jal	706 <OLED_W_SDA>
     780:	3f81                	jal	6d0 <OLED_W_SCL.part.0>
     782:	3fb9                	jal	6e0 <OLED_W_SDA.part.1>
     784:	927ff06f          	j	aa <__riscv_restore_0>

00000788 <OLED_I2C_SendByte>:
     788:	919ff2ef          	jal	t0,a0 <__riscv_save_0>
     78c:	84aa                	mv	s1,a0
     78e:	4401                	li	s0,0
     790:	08000513          	li	a0,128
     794:	40855533          	sra	a0,a0,s0
     798:	8d65                	and	a0,a0,s1
     79a:	00a03533          	snez	a0,a0
     79e:	37a5                	jal	706 <OLED_W_SDA>
     7a0:	3f05                	jal	6d0 <OLED_W_SCL.part.0>
     7a2:	4501                	li	a0,0
     7a4:	37b1                	jal	6f0 <OLED_W_SCL>
     7a6:	0405                	addi	s0,s0,1
     7a8:	47a1                	li	a5,8
     7aa:	fef413e3          	bne	s0,a5,790 <OLED_I2C_SendByte+0x8>
     7ae:	370d                	jal	6d0 <OLED_W_SCL.part.0>
     7b0:	4501                	li	a0,0
     7b2:	3f3d                	jal	6f0 <OLED_W_SCL>
     7b4:	8f7ff06f          	j	aa <__riscv_restore_0>

000007b8 <OLED_WriteCommand>:
     7b8:	8e9ff2ef          	jal	t0,a0 <__riscv_save_0>
     7bc:	842a                	mv	s0,a0
     7be:	375d                	jal	764 <OLED_I2C_Start>
     7c0:	07800513          	li	a0,120
     7c4:	37d1                	jal	788 <OLED_I2C_SendByte>
     7c6:	4501                	li	a0,0
     7c8:	37c1                	jal	788 <OLED_I2C_SendByte>
     7ca:	8522                	mv	a0,s0
     7cc:	3f75                	jal	788 <OLED_I2C_SendByte>
     7ce:	376d                	jal	778 <OLED_I2C_Stop>
     7d0:	8dbff06f          	j	aa <__riscv_restore_0>

000007d4 <OLED_WriteData>:
     7d4:	8cdff2ef          	jal	t0,a0 <__riscv_save_0>
     7d8:	84ae                	mv	s1,a1
     7da:	842a                	mv	s0,a0
     7dc:	3761                	jal	764 <OLED_I2C_Start>
     7de:	07800513          	li	a0,120
     7e2:	375d                	jal	788 <OLED_I2C_SendByte>
     7e4:	04000513          	li	a0,64
     7e8:	3745                	jal	788 <OLED_I2C_SendByte>
     7ea:	94a2                	add	s1,s1,s0
     7ec:	00941563          	bne	s0,s1,7f6 <OLED_WriteData+0x22>
     7f0:	3761                	jal	778 <OLED_I2C_Stop>
     7f2:	8b9ff06f          	j	aa <__riscv_restore_0>
     7f6:	2008                	lbu	a0,0(s0)
     7f8:	0405                	addi	s0,s0,1
     7fa:	3779                	jal	788 <OLED_I2C_SendByte>
     7fc:	bfc5                	j	7ec <OLED_WriteData+0x18>

000007fe <OLED_Update>:
     7fe:	8a3ff2ef          	jal	t0,a0 <__riscv_save_0>
     802:	40000593          	li	a1,1024
     806:	83418513          	addi	a0,gp,-1996 # 200000fc <OLED_DisplayBuf>
     80a:	37e9                	jal	7d4 <OLED_WriteData>
     80c:	89fff06f          	j	aa <__riscv_restore_0>

00000810 <OLED_Clear>:
     810:	83418793          	addi	a5,gp,-1996 # 200000fc <OLED_DisplayBuf>
     814:	40078693          	addi	a3,a5,1024
     818:	08000613          	li	a2,128
     81c:	4701                	li	a4,0
     81e:	00e785b3          	add	a1,a5,a4
     822:	00058023          	sb	zero,0(a1)
     826:	0705                	addi	a4,a4,1
     828:	fec71be3          	bne	a4,a2,81e <OLED_Clear+0xe>
     82c:	08078793          	addi	a5,a5,128
     830:	fed796e3          	bne	a5,a3,81c <OLED_Clear+0xc>
     834:	8082                	ret

00000836 <OLED_Init>:
     836:	86bff2ef          	jal	t0,a0 <__riscv_save_0>
     83a:	35cd                	jal	71c <OLED_IO_Init>
     83c:	0ae00513          	li	a0,174
     840:	3fa5                	jal	7b8 <OLED_WriteCommand>
     842:	0d500513          	li	a0,213
     846:	3f8d                	jal	7b8 <OLED_WriteCommand>
     848:	0b000513          	li	a0,176
     84c:	37b5                	jal	7b8 <OLED_WriteCommand>
     84e:	0a800513          	li	a0,168
     852:	379d                	jal	7b8 <OLED_WriteCommand>
     854:	03f00513          	li	a0,63
     858:	3785                	jal	7b8 <OLED_WriteCommand>
     85a:	0d300513          	li	a0,211
     85e:	3fa9                	jal	7b8 <OLED_WriteCommand>
     860:	4501                	li	a0,0
     862:	3f99                	jal	7b8 <OLED_WriteCommand>
     864:	02100513          	li	a0,33
     868:	3f81                	jal	7b8 <OLED_WriteCommand>
     86a:	4501                	li	a0,0
     86c:	37b1                	jal	7b8 <OLED_WriteCommand>
     86e:	07f00513          	li	a0,127
     872:	3799                	jal	7b8 <OLED_WriteCommand>
     874:	02200513          	li	a0,34
     878:	3781                	jal	7b8 <OLED_WriteCommand>
     87a:	4501                	li	a0,0
     87c:	3f35                	jal	7b8 <OLED_WriteCommand>
     87e:	451d                	li	a0,7
     880:	3f25                	jal	7b8 <OLED_WriteCommand>
     882:	02000513          	li	a0,32
     886:	3f0d                	jal	7b8 <OLED_WriteCommand>
     888:	4501                	li	a0,0
     88a:	373d                	jal	7b8 <OLED_WriteCommand>
     88c:	04000513          	li	a0,64
     890:	3725                	jal	7b8 <OLED_WriteCommand>
     892:	0a100513          	li	a0,161
     896:	370d                	jal	7b8 <OLED_WriteCommand>
     898:	0c800513          	li	a0,200
     89c:	3f31                	jal	7b8 <OLED_WriteCommand>
     89e:	0da00513          	li	a0,218
     8a2:	3f19                	jal	7b8 <OLED_WriteCommand>
     8a4:	4549                	li	a0,18
     8a6:	3f09                	jal	7b8 <OLED_WriteCommand>
     8a8:	08100513          	li	a0,129
     8ac:	3731                	jal	7b8 <OLED_WriteCommand>
     8ae:	0ff00513          	li	a0,255
     8b2:	3719                	jal	7b8 <OLED_WriteCommand>
     8b4:	0d900513          	li	a0,217
     8b8:	3701                	jal	7b8 <OLED_WriteCommand>
     8ba:	0f100513          	li	a0,241
     8be:	3ded                	jal	7b8 <OLED_WriteCommand>
     8c0:	0db00513          	li	a0,219
     8c4:	3dd5                	jal	7b8 <OLED_WriteCommand>
     8c6:	03000513          	li	a0,48
     8ca:	35fd                	jal	7b8 <OLED_WriteCommand>
     8cc:	0a400513          	li	a0,164
     8d0:	35e5                	jal	7b8 <OLED_WriteCommand>
     8d2:	0a600513          	li	a0,166
     8d6:	35cd                	jal	7b8 <OLED_WriteCommand>
     8d8:	08d00513          	li	a0,141
     8dc:	3df1                	jal	7b8 <OLED_WriteCommand>
     8de:	4551                	li	a0,20
     8e0:	3de1                	jal	7b8 <OLED_WriteCommand>
     8e2:	0af00513          	li	a0,175
     8e6:	3dc9                	jal	7b8 <OLED_WriteCommand>
     8e8:	3725                	jal	810 <OLED_Clear>
     8ea:	3f11                	jal	7fe <OLED_Update>
     8ec:	fbeff06f          	j	aa <__riscv_restore_0>

000008f0 <OLED_ClearArea>:
     8f0:	96ae                	add	a3,a3,a1
     8f2:	962a                	add	a2,a2,a0
     8f4:	07f00393          	li	t2,127
     8f8:	83418293          	addi	t0,gp,-1996 # 200000fc <OLED_DisplayBuf>
     8fc:	06d5c063          	blt	a1,a3,95c <OLED_ClearArea+0x6c>
     900:	8082                	ret
     902:	01079413          	slli	s0,a5,0x10
     906:	8041                	srli	s0,s0,0x10
     908:	0083ea63          	bltu	t2,s0,91c <OLED_ClearArea+0x2c>
     90c:	03f00493          	li	s1,63
     910:	00b4e663          	bltu	s1,a1,91c <OLED_ClearArea+0x2c>
     914:	979a                	add	a5,a5,t1
     916:	2384                	lbu	s1,0(a5)
     918:	8cf9                	and	s1,s1,a4
     91a:	a384                	sb	s1,0(a5)
     91c:	00140793          	addi	a5,s0,1
     920:	07c2                	slli	a5,a5,0x10
     922:	87c1                	srai	a5,a5,0x10
     924:	fcc7cfe3          	blt	a5,a2,902 <OLED_ClearArea+0x12>
     928:	0585                	addi	a1,a1,1
     92a:	05c2                	slli	a1,a1,0x10
     92c:	85c1                	srai	a1,a1,0x10
     92e:	02d5d363          	bge	a1,a3,954 <OLED_ClearArea+0x64>
     932:	0075f793          	andi	a5,a1,7
     936:	4705                	li	a4,1
     938:	00f71733          	sll	a4,a4,a5
     93c:	4035d313          	srai	t1,a1,0x3
     940:	fff74713          	not	a4,a4
     944:	0762                	slli	a4,a4,0x18
     946:	05c2                	slli	a1,a1,0x10
     948:	031e                	slli	t1,t1,0x7
     94a:	8761                	srai	a4,a4,0x18
     94c:	87aa                	mv	a5,a0
     94e:	81c1                	srli	a1,a1,0x10
     950:	9316                	add	t1,t1,t0
     952:	bfc9                	j	924 <OLED_ClearArea+0x34>
     954:	4412                	lw	s0,4(sp)
     956:	4482                	lw	s1,0(sp)
     958:	0121                	addi	sp,sp,8
     95a:	8082                	ret
     95c:	1161                	addi	sp,sp,-8
     95e:	c222                	sw	s0,4(sp)
     960:	c026                	sw	s1,0(sp)
     962:	bfc1                	j	932 <OLED_ClearArea+0x42>

00000964 <OLED_ShowImage>:
     964:	f3cff2ef          	jal	t0,a0 <__riscv_save_0>
     968:	1101                	addi	sp,sp,-32
     96a:	842e                	mv	s0,a1
     96c:	c036                	sw	a3,0(sp)
     96e:	84ba                	mv	s1,a4
     970:	c22a                	sw	a0,4(sp)
     972:	c432                	sw	a2,8(sp)
     974:	3fb5                	jal	8f0 <OLED_ClearArea>
     976:	4782                	lw	a5,0(sp)
     978:	41f45713          	srai	a4,s0,0x1f
     97c:	8b1d                	andi	a4,a4,7
     97e:	17fd                	addi	a5,a5,-1
     980:	41f7d693          	srai	a3,a5,0x1f
     984:	8a9d                	andi	a3,a3,7
     986:	96be                	add	a3,a3,a5
     988:	4036d793          	srai	a5,a3,0x3
     98c:	c83e                	sw	a5,16(sp)
     98e:	800007b7          	lui	a5,0x80000
     992:	079d                	addi	a5,a5,7
     994:	9722                	add	a4,a4,s0
     996:	8fe1                	and	a5,a5,s0
     998:	870d                	srai	a4,a4,0x3
     99a:	0007d663          	bgez	a5,9a6 <OLED_ShowImage+0x42>
     99e:	17fd                	addi	a5,a5,-1
     9a0:	ff87e793          	ori	a5,a5,-8
     9a4:	0785                	addi	a5,a5,1
     9a6:	07c2                	slli	a5,a5,0x10
     9a8:	87c1                	srai	a5,a5,0x10
     9aa:	00878693          	addi	a3,a5,8 # 80000008 <__global_pointer$+0x5ffff740>
     9ae:	06c2                	slli	a3,a3,0x10
     9b0:	86c1                	srai	a3,a3,0x10
     9b2:	fff70613          	addi	a2,a4,-1
     9b6:	00044363          	bltz	s0,9bc <OLED_ShowImage+0x58>
     9ba:	863a                	mv	a2,a4
     9bc:	01061713          	slli	a4,a2,0x10
     9c0:	8741                	srai	a4,a4,0x10
     9c2:	ca3a                	sw	a4,20(sp)
     9c4:	8736                	mv	a4,a3
     9c6:	00044363          	bltz	s0,9cc <OLED_ShowImage+0x68>
     9ca:	873e                	mv	a4,a5
     9cc:	01071793          	slli	a5,a4,0x10
     9d0:	87c1                	srai	a5,a5,0x10
     9d2:	c03e                	sw	a5,0(sp)
     9d4:	4702                	lw	a4,0(sp)
     9d6:	47a1                	li	a5,8
     9d8:	4401                	li	s0,0
     9da:	8f99                	sub	a5,a5,a4
     9dc:	c63e                	sw	a5,12(sp)
     9de:	83418793          	addi	a5,gp,-1996 # 200000fc <OLED_DisplayBuf>
     9e2:	ce3e                	sw	a5,28(sp)
     9e4:	47c2                	lw	a5,16(sp)
     9e6:	0887cc63          	blt	a5,s0,a7e <OLED_ShowImage+0x11a>
     9ea:	47d2                	lw	a5,20(sp)
     9ec:	4522                	lw	a0,8(sp)
     9ee:	85a2                	mv	a1,s0
     9f0:	00878333          	add	t1,a5,s0
     9f4:	cc1a                	sw	t1,24(sp)
     9f6:	ebeff0ef          	jal	ra,b4 <__mulsi3>
     9fa:	4362                	lw	t1,24(sp)
     9fc:	4712                	lw	a4,4(sp)
     9fe:	00130593          	addi	a1,t1,1
     a02:	00759793          	slli	a5,a1,0x7
     a06:	97ba                	add	a5,a5,a4
     a08:	4772                	lw	a4,28(sp)
     a0a:	00731293          	slli	t0,t1,0x7
     a0e:	97ba                	add	a5,a5,a4
     a10:	40b00733          	neg	a4,a1
     a14:	071e                	slli	a4,a4,0x7
     a16:	cc3a                	sw	a4,24(sp)
     a18:	4701                	li	a4,0
     a1a:	a889                	j	a6c <OLED_ShowImage+0x108>
     a1c:	4692                	lw	a3,4(sp)
     a1e:	07f00613          	li	a2,127
     a22:	96ba                	add	a3,a3,a4
     a24:	04d66263          	bltu	a2,a3,a68 <OLED_ShowImage+0x104>
     a28:	469d                	li	a3,7
     a2a:	0266e263          	bltu	a3,t1,a4e <OLED_ShowImage+0xea>
     a2e:	46e2                	lw	a3,24(sp)
     a30:	4382                	lw	t2,0(sp)
     a32:	00d78633          	add	a2,a5,a3
     a36:	00a706b3          	add	a3,a4,a0
     a3a:	96a6                	add	a3,a3,s1
     a3c:	2294                	lbu	a3,0(a3)
     a3e:	9616                	add	a2,a2,t0
     a40:	007696b3          	sll	a3,a3,t2
     a44:	00064383          	lbu	t2,0(a2)
     a48:	0076e6b3          	or	a3,a3,t2
     a4c:	a214                	sb	a3,0(a2)
     a4e:	469d                	li	a3,7
     a50:	00b6ec63          	bltu	a3,a1,a68 <OLED_ShowImage+0x104>
     a54:	00a706b3          	add	a3,a4,a0
     a58:	96a6                	add	a3,a3,s1
     a5a:	2294                	lbu	a3,0(a3)
     a5c:	4632                	lw	a2,12(sp)
     a5e:	40c6d6b3          	sra	a3,a3,a2
     a62:	2390                	lbu	a2,0(a5)
     a64:	8ed1                	or	a3,a3,a2
     a66:	a394                	sb	a3,0(a5)
     a68:	0705                	addi	a4,a4,1
     a6a:	0785                	addi	a5,a5,1
     a6c:	4622                	lw	a2,8(sp)
     a6e:	0ff77693          	andi	a3,a4,255
     a72:	fac6e5e3          	bltu	a3,a2,a1c <OLED_ShowImage+0xb8>
     a76:	0405                	addi	s0,s0,1
     a78:	0ff47413          	andi	s0,s0,255
     a7c:	b7a5                	j	9e4 <OLED_ShowImage+0x80>
     a7e:	6105                	addi	sp,sp,32
     a80:	e2aff06f          	j	aa <__riscv_restore_0>

00000a84 <OLED_ShowChar>:
     a84:	e1cff2ef          	jal	t0,a0 <__riscv_save_0>
     a88:	47a1                	li	a5,8
     a8a:	00f69d63          	bne	a3,a5,aa4 <OLED_ShowChar+0x20>
     a8e:	1601                	addi	a2,a2,-32
     a90:	670d                	lui	a4,0x3
     a92:	0612                	slli	a2,a2,0x4
     a94:	7d070713          	addi	a4,a4,2000 # 37d0 <OLED_F8x16>
     a98:	9732                	add	a4,a4,a2
     a9a:	46c1                	li	a3,16
     a9c:	4621                	li	a2,8
     a9e:	35d9                	jal	964 <OLED_ShowImage>
     aa0:	e0aff06f          	j	aa <__riscv_restore_0>
     aa4:	4799                	li	a5,6
     aa6:	fef69de3          	bne	a3,a5,aa0 <OLED_ShowChar+0x1c>
     aaa:	1601                	addi	a2,a2,-32
     aac:	00161713          	slli	a4,a2,0x1
     ab0:	963a                	add	a2,a2,a4
     ab2:	670d                	lui	a4,0x3
     ab4:	0606                	slli	a2,a2,0x1
     ab6:	7d070713          	addi	a4,a4,2000 # 37d0 <OLED_F8x16>
     aba:	9732                	add	a4,a4,a2
     abc:	46a1                	li	a3,8
     abe:	4619                	li	a2,6
     ac0:	bff9                	j	a9e <OLED_ShowChar+0x1a>

00000ac2 <OLED_ShowString>:
     ac2:	ddeff2ef          	jal	t0,a0 <__riscv_save_0>
     ac6:	1141                	addi	sp,sp,-16
     ac8:	c02a                	sw	a0,0(sp)
     aca:	84ae                	mv	s1,a1
     acc:	8332                	mv	t1,a2
     ace:	8436                	mv	s0,a3
     ad0:	4781                	li	a5,0
     ad2:	00f30733          	add	a4,t1,a5
     ad6:	00070603          	lb	a2,0(a4)
     ada:	e601                	bnez	a2,ae2 <OLED_ShowString+0x20>
     adc:	0141                	addi	sp,sp,16
     ade:	dccff06f          	j	aa <__riscv_restore_0>
     ae2:	85a2                	mv	a1,s0
     ae4:	853e                	mv	a0,a5
     ae6:	c61a                	sw	t1,12(sp)
     ae8:	c432                	sw	a2,8(sp)
     aea:	c23e                	sw	a5,4(sp)
     aec:	dc8ff0ef          	jal	ra,b4 <__mulsi3>
     af0:	4782                	lw	a5,0(sp)
     af2:	4622                	lw	a2,8(sp)
     af4:	86a2                	mv	a3,s0
     af6:	953e                	add	a0,a0,a5
     af8:	0542                	slli	a0,a0,0x10
     afa:	85a6                	mv	a1,s1
     afc:	8541                	srai	a0,a0,0x10
     afe:	3759                	jal	a84 <OLED_ShowChar>
     b00:	4792                	lw	a5,4(sp)
     b02:	4332                	lw	t1,12(sp)
     b04:	0785                	addi	a5,a5,1
     b06:	0ff7f793          	andi	a5,a5,255
     b0a:	b7e1                	j	ad2 <OLED_ShowString+0x10>

00000b0c <OLED_Printf>:
     b0c:	1101                	addi	sp,sp,-32
     b0e:	c822                	sw	s0,16(sp)
     b10:	c626                	sw	s1,12(sp)
     b12:	c22e                	sw	a1,4(sp)
     b14:	84aa                	mv	s1,a0
     b16:	c032                	sw	a2,0(sp)
     b18:	85b6                	mv	a1,a3
     b1a:	0830                	addi	a2,sp,24
     b1c:	c3418513          	addi	a0,gp,-972 # 200004fc <String>
     b20:	ca06                	sw	ra,20(sp)
     b22:	cc3a                	sw	a4,24(sp)
     b24:	ce3e                	sw	a5,28(sp)
     b26:	c432                	sw	a2,8(sp)
     b28:	1a6020ef          	jal	ra,2cce <vsiprintf>
     b2c:	4282                	lw	t0,0(sp)
     b2e:	4312                	lw	t1,4(sp)
     b30:	c3418613          	addi	a2,gp,-972 # 200004fc <String>
     b34:	8526                	mv	a0,s1
     b36:	8696                	mv	a3,t0
     b38:	859a                	mv	a1,t1
     b3a:	3761                	jal	ac2 <OLED_ShowString>
     b3c:	40d2                	lw	ra,20(sp)
     b3e:	4442                	lw	s0,16(sp)
     b40:	44b2                	lw	s1,12(sp)
     b42:	6105                	addi	sp,sp,32
     b44:	8082                	ret

00000b46 <BSP_TIM1_Init>:
     b46:	d5aff2ef          	jal	t0,a0 <__riscv_save_0>
     b4a:	7179                	addi	sp,sp,-48
     b4c:	4585                	li	a1,1
     b4e:	4541                	li	a0,16
     b50:	5a9000ef          	jal	ra,18f8 <RCC_APB2PeriphClockCmd>
     b54:	6505                	lui	a0,0x1
     b56:	4585                	li	a1,1
     b58:	80050513          	addi	a0,a0,-2048 # 800 <OLED_Update+0x2>
     b5c:	59d000ef          	jal	ra,18f8 <RCC_APB2PeriphClockCmd>
     b60:	47e1                	li	a5,24
     b62:	ce3e                	sw	a5,28(sp)
     b64:	47a1                	li	a5,8
     b66:	82fc                	sh	a5,20(sp)
     b68:	084c                	addi	a1,sp,20
     b6a:	478d                	li	a5,3
     b6c:	40011537          	lui	a0,0x40011
     b70:	cc3e                	sw	a5,24(sp)
     b72:	00011b23          	sh	zero,22(sp)
     b76:	c402                	sw	zero,8(sp)
     b78:	c602                	sw	zero,12(sp)
     b7a:	00011823          	sh	zero,16(sp)
     b7e:	d002                	sw	zero,32(sp)
     b80:	d202                	sw	zero,36(sp)
     b82:	d402                	sw	zero,40(sp)
     b84:	d602                	sw	zero,44(sp)
     b86:	2b1000ef          	jal	ra,1636 <GPIO_Init>
     b8a:	02000793          	li	a5,32
     b8e:	82fc                	sh	a5,20(sp)
     b90:	084c                	addi	a1,sp,20
     b92:	47c1                	li	a5,16
     b94:	40011537          	lui	a0,0x40011
     b98:	ce3e                	sw	a5,28(sp)
     b9a:	29d000ef          	jal	ra,1636 <GPIO_Init>
     b9e:	02000593          	li	a1,32
     ba2:	40011537          	lui	a0,0x40011
     ba6:	31b000ef          	jal	ra,16c0 <GPIO_ResetBits>
     baa:	0028                	addi	a0,sp,8
     bac:	779000ef          	jal	ra,1b24 <TIM_TimeBaseStructInit>
     bb0:	40013437          	lui	s0,0x40013
     bb4:	05f00793          	li	a5,95
     bb8:	002c                	addi	a1,sp,8
     bba:	00f10823          	sb	a5,16(sp)
     bbe:	c0040513          	addi	a0,s0,-1024 # 40012c00 <__global_pointer$+0x20012338>
     bc2:	1f300793          	li	a5,499
     bc6:	867c                	sh	a5,12(sp)
     bc8:	c402                	sw	zero,8(sp)
     bca:	5e3000ef          	jal	ra,19ac <TIM_TimeBaseInit>
     bce:	1008                	addi	a0,sp,32
     bd0:	76b000ef          	jal	ra,1b3a <TIM_OCStructInit>
     bd4:	67c1                	lui	a5,0x10
     bd6:	06078793          	addi	a5,a5,96 # 10060 <_data_lma+0xc29c>
     bda:	d03e                	sw	a5,32(sp)
     bdc:	100c                	addi	a1,sp,32
     bde:	00fa07b7          	lui	a5,0xfa0
     be2:	c0040513          	addi	a0,s0,-1024
     be6:	d23e                	sw	a5,36(sp)
     be8:	02011423          	sh	zero,40(sp)
     bec:	6a5000ef          	jal	ra,1a90 <TIM_OC3Init>
     bf0:	c0040513          	addi	a0,s0,-1024
     bf4:	45a1                	li	a1,8
     bf6:	7d7000ef          	jal	ra,1bcc <TIM_OC3PreloadConfig>
     bfa:	4585                	li	a1,1
     bfc:	c0040513          	addi	a0,s0,-1024
     c00:	79d000ef          	jal	ra,1b9c <TIM_ARRPreloadConfig>
     c04:	02300793          	li	a5,35
     c08:	c002                	sw	zero,0(sp)
     c0a:	805c                	sb	a5,0(sp)
     c0c:	850a                	mv	a0,sp
     c0e:	4785                	li	a5,1
     c10:	c23e                	sw	a5,4(sp)
     c12:	815c                	sb	a5,2(sp)
     c14:	39d000ef          	jal	ra,17b0 <NVIC_Init>
     c18:	4605                	li	a2,1
     c1a:	c0040513          	addi	a0,s0,-1024
     c1e:	4585                	li	a1,1
     c20:	76b000ef          	jal	ra,1b8a <TIM_ITConfig>
     c24:	c0040513          	addi	a0,s0,-1024
     c28:	02000593          	li	a1,32
     c2c:	7af000ef          	jal	ra,1bda <TIM_SelectOutputTrigger>
     c30:	c0040513          	addi	a0,s0,-1024
     c34:	4585                	li	a1,1
     c36:	73f000ef          	jal	ra,1b74 <TIM_CtrlPWMOutputs>
     c3a:	4585                	li	a1,1
     c3c:	c0040513          	addi	a0,s0,-1024
     c40:	71d000ef          	jal	ra,1b5c <TIM_Cmd>
     c44:	6145                	addi	sp,sp,48
     c46:	c64ff06f          	j	aa <__riscv_restore_0>

00000c4a <Buzzer_Play>:
     c4a:	c56ff2ef          	jal	t0,a0 <__riscv_save_0>
     c4e:	0ff5f593          	andi	a1,a1,255
     c52:	cab18a23          	sb	a1,-844(gp) # 2000057c <buzzer_ms>
     c56:	70d010ef          	jal	ra,2b62 <__floatunsisf>
     c5a:	000047b7          	lui	a5,0x4
     c5e:	85aa                	mv	a1,a0
     c60:	b907a503          	lw	a0,-1136(a5) # 3b90 <OLED_F8x16+0x3c0>
     c64:	7e8010ef          	jal	ra,244c <__divsf3>
     c68:	5df010ef          	jal	ra,2a46 <__fixunssfsi>
     c6c:	0542                	slli	a0,a0,0x10
     c6e:	400007b7          	lui	a5,0x40000
     c72:	8141                	srli	a0,a0,0x10
     c74:	b78a                	sh	a0,40(a5)
     c76:	4585                	li	a1,1
     c78:	40000537          	lui	a0,0x40000
     c7c:	6e1000ef          	jal	ra,1b5c <TIM_Cmd>
     c80:	c2aff06f          	j	aa <__riscv_restore_0>

00000c84 <BSP_TIM2_Init>:
     c84:	c1cff2ef          	jal	t0,a0 <__riscv_save_0>
     c88:	fd810113          	addi	sp,sp,-40
     c8c:	4585                	li	a1,1
     c8e:	4545                	li	a0,17
     c90:	c002                	sw	zero,0(sp)
     c92:	c202                	sw	zero,4(sp)
     c94:	00011423          	sh	zero,8(sp)
     c98:	c602                	sw	zero,12(sp)
     c9a:	c802                	sw	zero,16(sp)
     c9c:	ca02                	sw	zero,20(sp)
     c9e:	cc02                	sw	zero,24(sp)
     ca0:	ce02                	sw	zero,28(sp)
     ca2:	d002                	sw	zero,32(sp)
     ca4:	d202                	sw	zero,36(sp)
     ca6:	453000ef          	jal	ra,18f8 <RCC_APB2PeriphClockCmd>
     caa:	4585                	li	a1,1
     cac:	4505                	li	a0,1
     cae:	469000ef          	jal	ra,1916 <RCC_APB1PeriphClockCmd>
     cb2:	00180537          	lui	a0,0x180
     cb6:	4585                	li	a1,1
     cb8:	30050513          	addi	a0,a0,768 # 180300 <_data_lma+0x17c53c>
     cbc:	209000ef          	jal	ra,16c4 <GPIO_PinRemapConfig>
     cc0:	08000793          	li	a5,128
     cc4:	867c                	sh	a5,12(sp)
     cc6:	47e1                	li	a5,24
     cc8:	ca3e                	sw	a5,20(sp)
     cca:	006c                	addi	a1,sp,12
     ccc:	478d                	li	a5,3
     cce:	40011537          	lui	a0,0x40011
     cd2:	c83e                	sw	a5,16(sp)
     cd4:	163000ef          	jal	ra,1636 <GPIO_Init>
     cd8:	6785                	lui	a5,0x1
     cda:	95f78793          	addi	a5,a5,-1697 # 95f <OLED_ClearArea+0x6f>
     cde:	858a                	mv	a1,sp
     ce0:	40000537          	lui	a0,0x40000
     ce4:	827c                	sh	a5,4(sp)
     ce6:	00010423          	sb	zero,8(sp)
     cea:	c002                	sw	zero,0(sp)
     cec:	4c1000ef          	jal	ra,19ac <TIM_TimeBaseInit>
     cf0:	0828                	addi	a0,sp,24
     cf2:	649000ef          	jal	ra,1b3a <TIM_OCStructInit>
     cf6:	67c1                	lui	a5,0x10
     cf8:	06078793          	addi	a5,a5,96 # 10060 <_data_lma+0xc29c>
     cfc:	cc3e                	sw	a5,24(sp)
     cfe:	082c                	addi	a1,sp,24
     d00:	04b007b7          	lui	a5,0x4b00
     d04:	40000537          	lui	a0,0x40000
     d08:	ce3e                	sw	a5,28(sp)
     d0a:	02011023          	sh	zero,32(sp)
     d0e:	4ed000ef          	jal	ra,19fa <TIM_OC2Init>
     d12:	45a1                	li	a1,8
     d14:	40000537          	lui	a0,0x40000
     d18:	69f000ef          	jal	ra,1bb6 <TIM_OC2PreloadConfig>
     d1c:	4585                	li	a1,1
     d1e:	40000537          	lui	a0,0x40000
     d22:	67b000ef          	jal	ra,1b9c <TIM_ARRPreloadConfig>
     d26:	4585                	li	a1,1
     d28:	40000537          	lui	a0,0x40000
     d2c:	631000ef          	jal	ra,1b5c <TIM_Cmd>
     d30:	06400593          	li	a1,100
     d34:	38400513          	li	a0,900
     d38:	3f09                	jal	c4a <Buzzer_Play>
     d3a:	02810113          	addi	sp,sp,40
     d3e:	b6cff06f          	j	aa <__riscv_restore_0>

00000d42 <TIM1_UP_IRQHandler>:
     d42:	1171                	addi	sp,sp,-4
     d44:	40013537          	lui	a0,0x40013
     d48:	c022                	sw	s0,0(sp)
     d4a:	4585                	li	a1,1
     d4c:	c0050513          	addi	a0,a0,-1024 # 40012c00 <__global_pointer$+0x20012338>
     d50:	6a7000ef          	jal	ra,1bf6 <TIM_ClearITPendingBit>
     d54:	cb418413          	addi	s0,gp,-844 # 2000057c <buzzer_ms>
     d58:	201c                	lbu	a5,0(s0)
     d5a:	0ff7f793          	andi	a5,a5,255
     d5e:	ef89                	bnez	a5,d78 <TIM1_UP_IRQHandler+0x36>
     d60:	4581                	li	a1,0
     d62:	40000537          	lui	a0,0x40000
     d66:	5f7000ef          	jal	ra,1b5c <TIM_Cmd>
     d6a:	00040023          	sb	zero,0(s0)
     d6e:	2ee1                	jal	1146 <BSP_TIM1_IQR_Callback>
     d70:	4402                	lw	s0,0(sp)
     d72:	0111                	addi	sp,sp,4
     d74:	30200073          	mret
     d78:	201c                	lbu	a5,0(s0)
     d7a:	17fd                	addi	a5,a5,-1
     d7c:	0ff7f793          	andi	a5,a5,255
     d80:	a01c                	sb	a5,0(s0)
     d82:	b7f5                	j	d6e <TIM1_UP_IRQHandler+0x2c>

00000d84 <BSP_WS2812_Reset>:
     d84:	b1cff2ef          	jal	t0,a0 <__riscv_save_0>
     d88:	03200413          	li	s0,50
     d8c:	4589                	li	a1,2
     d8e:	40013537          	lui	a0,0x40013
     d92:	411000ef          	jal	ra,19a2 <SPI_I2S_GetFlagStatus>
     d96:	d97d                	beqz	a0,d8c <BSP_WS2812_Reset+0x8>
     d98:	147d                	addi	s0,s0,-1
     d9a:	4581                	li	a1,0
     d9c:	40013537          	lui	a0,0x40013
     da0:	0ff47413          	andi	s0,s0,255
     da4:	3fb000ef          	jal	ra,199e <SPI_I2S_SendData>
     da8:	f075                	bnez	s0,d8c <BSP_WS2812_Reset+0x8>
     daa:	b00ff06f          	j	aa <__riscv_restore_0>

00000dae <BSP_WS2812_Set_Color>:
     dae:	af2ff2ef          	jal	t0,a0 <__riscv_save_0>
     db2:	00851793          	slli	a5,a0,0x8
     db6:	00ff0737          	lui	a4,0xff0
     dba:	8ff9                	and	a5,a5,a4
     dbc:	66c1                	lui	a3,0x10
     dbe:	01055713          	srli	a4,a0,0x10
     dc2:	16fd                	addi	a3,a3,-1
     dc4:	0722                	slli	a4,a4,0x8
     dc6:	8f75                	and	a4,a4,a3
     dc8:	8fd9                	or	a5,a5,a4
     dca:	1171                	addi	sp,sp,-4
     dcc:	0ff57513          	andi	a0,a0,255
     dd0:	cb818713          	addi	a4,gp,-840 # 20000580 <data2send>
     dd4:	8d5d                	or	a0,a0,a5
     dd6:	46e1                	li	a3,24
     dd8:	4781                	li	a5,0
     dda:	4601                	li	a2,0
     ddc:	4481                	li	s1,0
     dde:	cb818593          	addi	a1,gp,-840 # 20000580 <data2send>
     de2:	c03a                	sw	a4,0(sp)
     de4:	431d                	li	t1,7
     de6:	00851713          	slli	a4,a0,0x8
     dea:	4299                	li	t0,6
     dec:	00074363          	bltz	a4,df2 <BSP_WS2812_Set_Color+0x44>
     df0:	4285                	li	t0,1
     df2:	4701                	li	a4,0
     df4:	00577463          	bgeu	a4,t0,dfc <BSP_WS2812_Set_Color+0x4e>
     df8:	0017e793          	ori	a5,a5,1
     dfc:	0605                	addi	a2,a2,1
     dfe:	0ff67613          	andi	a2,a2,255
     e02:	00661763          	bne	a2,t1,e10 <BSP_WS2812_Set_Color+0x62>
     e06:	a19c                	sb	a5,0(a1)
     e08:	0485                	addi	s1,s1,1
     e0a:	0585                	addi	a1,a1,1
     e0c:	4781                	li	a5,0
     e0e:	4601                	li	a2,0
     e10:	0705                	addi	a4,a4,1
     e12:	0786                	slli	a5,a5,0x1
     e14:	0ff77713          	andi	a4,a4,255
     e18:	0ff7f793          	andi	a5,a5,255
     e1c:	fc671ce3          	bne	a4,t1,df4 <BSP_WS2812_Set_Color+0x46>
     e20:	16fd                	addi	a3,a3,-1
     e22:	0ff6f693          	andi	a3,a3,255
     e26:	0506                	slli	a0,a0,0x1
     e28:	fedd                	bnez	a3,de6 <BSP_WS2812_Set_Color+0x38>
     e2a:	ca01                	beqz	a2,e3a <BSP_WS2812_Set_Color+0x8c>
     e2c:	4721                	li	a4,8
     e2e:	40c70633          	sub	a2,a4,a2
     e32:	00c797b3          	sll	a5,a5,a2
     e36:	a19c                	sb	a5,0(a1)
     e38:	0485                	addi	s1,s1,1
     e3a:	04c2                	slli	s1,s1,0x10
     e3c:	80c1                	srli	s1,s1,0x10
     e3e:	4401                	li	s0,0
     e40:	00946663          	bltu	s0,s1,e4c <BSP_WS2812_Set_Color+0x9e>
     e44:	3781                	jal	d84 <BSP_WS2812_Reset>
     e46:	0111                	addi	sp,sp,4
     e48:	a62ff06f          	j	aa <__riscv_restore_0>
     e4c:	4589                	li	a1,2
     e4e:	40013537          	lui	a0,0x40013
     e52:	351000ef          	jal	ra,19a2 <SPI_I2S_GetFlagStatus>
     e56:	d97d                	beqz	a0,e4c <BSP_WS2812_Set_Color+0x9e>
     e58:	4782                	lw	a5,0(sp)
     e5a:	40013537          	lui	a0,0x40013
     e5e:	00878733          	add	a4,a5,s0
     e62:	230c                	lbu	a1,0(a4)
     e64:	33b000ef          	jal	ra,199e <SPI_I2S_SendData>
     e68:	00140793          	addi	a5,s0,1
     e6c:	0ff7f413          	andi	s0,a5,255
     e70:	bfc1                	j	e40 <BSP_WS2812_Set_Color+0x92>

00000e72 <BSP_WS2812_Init>:
     e72:	a2eff2ef          	jal	t0,a0 <__riscv_save_0>
     e76:	1101                	addi	sp,sp,-32
     e78:	4585                	li	a1,1
     e7a:	4541                	li	a0,16
     e7c:	c002                	sw	zero,0(sp)
     e7e:	c202                	sw	zero,4(sp)
     e80:	c402                	sw	zero,8(sp)
     e82:	c602                	sw	zero,12(sp)
     e84:	c802                	sw	zero,16(sp)
     e86:	ca02                	sw	zero,20(sp)
     e88:	cc02                	sw	zero,24(sp)
     e8a:	00011e23          	sh	zero,28(sp)
     e8e:	26b000ef          	jal	ra,18f8 <RCC_APB2PeriphClockCmd>
     e92:	4585                	li	a1,1
     e94:	6505                	lui	a0,0x1
     e96:	263000ef          	jal	ra,18f8 <RCC_APB2PeriphClockCmd>
     e9a:	04000793          	li	a5,64
     e9e:	807c                	sh	a5,0(sp)
     ea0:	47e1                	li	a5,24
     ea2:	c43e                	sw	a5,8(sp)
     ea4:	858a                	mv	a1,sp
     ea6:	478d                	li	a5,3
     ea8:	40011537          	lui	a0,0x40011
     eac:	c23e                	sw	a5,4(sp)
     eae:	788000ef          	jal	ra,1636 <GPIO_Init>
     eb2:	0104c7b7          	lui	a5,0x104c
     eb6:	c63e                	sw	a5,12(sp)
     eb8:	020007b7          	lui	a5,0x2000
     ebc:	ca3e                	sw	a5,20(sp)
     ebe:	47c1                	li	a5,16
     ec0:	cc3e                	sw	a5,24(sp)
     ec2:	006c                	addi	a1,sp,12
     ec4:	479d                	li	a5,7
     ec6:	40013537          	lui	a0,0x40013
     eca:	86fc                	sh	a5,28(sp)
     ecc:	c802                	sw	zero,16(sp)
     ece:	285000ef          	jal	ra,1952 <SPI_Init>
     ed2:	4585                	li	a1,1
     ed4:	40013537          	lui	a0,0x40013
     ed8:	2ad000ef          	jal	ra,1984 <SPI_Cmd>
     edc:	3565                	jal	d84 <BSP_WS2812_Reset>
     ede:	453d                	li	a0,15
     ee0:	35f9                	jal	dae <BSP_WS2812_Set_Color>
     ee2:	6105                	addi	sp,sp,32
     ee4:	9c6ff06f          	j	aa <__riscv_restore_0>

00000ee8 <NMI_Handler>:
     ee8:	a001                	j	ee8 <NMI_Handler>

00000eea <HardFault_Handler>:
     eea:	beef07b7          	lui	a5,0xbeef0
     eee:	e000e737          	lui	a4,0xe000e
     ef2:	08078793          	addi	a5,a5,128 # beef0080 <__global_pointer$+0x9eeef7b8>
     ef6:	c73c                	sw	a5,72(a4)
     ef8:	a001                	j	ef8 <HardFault_Handler+0xe>

00000efa <OLED_Display>:
     efa:	9a6ff2ef          	jal	t0,a0 <__riscv_save_0>
     efe:	20000437          	lui	s0,0x20000
     f02:	0e040493          	addi	s1,s0,224 # 200000e0 <ADC_Value>
     f06:	4c88                	lw	a0,24(s1)
     f08:	1161                	addi	sp,sp,-8
     f0a:	2dd010ef          	jal	ra,29e6 <__fixsfsi>
     f0e:	06400593          	li	a1,100
     f12:	c22a                	sw	a0,4(sp)
     f14:	a10ff0ef          	jal	ra,124 <__modsi3>
     f18:	4712                	lw	a4,4(sp)
     f1a:	c02a                	sw	a0,0(sp)
     f1c:	06400593          	li	a1,100
     f20:	853a                	mv	a0,a4
     f22:	9aaff0ef          	jal	ra,cc <__divsi3>
     f26:	4782                	lw	a5,0(sp)
     f28:	000046b7          	lui	a3,0x4
     f2c:	872a                	mv	a4,a0
     f2e:	b9468693          	addi	a3,a3,-1132 # 3b94 <OLED_F8x16+0x3c4>
     f32:	4621                	li	a2,8
     f34:	4581                	li	a1,0
     f36:	05f00513          	li	a0,95
     f3a:	bd3ff0ef          	jal	ra,b0c <OLED_Printf>
     f3e:	0e042503          	lw	a0,224(s0)
     f42:	2a5010ef          	jal	ra,29e6 <__fixsfsi>
     f46:	06400593          	li	a1,100
     f4a:	842a                	mv	s0,a0
     f4c:	9d8ff0ef          	jal	ra,124 <__modsi3>
     f50:	c02a                	sw	a0,0(sp)
     f52:	06400593          	li	a1,100
     f56:	8522                	mv	a0,s0
     f58:	974ff0ef          	jal	ra,cc <__divsi3>
     f5c:	4782                	lw	a5,0(sp)
     f5e:	00004437          	lui	s0,0x4
     f62:	b9c40693          	addi	a3,s0,-1124 # 3b9c <OLED_F8x16+0x3cc>
     f66:	872a                	mv	a4,a0
     f68:	4621                	li	a2,8
     f6a:	45c1                	li	a1,16
     f6c:	4501                	li	a0,0
     f6e:	b9fff0ef          	jal	ra,b0c <OLED_Printf>
     f72:	44c8                	lw	a0,12(s1)
     f74:	273010ef          	jal	ra,29e6 <__fixsfsi>
     f78:	06400593          	li	a1,100
     f7c:	c22a                	sw	a0,4(sp)
     f7e:	9a6ff0ef          	jal	ra,124 <__modsi3>
     f82:	4712                	lw	a4,4(sp)
     f84:	c02a                	sw	a0,0(sp)
     f86:	06400593          	li	a1,100
     f8a:	853a                	mv	a0,a4
     f8c:	940ff0ef          	jal	ra,cc <__divsi3>
     f90:	4782                	lw	a5,0(sp)
     f92:	b9c40693          	addi	a3,s0,-1124
     f96:	872a                	mv	a4,a0
     f98:	4621                	li	a2,8
     f9a:	45c1                	li	a1,16
     f9c:	02800513          	li	a0,40
     fa0:	b6dff0ef          	jal	ra,b0c <OLED_Printf>
     fa4:	4888                	lw	a0,16(s1)
     fa6:	241010ef          	jal	ra,29e6 <__fixsfsi>
     faa:	06400593          	li	a1,100
     fae:	c22a                	sw	a0,4(sp)
     fb0:	974ff0ef          	jal	ra,124 <__modsi3>
     fb4:	4712                	lw	a4,4(sp)
     fb6:	c02a                	sw	a0,0(sp)
     fb8:	06400593          	li	a1,100
     fbc:	853a                	mv	a0,a4
     fbe:	90eff0ef          	jal	ra,cc <__divsi3>
     fc2:	4782                	lw	a5,0(sp)
     fc4:	872a                	mv	a4,a0
     fc6:	b9c40693          	addi	a3,s0,-1124
     fca:	4621                	li	a2,8
     fcc:	02000593          	li	a1,32
     fd0:	02800513          	li	a0,40
     fd4:	b39ff0ef          	jal	ra,b0c <OLED_Printf>
     fd8:	48c8                	lw	a0,20(s1)
     fda:	20d010ef          	jal	ra,29e6 <__fixsfsi>
     fde:	06400593          	li	a1,100
     fe2:	84aa                	mv	s1,a0
     fe4:	940ff0ef          	jal	ra,124 <__modsi3>
     fe8:	c02a                	sw	a0,0(sp)
     fea:	06400593          	li	a1,100
     fee:	8526                	mv	a0,s1
     ff0:	8dcff0ef          	jal	ra,cc <__divsi3>
     ff4:	4782                	lw	a5,0(sp)
     ff6:	872a                	mv	a4,a0
     ff8:	b9c40693          	addi	a3,s0,-1124
     ffc:	4621                	li	a2,8
     ffe:	03000593          	li	a1,48
    1002:	02800513          	li	a0,40
    1006:	b07ff0ef          	jal	ra,b0c <OLED_Printf>
    100a:	0121                	addi	sp,sp,8
    100c:	89eff06f          	j	aa <__riscv_restore_0>

00001010 <main>:
    1010:	890ff2ef          	jal	t0,a0 <__riscv_save_0>
    1014:	4505                	li	a0,1
    1016:	794000ef          	jal	ra,17aa <NVIC_PriorityGroupConfig>
    101a:	243d                	jal	1248 <SystemCoreClockUpdate>
    101c:	4dd000ef          	jal	ra,1cf8 <Delay_Init>
    1020:	b27ff0ef          	jal	ra,b46 <BSP_TIM1_Init>
    1024:	c61ff0ef          	jal	ra,c84 <BSP_TIM2_Init>
    1028:	35a9                	jal	e72 <BSP_WS2812_Init>
    102a:	e72ff0ef          	jal	ra,69c <BSP_Key_Init>
    102e:	c2eff0ef          	jal	ra,45c <BSP_Encoder_Init>
    1032:	9c0ff0ef          	jal	ra,1f2 <BSP_ADC_Init>
    1036:	801ff0ef          	jal	ra,836 <OLED_Init>
    103a:	6571                	lui	a0,0x1c
    103c:	20050513          	addi	a0,a0,512 # 1c200 <_data_lma+0x1843c>
    1040:	527000ef          	jal	ra,1d66 <USART_Printf_Init>
    1044:	000046b7          	lui	a3,0x4
    1048:	ba468693          	addi	a3,a3,-1116 # 3ba4 <OLED_F8x16+0x3d4>
    104c:	4621                	li	a2,8
    104e:	4581                	li	a1,0
    1050:	4501                	li	a0,0
    1052:	abbff0ef          	jal	ra,b0c <OLED_Printf>
    1056:	000046b7          	lui	a3,0x4
    105a:	bb068693          	addi	a3,a3,-1104 # 3bb0 <OLED_F8x16+0x3e0>
    105e:	4621                	li	a2,8
    1060:	45c1                	li	a1,16
    1062:	06400513          	li	a0,100
    1066:	aa7ff0ef          	jal	ra,b0c <OLED_Printf>
    106a:	000046b7          	lui	a3,0x4
    106e:	bb468693          	addi	a3,a3,-1100 # 3bb4 <OLED_F8x16+0x3e4>
    1072:	4621                	li	a2,8
    1074:	02000593          	li	a1,32
    1078:	06400513          	li	a0,100
    107c:	a91ff0ef          	jal	ra,b0c <OLED_Printf>
    1080:	00004437          	lui	s0,0x4
    1084:	bb840693          	addi	a3,s0,-1096 # 3bb8 <OLED_F8x16+0x3e8>
    1088:	4621                	li	a2,8
    108a:	02000593          	li	a1,32
    108e:	4541                	li	a0,16
    1090:	a7dff0ef          	jal	ra,b0c <OLED_Printf>
    1094:	bb840693          	addi	a3,s0,-1096
    1098:	4621                	li	a2,8
    109a:	03000593          	li	a1,48
    109e:	4541                	li	a0,16
    10a0:	a6dff0ef          	jal	ra,b0c <OLED_Printf>
    10a4:	000046b7          	lui	a3,0x4
    10a8:	bbc68693          	addi	a3,a3,-1092 # 3bbc <OLED_F8x16+0x3ec>
    10ac:	4621                	li	a2,8
    10ae:	03000593          	li	a1,48
    10b2:	06400513          	li	a0,100
    10b6:	a57ff0ef          	jal	ra,b0c <OLED_Printf>
    10ba:	afcff0ef          	jal	ra,3b6 <BSP_ADC_Loop>
    10be:	3d35                	jal	efa <OLED_Display>
    10c0:	f3eff0ef          	jal	ra,7fe <OLED_Update>
    10c4:	bfdd                	j	10ba <main+0xaa>

000010c6 <BSP_Key_Task>:
    10c6:	fdbfe2ef          	jal	t0,a0 <__riscv_save_0>
    10ca:	decff0ef          	jal	ra,6b6 <BSP_Key_Scan>
    10ce:	200007b7          	lui	a5,0x20000
    10d2:	01478793          	addi	a5,a5,20 # 20000014 <Key_Encoder>
    10d6:	27d8                	lbu	a4,12(a5)
    10d8:	0ff77713          	andi	a4,a4,255
    10dc:	c319                	beqz	a4,10e2 <BSP_Key_Task+0x1c>
    10de:	00078623          	sb	zero,12(a5)
    10e2:	200007b7          	lui	a5,0x20000
    10e6:	00478793          	addi	a5,a5,4 # 20000004 <Key_Enable>
    10ea:	27d8                	lbu	a4,12(a5)
    10ec:	0ff77713          	andi	a4,a4,255
    10f0:	cb15                	beqz	a4,1124 <BSP_Key_Task+0x5e>
    10f2:	00078623          	sb	zero,12(a5)
    10f6:	200007b7          	lui	a5,0x20000
    10fa:	02478793          	addi	a5,a5,36 # 20000024 <flag.4304>
    10fe:	2398                	lbu	a4,0(a5)
    1100:	c705                	beqz	a4,1128 <BSP_Key_Task+0x62>
    1102:	02000593          	li	a1,32
    1106:	40011537          	lui	a0,0x40011
    110a:	00078023          	sb	zero,0(a5)
    110e:	237d                	jal	16bc <GPIO_SetBits>
    1110:	7d000513          	li	a0,2000
    1114:	0c800593          	li	a1,200
    1118:	b33ff0ef          	jal	ra,c4a <Buzzer_Play>
    111c:	00ff0537          	lui	a0,0xff0
    1120:	c8fff0ef          	jal	ra,dae <BSP_WS2812_Set_Color>
    1124:	f87fe06f          	j	aa <__riscv_restore_0>
    1128:	4705                	li	a4,1
    112a:	0c800593          	li	a1,200
    112e:	1b800513          	li	a0,440
    1132:	a398                	sb	a4,0(a5)
    1134:	b17ff0ef          	jal	ra,c4a <Buzzer_Play>
    1138:	40011537          	lui	a0,0x40011
    113c:	02000593          	li	a1,32
    1140:	2341                	jal	16c0 <GPIO_ResetBits>
    1142:	453d                	li	a0,15
    1144:	bff1                	j	1120 <BSP_Key_Task+0x5a>

00001146 <BSP_TIM1_IQR_Callback>:
    1146:	f5bfe2ef          	jal	t0,a0 <__riscv_save_0>
    114a:	3fb5                	jal	10c6 <BSP_Key_Task>
    114c:	c1aff0ef          	jal	ra,566 <BSP_Encoder_Get_Cnt>
    1150:	01051593          	slli	a1,a0,0x10
    1154:	40013537          	lui	a0,0x40013
    1158:	81c1                	srli	a1,a1,0x10
    115a:	c0050513          	addi	a0,a0,-1024 # 40012c00 <__global_pointer$+0x20012338>
    115e:	295000ef          	jal	ra,1bf2 <TIM_SetCompare3>
    1162:	f49fe06f          	j	aa <__riscv_restore_0>

00001166 <SystemInit>:
    1166:	f3bfe2ef          	jal	t0,a0 <__riscv_save_0>
    116a:	40021437          	lui	s0,0x40021
    116e:	401c                	lw	a5,0(s0)
    1170:	f8ff0737          	lui	a4,0xf8ff0
    1174:	4541                	li	a0,16
    1176:	0017e793          	ori	a5,a5,1
    117a:	c01c                	sw	a5,0(s0)
    117c:	405c                	lw	a5,4(s0)
    117e:	8ff9                	and	a5,a5,a4
    1180:	c05c                	sw	a5,4(s0)
    1182:	401c                	lw	a5,0(s0)
    1184:	fef70737          	lui	a4,0xfef70
    1188:	177d                	addi	a4,a4,-1
    118a:	8ff9                	and	a5,a5,a4
    118c:	c01c                	sw	a5,0(s0)
    118e:	401c                	lw	a5,0(s0)
    1190:	fffc0737          	lui	a4,0xfffc0
    1194:	177d                	addi	a4,a4,-1
    1196:	8ff9                	and	a5,a5,a4
    1198:	c01c                	sw	a5,0(s0)
    119a:	405c                	lw	a5,4(s0)
    119c:	7741                	lui	a4,0xffff0
    119e:	177d                	addi	a4,a4,-1
    11a0:	8ff9                	and	a5,a5,a4
    11a2:	c05c                	sw	a5,4(s0)
    11a4:	009f07b7          	lui	a5,0x9f0
    11a8:	c41c                	sw	a5,8(s0)
    11aa:	25a5                	jal	1812 <RCC_AdjustHSICalibrationValue>
    11ac:	4c1c                	lw	a5,24(s0)
    11ae:	0207e793          	ori	a5,a5,32
    11b2:	cc1c                	sw	a5,24(s0)
    11b4:	400117b7          	lui	a5,0x40011
    11b8:	4007a703          	lw	a4,1024(a5) # 40011400 <__global_pointer$+0x20010b38>
    11bc:	40078693          	addi	a3,a5,1024
    11c0:	f0f77713          	andi	a4,a4,-241
    11c4:	40e7a023          	sw	a4,1024(a5)
    11c8:	4007a703          	lw	a4,1024(a5)
    11cc:	08076713          	ori	a4,a4,128
    11d0:	40e7a023          	sw	a4,1024(a5)
    11d4:	4789                	li	a5,2
    11d6:	ca9c                	sw	a5,16(a3)
    11d8:	1ffff7b7          	lui	a5,0x1ffff
    11dc:	7d47c503          	lbu	a0,2004(a5) # 1ffff7d4 <_data_lma+0x1fffba10>
    11e0:	0ff00793          	li	a5,255
    11e4:	00f50463          	beq	a0,a5,11ec <SystemInit+0x86>
    11e8:	897d                	andi	a0,a0,31
    11ea:	2525                	jal	1812 <RCC_AdjustHSICalibrationValue>
    11ec:	400227b7          	lui	a5,0x40022
    11f0:	4398                	lw	a4,0(a5)
    11f2:	76c1                	lui	a3,0xffff0
    11f4:	16fd                	addi	a3,a3,-1
    11f6:	9b71                	andi	a4,a4,-4
    11f8:	c398                	sw	a4,0(a5)
    11fa:	4398                	lw	a4,0(a5)
    11fc:	00176713          	ori	a4,a4,1
    1200:	c398                	sw	a4,0(a5)
    1202:	400217b7          	lui	a5,0x40021
    1206:	43d8                	lw	a4,4(a5)
    1208:	c3d8                	sw	a4,4(a5)
    120a:	43d8                	lw	a4,4(a5)
    120c:	8f75                	and	a4,a4,a3
    120e:	c3d8                	sw	a4,4(a5)
    1210:	43d8                	lw	a4,4(a5)
    1212:	010006b7          	lui	a3,0x1000
    1216:	c3d8                	sw	a4,4(a5)
    1218:	4398                	lw	a4,0(a5)
    121a:	8f55                	or	a4,a4,a3
    121c:	c398                	sw	a4,0(a5)
    121e:	4398                	lw	a4,0(a5)
    1220:	00671693          	slli	a3,a4,0x6
    1224:	fe06dde3          	bgez	a3,121e <SystemInit+0xb8>
    1228:	43d8                	lw	a4,4(a5)
    122a:	400216b7          	lui	a3,0x40021
    122e:	9b71                	andi	a4,a4,-4
    1230:	c3d8                	sw	a4,4(a5)
    1232:	43d8                	lw	a4,4(a5)
    1234:	00276713          	ori	a4,a4,2
    1238:	c3d8                	sw	a4,4(a5)
    123a:	4721                	li	a4,8
    123c:	42dc                	lw	a5,4(a3)
    123e:	8bb1                	andi	a5,a5,12
    1240:	fee79ee3          	bne	a5,a4,123c <SystemInit+0xd6>
    1244:	e67fe06f          	j	aa <__riscv_restore_0>

00001248 <SystemCoreClockUpdate>:
    1248:	e59fe2ef          	jal	t0,a0 <__riscv_save_0>
    124c:	40021737          	lui	a4,0x40021
    1250:	435c                	lw	a5,4(a4)
    1252:	20000437          	lui	s0,0x20000
    1256:	4691                	li	a3,4
    1258:	8bb1                	andi	a5,a5,12
    125a:	03840413          	addi	s0,s0,56 # 20000038 <SystemCoreClock>
    125e:	00d78563          	beq	a5,a3,1268 <SystemCoreClockUpdate+0x20>
    1262:	46a1                	li	a3,8
    1264:	04d78263          	beq	a5,a3,12a8 <SystemCoreClockUpdate+0x60>
    1268:	016e37b7          	lui	a5,0x16e3
    126c:	60078793          	addi	a5,a5,1536 # 16e3600 <_data_lma+0x16df83c>
    1270:	c01c                	sw	a5,0(s0)
    1272:	400216b7          	lui	a3,0x40021
    1276:	42dc                	lw	a5,4(a3)
    1278:	4008                	lw	a0,0(s0)
    127a:	8391                	srli	a5,a5,0x4
    127c:	00f7f713          	andi	a4,a5,15
    1280:	200007b7          	lui	a5,0x20000
    1284:	02878793          	addi	a5,a5,40 # 20000028 <AHBPrescTable>
    1288:	97ba                	add	a5,a5,a4
    128a:	238c                	lbu	a1,0(a5)
    128c:	42dc                	lw	a5,4(a3)
    128e:	0ff5f593          	andi	a1,a1,255
    1292:	0807f793          	andi	a5,a5,128
    1296:	00b55733          	srl	a4,a0,a1
    129a:	e781                	bnez	a5,12a2 <SystemCoreClockUpdate+0x5a>
    129c:	e39fe0ef          	jal	ra,d4 <__udivsi3>
    12a0:	872a                	mv	a4,a0
    12a2:	c018                	sw	a4,0(s0)
    12a4:	e07fe06f          	j	aa <__riscv_restore_0>
    12a8:	435c                	lw	a5,4(a4)
    12aa:	02dc77b7          	lui	a5,0x2dc7
    12ae:	c0078793          	addi	a5,a5,-1024 # 2dc6c00 <_data_lma+0x2dc2e3c>
    12b2:	bf7d                	j	1270 <SystemCoreClockUpdate+0x28>

000012b4 <ADC1_IRQHandler>:
    12b4:	a001                	j	12b4 <ADC1_IRQHandler>

000012b6 <handle_reset>:
    12b6:	1ffff197          	auipc	gp,0x1ffff
    12ba:	61218193          	addi	gp,gp,1554 # 200008c8 <__global_pointer$>
    12be:	f3818113          	addi	sp,gp,-200 # 20000800 <_eusrstack>
    12c2:	0a000513          	li	a0,160
    12c6:	1ffff597          	auipc	a1,0x1ffff
    12ca:	d3a58593          	addi	a1,a1,-710 # 20000000 <_highcode_vma_end>
    12ce:	1ffff617          	auipc	a2,0x1ffff
    12d2:	d3260613          	addi	a2,a2,-718 # 20000000 <_highcode_vma_end>
    12d6:	00c5fa63          	bgeu	a1,a2,12ea <handle_reset+0x34>
    12da:	00052283          	lw	t0,0(a0)
    12de:	0055a023          	sw	t0,0(a1)
    12e2:	0511                	addi	a0,a0,4
    12e4:	0591                	addi	a1,a1,4
    12e6:	fec5eae3          	bltu	a1,a2,12da <handle_reset+0x24>
    12ea:	00003517          	auipc	a0,0x3
    12ee:	ada50513          	addi	a0,a0,-1318 # 3dc4 <_data_lma>
    12f2:	1ffff597          	auipc	a1,0x1ffff
    12f6:	d0e58593          	addi	a1,a1,-754 # 20000000 <_highcode_vma_end>
    12fa:	80818613          	addi	a2,gp,-2040 # 200000d0 <_edata>
    12fe:	00c5fa63          	bgeu	a1,a2,1312 <handle_reset+0x5c>
    1302:	00052283          	lw	t0,0(a0)
    1306:	0055a023          	sw	t0,0(a1)
    130a:	0511                	addi	a0,a0,4
    130c:	0591                	addi	a1,a1,4
    130e:	fec5eae3          	bltu	a1,a2,1302 <handle_reset+0x4c>
    1312:	80818513          	addi	a0,gp,-2040 # 200000d0 <_edata>
    1316:	ce418593          	addi	a1,gp,-796 # 200005ac <_ebss>
    131a:	00b57763          	bgeu	a0,a1,1328 <handle_reset+0x72>
    131e:	00052023          	sw	zero,0(a0)
    1322:	0511                	addi	a0,a0,4
    1324:	feb56de3          	bltu	a0,a1,131e <handle_reset+0x68>
    1328:	000022b7          	lui	t0,0x2
    132c:	88028293          	addi	t0,t0,-1920 # 1880 <RCC_GetClocksFreq+0x48>
    1330:	30029073          	csrw	mstatus,t0
    1334:	428d                	li	t0,3
    1336:	80429073          	csrw	0x804,t0
    133a:	fffff297          	auipc	t0,0xfffff
    133e:	cc628293          	addi	t0,t0,-826 # 0 <_sinit>
    1342:	0032e293          	ori	t0,t0,3
    1346:	30529073          	csrw	mtvec,t0
    134a:	e1dff0ef          	jal	ra,1166 <SystemInit>
    134e:	00000297          	auipc	t0,0x0
    1352:	cc228293          	addi	t0,t0,-830 # 1010 <main>
    1356:	34129073          	csrw	mepc,t0
    135a:	30200073          	mret

0000135e <ADC_DeInit>:
    135e:	400127b7          	lui	a5,0x40012
    1362:	40078793          	addi	a5,a5,1024 # 40012400 <__global_pointer$+0x20011b38>
    1366:	00f51e63          	bne	a0,a5,1382 <ADC_DeInit+0x24>
    136a:	d37fe2ef          	jal	t0,a0 <__riscv_save_0>
    136e:	4585                	li	a1,1
    1370:	20000513          	li	a0,512
    1374:	23c1                	jal	1934 <RCC_APB2PeriphResetCmd>
    1376:	4581                	li	a1,0
    1378:	20000513          	li	a0,512
    137c:	2b65                	jal	1934 <RCC_APB2PeriphResetCmd>
    137e:	d2dfe06f          	j	aa <__riscv_restore_0>
    1382:	8082                	ret

00001384 <ADC_Init>:
    1384:	415c                	lw	a5,4(a0)
    1386:	fff10737          	lui	a4,0xfff10
    138a:	eff70713          	addi	a4,a4,-257 # fff0feff <__global_pointer$+0xdff0f637>
    138e:	8f7d                	and	a4,a4,a5
    1390:	41dc                	lw	a5,4(a1)
    1392:	4194                	lw	a3,0(a1)
    1394:	07a2                	slli	a5,a5,0x8
    1396:	8fd5                	or	a5,a5,a3
    1398:	8fd9                	or	a5,a5,a4
    139a:	c15c                	sw	a5,4(a0)
    139c:	451c                	lw	a5,8(a0)
    139e:	fff1f737          	lui	a4,0xfff1f
    13a2:	7fd70713          	addi	a4,a4,2045 # fff1f7fd <__global_pointer$+0xdff1ef35>
    13a6:	45d4                	lw	a3,12(a1)
    13a8:	8f7d                	and	a4,a4,a5
    13aa:	499c                	lw	a5,16(a1)
    13ac:	8fd5                	or	a5,a5,a3
    13ae:	4594                	lw	a3,8(a1)
    13b0:	0686                	slli	a3,a3,0x1
    13b2:	8fd5                	or	a5,a5,a3
    13b4:	8fd9                	or	a5,a5,a4
    13b6:	c51c                	sw	a5,8(a0)
    13b8:	555c                	lw	a5,44(a0)
    13ba:	ff100737          	lui	a4,0xff100
    13be:	177d                	addi	a4,a4,-1
    13c0:	8f7d                	and	a4,a4,a5
    13c2:	29dc                	lbu	a5,20(a1)
    13c4:	17fd                	addi	a5,a5,-1
    13c6:	0ff7f793          	andi	a5,a5,255
    13ca:	07d2                	slli	a5,a5,0x14
    13cc:	8fd9                	or	a5,a5,a4
    13ce:	d55c                	sw	a5,44(a0)
    13d0:	8082                	ret

000013d2 <ADC_Cmd>:
    13d2:	451c                	lw	a5,8(a0)
    13d4:	c589                	beqz	a1,13de <ADC_Cmd+0xc>
    13d6:	0017e793          	ori	a5,a5,1
    13da:	c51c                	sw	a5,8(a0)
    13dc:	8082                	ret
    13de:	9bf9                	andi	a5,a5,-2
    13e0:	bfed                	j	13da <ADC_Cmd+0x8>

000013e2 <ADC_DMACmd>:
    13e2:	451c                	lw	a5,8(a0)
    13e4:	c589                	beqz	a1,13ee <ADC_DMACmd+0xc>
    13e6:	1007e793          	ori	a5,a5,256
    13ea:	c51c                	sw	a5,8(a0)
    13ec:	8082                	ret
    13ee:	eff7f793          	andi	a5,a5,-257
    13f2:	bfe5                	j	13ea <ADC_DMACmd+0x8>

000013f4 <ADC_SoftwareStartConvCmd>:
    13f4:	451c                	lw	a5,8(a0)
    13f6:	c591                	beqz	a1,1402 <ADC_SoftwareStartConvCmd+0xe>
    13f8:	00500737          	lui	a4,0x500
    13fc:	8fd9                	or	a5,a5,a4
    13fe:	c51c                	sw	a5,8(a0)
    1400:	8082                	ret
    1402:	ffb00737          	lui	a4,0xffb00
    1406:	177d                	addi	a4,a4,-1
    1408:	8ff9                	and	a5,a5,a4
    140a:	bfd5                	j	13fe <ADC_SoftwareStartConvCmd+0xa>

0000140c <ADC_RegularChannelConfig>:
    140c:	47a5                	li	a5,9
    140e:	04b7f863          	bgeu	a5,a1,145e <ADC_RegularChannelConfig+0x52>
    1412:	ff658713          	addi	a4,a1,-10
    1416:	00171793          	slli	a5,a4,0x1
    141a:	00c52283          	lw	t0,12(a0)
    141e:	97ba                	add	a5,a5,a4
    1420:	431d                	li	t1,7
    1422:	00f31333          	sll	t1,t1,a5
    1426:	fff34313          	not	t1,t1
    142a:	00537333          	and	t1,t1,t0
    142e:	00f697b3          	sll	a5,a3,a5
    1432:	0067e7b3          	or	a5,a5,t1
    1436:	c55c                	sw	a5,12(a0)
    1438:	4799                	li	a5,6
    143a:	04c7e363          	bltu	a5,a2,1480 <ADC_RegularChannelConfig+0x74>
    143e:	167d                	addi	a2,a2,-1
    1440:	00261793          	slli	a5,a2,0x2
    1444:	963e                	add	a2,a2,a5
    1446:	5958                	lw	a4,52(a0)
    1448:	47fd                	li	a5,31
    144a:	00c797b3          	sll	a5,a5,a2
    144e:	fff7c793          	not	a5,a5
    1452:	8ff9                	and	a5,a5,a4
    1454:	00c595b3          	sll	a1,a1,a2
    1458:	8ddd                	or	a1,a1,a5
    145a:	d94c                	sw	a1,52(a0)
    145c:	8082                	ret
    145e:	00159793          	slli	a5,a1,0x1
    1462:	01052303          	lw	t1,16(a0)
    1466:	97ae                	add	a5,a5,a1
    1468:	471d                	li	a4,7
    146a:	00f71733          	sll	a4,a4,a5
    146e:	fff74713          	not	a4,a4
    1472:	00677733          	and	a4,a4,t1
    1476:	00f697b3          	sll	a5,a3,a5
    147a:	8f5d                	or	a4,a4,a5
    147c:	c918                	sw	a4,16(a0)
    147e:	bf6d                	j	1438 <ADC_RegularChannelConfig+0x2c>
    1480:	47b1                	li	a5,12
    1482:	02c7e263          	bltu	a5,a2,14a6 <ADC_RegularChannelConfig+0x9a>
    1486:	1665                	addi	a2,a2,-7
    1488:	00261793          	slli	a5,a2,0x2
    148c:	963e                	add	a2,a2,a5
    148e:	5918                	lw	a4,48(a0)
    1490:	47fd                	li	a5,31
    1492:	00c797b3          	sll	a5,a5,a2
    1496:	fff7c793          	not	a5,a5
    149a:	8ff9                	and	a5,a5,a4
    149c:	00c595b3          	sll	a1,a1,a2
    14a0:	8ddd                	or	a1,a1,a5
    14a2:	d90c                	sw	a1,48(a0)
    14a4:	8082                	ret
    14a6:	164d                	addi	a2,a2,-13
    14a8:	00261713          	slli	a4,a2,0x2
    14ac:	5554                	lw	a3,44(a0)
    14ae:	963a                	add	a2,a2,a4
    14b0:	47fd                	li	a5,31
    14b2:	00c797b3          	sll	a5,a5,a2
    14b6:	fff7c793          	not	a5,a5
    14ba:	8ff5                	and	a5,a5,a3
    14bc:	00c595b3          	sll	a1,a1,a2
    14c0:	8ddd                	or	a1,a1,a5
    14c2:	d54c                	sw	a1,44(a0)
    14c4:	8082                	ret

000014c6 <DMA_DeInit>:
    14c6:	411c                	lw	a5,0(a0)
    14c8:	6741                	lui	a4,0x10
    14ca:	1779                	addi	a4,a4,-2
    14cc:	8ff9                	and	a5,a5,a4
    14ce:	c11c                	sw	a5,0(a0)
    14d0:	00052023          	sw	zero,0(a0)
    14d4:	00052223          	sw	zero,4(a0)
    14d8:	00052423          	sw	zero,8(a0)
    14dc:	400207b7          	lui	a5,0x40020
    14e0:	00052623          	sw	zero,12(a0)
    14e4:	00878713          	addi	a4,a5,8 # 40020008 <__global_pointer$+0x2001f740>
    14e8:	00e51763          	bne	a0,a4,14f6 <DMA_DeInit+0x30>
    14ec:	43d8                	lw	a4,4(a5)
    14ee:	00f76713          	ori	a4,a4,15
    14f2:	c3d8                	sw	a4,4(a5)
    14f4:	8082                	ret
    14f6:	01c78713          	addi	a4,a5,28
    14fa:	00e51663          	bne	a0,a4,1506 <DMA_DeInit+0x40>
    14fe:	43d8                	lw	a4,4(a5)
    1500:	0f076713          	ori	a4,a4,240
    1504:	b7fd                	j	14f2 <DMA_DeInit+0x2c>
    1506:	03078713          	addi	a4,a5,48
    150a:	00e51863          	bne	a0,a4,151a <DMA_DeInit+0x54>
    150e:	43d8                	lw	a4,4(a5)
    1510:	6685                	lui	a3,0x1
    1512:	f0068693          	addi	a3,a3,-256 # f00 <OLED_Display+0x6>
    1516:	8f55                	or	a4,a4,a3
    1518:	bfe9                	j	14f2 <DMA_DeInit+0x2c>
    151a:	04478713          	addi	a4,a5,68
    151e:	00e51563          	bne	a0,a4,1528 <DMA_DeInit+0x62>
    1522:	43d8                	lw	a4,4(a5)
    1524:	66bd                	lui	a3,0xf
    1526:	bfc5                	j	1516 <DMA_DeInit+0x50>
    1528:	05878713          	addi	a4,a5,88
    152c:	00e51663          	bne	a0,a4,1538 <DMA_DeInit+0x72>
    1530:	43d8                	lw	a4,4(a5)
    1532:	000f06b7          	lui	a3,0xf0
    1536:	b7c5                	j	1516 <DMA_DeInit+0x50>
    1538:	06c78713          	addi	a4,a5,108
    153c:	00e51663          	bne	a0,a4,1548 <DMA_DeInit+0x82>
    1540:	43d8                	lw	a4,4(a5)
    1542:	00f006b7          	lui	a3,0xf00
    1546:	bfc1                	j	1516 <DMA_DeInit+0x50>
    1548:	08078713          	addi	a4,a5,128
    154c:	fae514e3          	bne	a0,a4,14f4 <DMA_DeInit+0x2e>
    1550:	43d8                	lw	a4,4(a5)
    1552:	0f0006b7          	lui	a3,0xf000
    1556:	b7c1                	j	1516 <DMA_DeInit+0x50>

00001558 <DMA_Init>:
    1558:	4118                	lw	a4,0(a0)
    155a:	77e1                	lui	a5,0xffff8
    155c:	07bd                	addi	a5,a5,15
    155e:	5194                	lw	a3,32(a1)
    1560:	8f7d                	and	a4,a4,a5
    1562:	459c                	lw	a5,8(a1)
    1564:	8fd5                	or	a5,a5,a3
    1566:	4994                	lw	a3,16(a1)
    1568:	8fd5                	or	a5,a5,a3
    156a:	49d4                	lw	a3,20(a1)
    156c:	8fd5                	or	a5,a5,a3
    156e:	4d94                	lw	a3,24(a1)
    1570:	8fd5                	or	a5,a5,a3
    1572:	4dd4                	lw	a3,28(a1)
    1574:	8fd5                	or	a5,a5,a3
    1576:	51d4                	lw	a3,36(a1)
    1578:	8fd5                	or	a5,a5,a3
    157a:	5594                	lw	a3,40(a1)
    157c:	8fd5                	or	a5,a5,a3
    157e:	8fd9                	or	a5,a5,a4
    1580:	c11c                	sw	a5,0(a0)
    1582:	45dc                	lw	a5,12(a1)
    1584:	c15c                	sw	a5,4(a0)
    1586:	419c                	lw	a5,0(a1)
    1588:	c51c                	sw	a5,8(a0)
    158a:	41dc                	lw	a5,4(a1)
    158c:	c55c                	sw	a5,12(a0)
    158e:	8082                	ret

00001590 <DMA_Cmd>:
    1590:	411c                	lw	a5,0(a0)
    1592:	c589                	beqz	a1,159c <DMA_Cmd+0xc>
    1594:	0017e793          	ori	a5,a5,1
    1598:	c11c                	sw	a5,0(a0)
    159a:	8082                	ret
    159c:	6741                	lui	a4,0x10
    159e:	1779                	addi	a4,a4,-2
    15a0:	8ff9                	and	a5,a5,a4
    15a2:	bfdd                	j	1598 <DMA_Cmd+0x8>

000015a4 <EXTI_Init>:
    15a4:	4158                	lw	a4,4(a0)
    15a6:	00052303          	lw	t1,0(a0)
    15aa:	454c                	lw	a1,12(a0)
    15ac:	40010637          	lui	a2,0x40010
    15b0:	40060793          	addi	a5,a2,1024 # 40010400 <__global_pointer$+0x2000fb38>
    15b4:	973e                	add	a4,a4,a5
    15b6:	fff34693          	not	a3,t1
    15ba:	c5b1                	beqz	a1,1606 <EXTI_Init+0x62>
    15bc:	40062583          	lw	a1,1024(a2)
    15c0:	8df5                	and	a1,a1,a3
    15c2:	40b62023          	sw	a1,1024(a2)
    15c6:	43d0                	lw	a2,4(a5)
    15c8:	8ef1                	and	a3,a3,a2
    15ca:	c3d4                	sw	a3,4(a5)
    15cc:	4314                	lw	a3,0(a4)
    15ce:	0066e6b3          	or	a3,a3,t1
    15d2:	c314                	sw	a3,0(a4)
    15d4:	4118                	lw	a4,0(a0)
    15d6:	4790                	lw	a2,8(a5)
    15d8:	fff74693          	not	a3,a4
    15dc:	8e75                	and	a2,a2,a3
    15de:	c790                	sw	a2,8(a5)
    15e0:	47d0                	lw	a2,12(a5)
    15e2:	8ef1                	and	a3,a3,a2
    15e4:	c7d4                	sw	a3,12(a5)
    15e6:	4514                	lw	a3,8(a0)
    15e8:	4641                	li	a2,16
    15ea:	00c69963          	bne	a3,a2,15fc <EXTI_Init+0x58>
    15ee:	4794                	lw	a3,8(a5)
    15f0:	8ed9                	or	a3,a3,a4
    15f2:	c794                	sw	a3,8(a5)
    15f4:	47d4                	lw	a3,12(a5)
    15f6:	8f55                	or	a4,a4,a3
    15f8:	c7d8                	sw	a4,12(a5)
    15fa:	8082                	ret
    15fc:	97b6                	add	a5,a5,a3
    15fe:	4394                	lw	a3,0(a5)
    1600:	8f55                	or	a4,a4,a3
    1602:	c398                	sw	a4,0(a5)
    1604:	8082                	ret
    1606:	431c                	lw	a5,0(a4)
    1608:	8ff5                	and	a5,a5,a3
    160a:	c31c                	sw	a5,0(a4)
    160c:	8082                	ret

0000160e <EXTI_GetITStatus>:
    160e:	400107b7          	lui	a5,0x40010
    1612:	40078713          	addi	a4,a5,1024 # 40010400 <__global_pointer$+0x2000fb38>
    1616:	4007a783          	lw	a5,1024(a5)
    161a:	4b58                	lw	a4,20(a4)
    161c:	8f69                	and	a4,a4,a0
    161e:	c709                	beqz	a4,1628 <EXTI_GetITStatus+0x1a>
    1620:	8d7d                	and	a0,a0,a5
    1622:	00a03533          	snez	a0,a0
    1626:	8082                	ret
    1628:	4501                	li	a0,0
    162a:	8082                	ret

0000162c <EXTI_ClearITPendingBit>:
    162c:	400107b7          	lui	a5,0x40010
    1630:	40a7aa23          	sw	a0,1044(a5) # 40010414 <__global_pointer$+0x2000fb4c>
    1634:	8082                	ret

00001636 <GPIO_Init>:
    1636:	4594                	lw	a3,8(a1)
    1638:	0106f793          	andi	a5,a3,16
    163c:	00f6f293          	andi	t0,a3,15
    1640:	c781                	beqz	a5,1648 <GPIO_Init+0x12>
    1642:	41dc                	lw	a5,4(a1)
    1644:	00f2e2b3          	or	t0,t0,a5
    1648:	0005d383          	lhu	t2,0(a1)
    164c:	0ff3f793          	andi	a5,t2,255
    1650:	c3a5                	beqz	a5,16b0 <GPIO_Init+0x7a>
    1652:	00052303          	lw	t1,0(a0)
    1656:	1161                	addi	sp,sp,-8
    1658:	c222                	sw	s0,4(sp)
    165a:	c026                	sw	s1,0(sp)
    165c:	4781                	li	a5,0
    165e:	02800413          	li	s0,40
    1662:	04800493          	li	s1,72
    1666:	4705                	li	a4,1
    1668:	00f71633          	sll	a2,a4,a5
    166c:	00c3f733          	and	a4,t2,a2
    1670:	02e61263          	bne	a2,a4,1694 <GPIO_Init+0x5e>
    1674:	00279593          	slli	a1,a5,0x2
    1678:	473d                	li	a4,15
    167a:	00b71733          	sll	a4,a4,a1
    167e:	fff74713          	not	a4,a4
    1682:	00677333          	and	t1,a4,t1
    1686:	00b295b3          	sll	a1,t0,a1
    168a:	0065e333          	or	t1,a1,t1
    168e:	00869d63          	bne	a3,s0,16a8 <GPIO_Init+0x72>
    1692:	c950                	sw	a2,20(a0)
    1694:	0785                	addi	a5,a5,1
    1696:	4721                	li	a4,8
    1698:	fce797e3          	bne	a5,a4,1666 <GPIO_Init+0x30>
    169c:	4412                	lw	s0,4(sp)
    169e:	00652023          	sw	t1,0(a0)
    16a2:	4482                	lw	s1,0(sp)
    16a4:	0121                	addi	sp,sp,8
    16a6:	8082                	ret
    16a8:	fe9696e3          	bne	a3,s1,1694 <GPIO_Init+0x5e>
    16ac:	c910                	sw	a2,16(a0)
    16ae:	b7dd                	j	1694 <GPIO_Init+0x5e>
    16b0:	8082                	ret

000016b2 <GPIO_ReadInputDataBit>:
    16b2:	4508                	lw	a0,8(a0)
    16b4:	8d6d                	and	a0,a0,a1
    16b6:	00a03533          	snez	a0,a0
    16ba:	8082                	ret

000016bc <GPIO_SetBits>:
    16bc:	c90c                	sw	a1,16(a0)
    16be:	8082                	ret

000016c0 <GPIO_ResetBits>:
    16c0:	c94c                	sw	a1,20(a0)
    16c2:	8082                	ret

000016c4 <GPIO_PinRemapConfig>:
    16c4:	40010337          	lui	t1,0x40010
    16c8:	00432703          	lw	a4,4(t1) # 40010004 <__global_pointer$+0x2000f73c>
    16cc:	00351793          	slli	a5,a0,0x3
    16d0:	0207d063          	bgez	a5,16f0 <GPIO_PinRemapConfig+0x2c>
    16d4:	ffc007b7          	lui	a5,0xffc00
    16d8:	17f5                	addi	a5,a5,-3
    16da:	8ff9                	and	a5,a5,a4
    16dc:	07000737          	lui	a4,0x7000
    16e0:	8fd9                	or	a5,a5,a4
    16e2:	cdd9                	beqz	a1,1780 <GPIO_PinRemapConfig+0xbc>
    16e4:	f0000737          	lui	a4,0xf0000
    16e8:	177d                	addi	a4,a4,-1
    16ea:	8d79                	and	a0,a0,a4
    16ec:	8fc9                	or	a5,a5,a0
    16ee:	a849                	j	1780 <GPIO_PinRemapConfig+0xbc>
    16f0:	00055d63          	bgez	a0,170a <GPIO_PinRemapConfig+0x46>
    16f4:	ffe007b7          	lui	a5,0xffe00
    16f8:	17ed                	addi	a5,a5,-5
    16fa:	8ff9                	and	a5,a5,a4
    16fc:	07000737          	lui	a4,0x7000
    1700:	8fd9                	or	a5,a5,a4
    1702:	cdbd                	beqz	a1,1780 <GPIO_PinRemapConfig+0xbc>
    1704:	0506                	slli	a0,a0,0x1
    1706:	8105                	srli	a0,a0,0x1
    1708:	b7d5                	j	16ec <GPIO_PinRemapConfig+0x28>
    170a:	003007b7          	lui	a5,0x300
    170e:	01051693          	slli	a3,a0,0x10
    1712:	00f57633          	and	a2,a0,a5
    1716:	82c1                	srli	a3,a3,0x10
    1718:	02f61363          	bne	a2,a5,173e <GPIO_PinRemapConfig+0x7a>
    171c:	f9000637          	lui	a2,0xf9000
    1720:	167d                	addi	a2,a2,-1
    1722:	00c777b3          	and	a5,a4,a2
    1726:	00432703          	lw	a4,4(t1)
    172a:	8e79                	and	a2,a2,a4
    172c:	00c32223          	sw	a2,4(t1)
    1730:	c9a1                	beqz	a1,1780 <GPIO_PinRemapConfig+0xbc>
    1732:	8155                	srli	a0,a0,0x15
    1734:	00451713          	slli	a4,a0,0x4
    1738:	00e69533          	sll	a0,a3,a4
    173c:	bf45                	j	16ec <GPIO_PinRemapConfig+0x28>
    173e:	00b51793          	slli	a5,a0,0xb
    1742:	0207d463          	bgez	a5,176a <GPIO_PinRemapConfig+0xa6>
    1746:	01055793          	srli	a5,a0,0x10
    174a:	00f7f613          	andi	a2,a5,15
    174e:	478d                	li	a5,3
    1750:	00c797b3          	sll	a5,a5,a2
    1754:	fff7c793          	not	a5,a5
    1758:	8ff9                	and	a5,a5,a4
    175a:	07000737          	lui	a4,0x7000
    175e:	8fd9                	or	a5,a5,a4
    1760:	c185                	beqz	a1,1780 <GPIO_PinRemapConfig+0xbc>
    1762:	01555713          	srli	a4,a0,0x15
    1766:	0712                	slli	a4,a4,0x4
    1768:	bfc1                	j	1738 <GPIO_PinRemapConfig+0x74>
    176a:	8155                	srli	a0,a0,0x15
    176c:	0512                	slli	a0,a0,0x4
    176e:	00a69533          	sll	a0,a3,a0
    1772:	fff54793          	not	a5,a0
    1776:	8ff9                	and	a5,a5,a4
    1778:	07000737          	lui	a4,0x7000
    177c:	8fd9                	or	a5,a5,a4
    177e:	f5bd                	bnez	a1,16ec <GPIO_PinRemapConfig+0x28>
    1780:	40010737          	lui	a4,0x40010
    1784:	c35c                	sw	a5,4(a4)
    1786:	8082                	ret

00001788 <GPIO_EXTILineConfig>:
    1788:	40010737          	lui	a4,0x40010
    178c:	4714                	lw	a3,8(a4)
    178e:	0586                	slli	a1,a1,0x1
    1790:	478d                	li	a5,3
    1792:	00b797b3          	sll	a5,a5,a1
    1796:	fff7c793          	not	a5,a5
    179a:	8ff5                	and	a5,a5,a3
    179c:	c71c                	sw	a5,8(a4)
    179e:	471c                	lw	a5,8(a4)
    17a0:	00b515b3          	sll	a1,a0,a1
    17a4:	8ddd                	or	a1,a1,a5
    17a6:	c70c                	sw	a1,8(a4)
    17a8:	8082                	ret

000017aa <NVIC_PriorityGroupConfig>:
    17aa:	cca1ac23          	sw	a0,-808(gp) # 200005a0 <NVIC_Priority_Group>
    17ae:	8082                	ret

000017b0 <NVIC_Init>:
    17b0:	cd81a683          	lw	a3,-808(gp) # 200005a0 <NVIC_Priority_Group>
    17b4:	4785                	li	a5,1
    17b6:	2118                	lbu	a4,0(a0)
    17b8:	02f69063          	bne	a3,a5,17d8 <NVIC_Init+0x28>
    17bc:	311c                	lbu	a5,1(a0)
    17be:	02d79c63          	bne	a5,a3,17f6 <NVIC_Init+0x46>
    17c2:	213c                	lbu	a5,2(a0)
    17c4:	079a                	slli	a5,a5,0x6
    17c6:	f807e793          	ori	a5,a5,-128
    17ca:	e000e6b7          	lui	a3,0xe000e
    17ce:	0ff7f793          	andi	a5,a5,255
    17d2:	96ba                	add	a3,a3,a4
    17d4:	40f68023          	sb	a5,1024(a3) # e000e400 <__global_pointer$+0xc000db38>
    17d8:	4685                	li	a3,1
    17da:	00575793          	srli	a5,a4,0x5
    17de:	00e69733          	sll	a4,a3,a4
    17e2:	4154                	lw	a3,4(a0)
    17e4:	ce89                	beqz	a3,17fe <NVIC_Init+0x4e>
    17e6:	04078793          	addi	a5,a5,64 # 300040 <_data_lma+0x2fc27c>
    17ea:	078a                	slli	a5,a5,0x2
    17ec:	e000e6b7          	lui	a3,0xe000e
    17f0:	97b6                	add	a5,a5,a3
    17f2:	c398                	sw	a4,0(a5)
    17f4:	8082                	ret
    17f6:	f3ed                	bnez	a5,17d8 <NVIC_Init+0x28>
    17f8:	213c                	lbu	a5,2(a0)
    17fa:	079a                	slli	a5,a5,0x6
    17fc:	b7f9                	j	17ca <NVIC_Init+0x1a>
    17fe:	06078793          	addi	a5,a5,96
    1802:	e000e6b7          	lui	a3,0xe000e
    1806:	078a                	slli	a5,a5,0x2
    1808:	97b6                	add	a5,a5,a3
    180a:	c398                	sw	a4,0(a5)
    180c:	0000100f          	fence.i
    1810:	8082                	ret

00001812 <RCC_AdjustHSICalibrationValue>:
    1812:	40021737          	lui	a4,0x40021
    1816:	431c                	lw	a5,0(a4)
    1818:	050e                	slli	a0,a0,0x3
    181a:	f077f793          	andi	a5,a5,-249
    181e:	8d5d                	or	a0,a0,a5
    1820:	c308                	sw	a0,0(a4)
    1822:	8082                	ret

00001824 <RCC_ADCCLKConfig>:
    1824:	400216b7          	lui	a3,0x40021
    1828:	42dc                	lw	a5,4(a3)
    182a:	7741                	lui	a4,0xffff0
    182c:	7ff70713          	addi	a4,a4,2047 # ffff07ff <__global_pointer$+0xdffeff37>
    1830:	8ff9                	and	a5,a5,a4
    1832:	8d5d                	or	a0,a0,a5
    1834:	c2c8                	sw	a0,4(a3)
    1836:	8082                	ret

00001838 <RCC_GetClocksFreq>:
    1838:	869fe2ef          	jal	t0,a0 <__riscv_save_0>
    183c:	40021737          	lui	a4,0x40021
    1840:	435c                	lw	a5,4(a4)
    1842:	4691                	li	a3,4
    1844:	842a                	mv	s0,a0
    1846:	8bb1                	andi	a5,a5,12
    1848:	00d78563          	beq	a5,a3,1852 <RCC_GetClocksFreq+0x1a>
    184c:	46a1                	li	a3,8
    184e:	08d78063          	beq	a5,a3,18ce <RCC_GetClocksFreq+0x96>
    1852:	016e37b7          	lui	a5,0x16e3
    1856:	60078793          	addi	a5,a5,1536 # 16e3600 <_data_lma+0x16df83c>
    185a:	c01c                	sw	a5,0(s0)
    185c:	400216b7          	lui	a3,0x40021
    1860:	42dc                	lw	a5,4(a3)
    1862:	8391                	srli	a5,a5,0x4
    1864:	00f7f713          	andi	a4,a5,15
    1868:	200007b7          	lui	a5,0x20000
    186c:	05078793          	addi	a5,a5,80 # 20000050 <APBAHBPrescTable>
    1870:	97ba                	add	a5,a5,a4
    1872:	238c                	lbu	a1,0(a5)
    1874:	42dc                	lw	a5,4(a3)
    1876:	4018                	lw	a4,0(s0)
    1878:	0ff5f593          	andi	a1,a1,255
    187c:	0807f793          	andi	a5,a5,128
    1880:	00b75533          	srl	a0,a4,a1
    1884:	e781                	bnez	a5,188c <RCC_GetClocksFreq+0x54>
    1886:	853a                	mv	a0,a4
    1888:	84dfe0ef          	jal	ra,d4 <__udivsi3>
    188c:	c048                	sw	a0,4(s0)
    188e:	c408                	sw	a0,8(s0)
    1890:	c448                	sw	a0,12(s0)
    1892:	400217b7          	lui	a5,0x40021
    1896:	43dc                	lw	a5,4(a5)
    1898:	468d                	li	a3,3
    189a:	83ad                	srli	a5,a5,0xb
    189c:	8bfd                	andi	a5,a5,31
    189e:	0037d713          	srli	a4,a5,0x3
    18a2:	078a                	slli	a5,a5,0x2
    18a4:	8bf1                	andi	a5,a5,28
    18a6:	8fd9                	or	a5,a5,a4
    18a8:	0137f613          	andi	a2,a5,19
    18ac:	0037f713          	andi	a4,a5,3
    18b0:	00c6f463          	bgeu	a3,a2,18b8 <RCC_GetClocksFreq+0x80>
    18b4:	ff478713          	addi	a4,a5,-12 # 40020ff4 <__global_pointer$+0x2002072c>
    18b8:	200007b7          	lui	a5,0x20000
    18bc:	03c78793          	addi	a5,a5,60 # 2000003c <ADCPrescTable>
    18c0:	97ba                	add	a5,a5,a4
    18c2:	238c                	lbu	a1,0(a5)
    18c4:	811fe0ef          	jal	ra,d4 <__udivsi3>
    18c8:	c808                	sw	a0,16(s0)
    18ca:	fe0fe06f          	j	aa <__riscv_restore_0>
    18ce:	435c                	lw	a5,4(a4)
    18d0:	02dc77b7          	lui	a5,0x2dc7
    18d4:	c0078793          	addi	a5,a5,-1024 # 2dc6c00 <_data_lma+0x2dc2e3c>
    18d8:	b749                	j	185a <RCC_GetClocksFreq+0x22>

000018da <RCC_AHBPeriphClockCmd>:
    18da:	c599                	beqz	a1,18e8 <RCC_AHBPeriphClockCmd+0xe>
    18dc:	40021737          	lui	a4,0x40021
    18e0:	4b5c                	lw	a5,20(a4)
    18e2:	8d5d                	or	a0,a0,a5
    18e4:	cb48                	sw	a0,20(a4)
    18e6:	8082                	ret
    18e8:	400217b7          	lui	a5,0x40021
    18ec:	4bd8                	lw	a4,20(a5)
    18ee:	fff54513          	not	a0,a0
    18f2:	8d79                	and	a0,a0,a4
    18f4:	cbc8                	sw	a0,20(a5)
    18f6:	8082                	ret

000018f8 <RCC_APB2PeriphClockCmd>:
    18f8:	c599                	beqz	a1,1906 <RCC_APB2PeriphClockCmd+0xe>
    18fa:	40021737          	lui	a4,0x40021
    18fe:	4f1c                	lw	a5,24(a4)
    1900:	8d5d                	or	a0,a0,a5
    1902:	cf08                	sw	a0,24(a4)
    1904:	8082                	ret
    1906:	400217b7          	lui	a5,0x40021
    190a:	4f98                	lw	a4,24(a5)
    190c:	fff54513          	not	a0,a0
    1910:	8d79                	and	a0,a0,a4
    1912:	cf88                	sw	a0,24(a5)
    1914:	8082                	ret

00001916 <RCC_APB1PeriphClockCmd>:
    1916:	c599                	beqz	a1,1924 <RCC_APB1PeriphClockCmd+0xe>
    1918:	40021737          	lui	a4,0x40021
    191c:	4f5c                	lw	a5,28(a4)
    191e:	8d5d                	or	a0,a0,a5
    1920:	cf48                	sw	a0,28(a4)
    1922:	8082                	ret
    1924:	400217b7          	lui	a5,0x40021
    1928:	4fd8                	lw	a4,28(a5)
    192a:	fff54513          	not	a0,a0
    192e:	8d79                	and	a0,a0,a4
    1930:	cfc8                	sw	a0,28(a5)
    1932:	8082                	ret

00001934 <RCC_APB2PeriphResetCmd>:
    1934:	c599                	beqz	a1,1942 <RCC_APB2PeriphResetCmd+0xe>
    1936:	40021737          	lui	a4,0x40021
    193a:	475c                	lw	a5,12(a4)
    193c:	8d5d                	or	a0,a0,a5
    193e:	c748                	sw	a0,12(a4)
    1940:	8082                	ret
    1942:	400217b7          	lui	a5,0x40021
    1946:	47d8                	lw	a4,12(a5)
    1948:	fff54513          	not	a0,a0
    194c:	8d79                	and	a0,a0,a4
    194e:	c7c8                	sw	a0,12(a5)
    1950:	8082                	ret

00001952 <SPI_Init>:
    1952:	211a                	lhu	a4,0(a0)
    1954:	678d                	lui	a5,0x3
    1956:	04078793          	addi	a5,a5,64 # 3040 <_printf_common+0x6>
    195a:	21b6                	lhu	a3,2(a1)
    195c:	8f7d                	and	a4,a4,a5
    195e:	219e                	lhu	a5,0(a1)
    1960:	8fd5                	or	a5,a5,a3
    1962:	21d6                	lhu	a3,4(a1)
    1964:	8fd5                	or	a5,a5,a3
    1966:	21f6                	lhu	a3,6(a1)
    1968:	8fd5                	or	a5,a5,a3
    196a:	2596                	lhu	a3,8(a1)
    196c:	8fd5                	or	a5,a5,a3
    196e:	25b6                	lhu	a3,10(a1)
    1970:	8fd5                	or	a5,a5,a3
    1972:	25d6                	lhu	a3,12(a1)
    1974:	8fd5                	or	a5,a5,a3
    1976:	25f6                	lhu	a3,14(a1)
    1978:	8fd5                	or	a5,a5,a3
    197a:	8fd9                	or	a5,a5,a4
    197c:	a11e                	sh	a5,0(a0)
    197e:	299e                	lhu	a5,16(a1)
    1980:	a91e                	sh	a5,16(a0)
    1982:	8082                	ret

00001984 <SPI_Cmd>:
    1984:	211e                	lhu	a5,0(a0)
    1986:	c589                	beqz	a1,1990 <SPI_Cmd+0xc>
    1988:	0407e793          	ori	a5,a5,64
    198c:	a11e                	sh	a5,0(a0)
    198e:	8082                	ret
    1990:	07c2                	slli	a5,a5,0x10
    1992:	83c1                	srli	a5,a5,0x10
    1994:	fbf7f793          	andi	a5,a5,-65
    1998:	07c2                	slli	a5,a5,0x10
    199a:	83c1                	srli	a5,a5,0x10
    199c:	bfc5                	j	198c <SPI_Cmd+0x8>

0000199e <SPI_I2S_SendData>:
    199e:	a54e                	sh	a1,12(a0)
    19a0:	8082                	ret

000019a2 <SPI_I2S_GetFlagStatus>:
    19a2:	250a                	lhu	a0,8(a0)
    19a4:	8d6d                	and	a0,a0,a1
    19a6:	00a03533          	snez	a0,a0
    19aa:	8082                	ret

000019ac <TIM_TimeBaseInit>:
    19ac:	211e                	lhu	a5,0(a0)
    19ae:	40013737          	lui	a4,0x40013
    19b2:	c0070713          	addi	a4,a4,-1024 # 40012c00 <__global_pointer$+0x20012338>
    19b6:	07c2                	slli	a5,a5,0x10
    19b8:	83c1                	srli	a5,a5,0x10
    19ba:	00e50663          	beq	a0,a4,19c6 <TIM_TimeBaseInit+0x1a>
    19be:	40000737          	lui	a4,0x40000
    19c2:	00e51663          	bne	a0,a4,19ce <TIM_TimeBaseInit+0x22>
    19c6:	21ba                	lhu	a4,2(a1)
    19c8:	f8f7f793          	andi	a5,a5,-113
    19cc:	8fd9                	or	a5,a5,a4
    19ce:	21fa                	lhu	a4,6(a1)
    19d0:	cff7f793          	andi	a5,a5,-769
    19d4:	07c2                	slli	a5,a5,0x10
    19d6:	83c1                	srli	a5,a5,0x10
    19d8:	8fd9                	or	a5,a5,a4
    19da:	a11e                	sh	a5,0(a0)
    19dc:	21de                	lhu	a5,4(a1)
    19de:	b55e                	sh	a5,44(a0)
    19e0:	219e                	lhu	a5,0(a1)
    19e2:	b51e                	sh	a5,40(a0)
    19e4:	400137b7          	lui	a5,0x40013
    19e8:	c0078793          	addi	a5,a5,-1024 # 40012c00 <__global_pointer$+0x20012338>
    19ec:	00f51463          	bne	a0,a5,19f4 <TIM_TimeBaseInit+0x48>
    19f0:	259c                	lbu	a5,8(a1)
    19f2:	b91e                	sh	a5,48(a0)
    19f4:	4785                	li	a5,1
    19f6:	a95e                	sh	a5,20(a0)
    19f8:	8082                	ret

000019fa <TIM_OC2Init>:
    19fa:	311e                	lhu	a5,32(a0)
    19fc:	7765                	lui	a4,0xffff9
    19fe:	cff70713          	addi	a4,a4,-769 # ffff8cff <__global_pointer$+0xdfff8437>
    1a02:	07c2                	slli	a5,a5,0x10
    1a04:	83c1                	srli	a5,a5,0x10
    1a06:	9bbd                	andi	a5,a5,-17
    1a08:	07c2                	slli	a5,a5,0x10
    1a0a:	83c1                	srli	a5,a5,0x10
    1a0c:	b11e                	sh	a5,32(a0)
    1a0e:	311e                	lhu	a5,32(a0)
    1a10:	2156                	lhu	a3,4(a0)
    1a12:	0085d303          	lhu	t1,8(a1)
    1a16:	07c2                	slli	a5,a5,0x10
    1a18:	01069613          	slli	a2,a3,0x10
    1a1c:	2d16                	lhu	a3,24(a0)
    1a1e:	83c1                	srli	a5,a5,0x10
    1a20:	fdf7f793          	andi	a5,a5,-33
    1a24:	8f75                	and	a4,a4,a3
    1a26:	2196                	lhu	a3,0(a1)
    1a28:	8241                	srli	a2,a2,0x10
    1a2a:	06a2                	slli	a3,a3,0x8
    1a2c:	8f55                	or	a4,a4,a3
    1a2e:	21b6                	lhu	a3,2(a1)
    1a30:	0742                	slli	a4,a4,0x10
    1a32:	8341                	srli	a4,a4,0x10
    1a34:	0066e6b3          	or	a3,a3,t1
    1a38:	0692                	slli	a3,a3,0x4
    1a3a:	8fd5                	or	a5,a5,a3
    1a3c:	400136b7          	lui	a3,0x40013
    1a40:	07c2                	slli	a5,a5,0x10
    1a42:	c0068693          	addi	a3,a3,-1024 # 40012c00 <__global_pointer$+0x20012338>
    1a46:	83c1                	srli	a5,a5,0x10
    1a48:	02d51e63          	bne	a0,a3,1a84 <TIM_OC2Init+0x8a>
    1a4c:	25b6                	lhu	a3,10(a1)
    1a4e:	f7f7f793          	andi	a5,a5,-129
    1a52:	00c5d303          	lhu	t1,12(a1)
    1a56:	0692                	slli	a3,a3,0x4
    1a58:	8fd5                	or	a5,a5,a3
    1a5a:	21d6                	lhu	a3,4(a1)
    1a5c:	07c2                	slli	a5,a5,0x10
    1a5e:	83c1                	srli	a5,a5,0x10
    1a60:	0692                	slli	a3,a3,0x4
    1a62:	fbf7f793          	andi	a5,a5,-65
    1a66:	8fd5                	or	a5,a5,a3
    1a68:	76fd                	lui	a3,0xfffff
    1a6a:	3ff68693          	addi	a3,a3,1023 # fffff3ff <__global_pointer$+0xdfffeb37>
    1a6e:	8ef1                	and	a3,a3,a2
    1a70:	25f2                	lhu	a2,14(a1)
    1a72:	07c2                	slli	a5,a5,0x10
    1a74:	83c1                	srli	a5,a5,0x10
    1a76:	00666633          	or	a2,a2,t1
    1a7a:	060a                	slli	a2,a2,0x2
    1a7c:	8ed1                	or	a3,a3,a2
    1a7e:	01069613          	slli	a2,a3,0x10
    1a82:	8241                	srli	a2,a2,0x10
    1a84:	a152                	sh	a2,4(a0)
    1a86:	ad1a                	sh	a4,24(a0)
    1a88:	21fa                	lhu	a4,6(a1)
    1a8a:	dd18                	sw	a4,56(a0)
    1a8c:	b11e                	sh	a5,32(a0)
    1a8e:	8082                	ret

00001a90 <TIM_OC3Init>:
    1a90:	311e                	lhu	a5,32(a0)
    1a92:	2192                	lhu	a2,0(a1)
    1a94:	0085d303          	lhu	t1,8(a1)
    1a98:	07c2                	slli	a5,a5,0x10
    1a9a:	83c1                	srli	a5,a5,0x10
    1a9c:	eff7f793          	andi	a5,a5,-257
    1aa0:	07c2                	slli	a5,a5,0x10
    1aa2:	83c1                	srli	a5,a5,0x10
    1aa4:	b11e                	sh	a5,32(a0)
    1aa6:	311e                	lhu	a5,32(a0)
    1aa8:	2156                	lhu	a3,4(a0)
    1aaa:	2d5a                	lhu	a4,28(a0)
    1aac:	07c2                	slli	a5,a5,0x10
    1aae:	83c1                	srli	a5,a5,0x10
    1ab0:	0742                	slli	a4,a4,0x10
    1ab2:	8341                	srli	a4,a4,0x10
    1ab4:	f8c77713          	andi	a4,a4,-116
    1ab8:	8f51                	or	a4,a4,a2
    1aba:	21b2                	lhu	a2,2(a1)
    1abc:	dff7f793          	andi	a5,a5,-513
    1ac0:	06c2                	slli	a3,a3,0x10
    1ac2:	00666633          	or	a2,a2,t1
    1ac6:	0622                	slli	a2,a2,0x8
    1ac8:	8fd1                	or	a5,a5,a2
    1aca:	01079613          	slli	a2,a5,0x10
    1ace:	400137b7          	lui	a5,0x40013
    1ad2:	c0078793          	addi	a5,a5,-1024 # 40012c00 <__global_pointer$+0x20012338>
    1ad6:	82c1                	srli	a3,a3,0x10
    1ad8:	8241                	srli	a2,a2,0x10
    1ada:	02f51f63          	bne	a0,a5,1b18 <TIM_OC3Init+0x88>
    1ade:	77fd                	lui	a5,0xfffff
    1ae0:	7ff78793          	addi	a5,a5,2047 # fffff7ff <__global_pointer$+0xdfffef37>
    1ae4:	8ff1                	and	a5,a5,a2
    1ae6:	25b2                	lhu	a2,10(a1)
    1ae8:	00c5d303          	lhu	t1,12(a1)
    1aec:	0622                	slli	a2,a2,0x8
    1aee:	8fd1                	or	a5,a5,a2
    1af0:	21d2                	lhu	a2,4(a1)
    1af2:	07c2                	slli	a5,a5,0x10
    1af4:	83c1                	srli	a5,a5,0x10
    1af6:	0622                	slli	a2,a2,0x8
    1af8:	bff7f793          	andi	a5,a5,-1025
    1afc:	8fd1                	or	a5,a5,a2
    1afe:	01079613          	slli	a2,a5,0x10
    1b02:	77f5                	lui	a5,0xffffd
    1b04:	17fd                	addi	a5,a5,-1
    1b06:	8efd                	and	a3,a3,a5
    1b08:	25fe                	lhu	a5,14(a1)
    1b0a:	8241                	srli	a2,a2,0x10
    1b0c:	0067e7b3          	or	a5,a5,t1
    1b10:	0792                	slli	a5,a5,0x4
    1b12:	8edd                	or	a3,a3,a5
    1b14:	06c2                	slli	a3,a3,0x10
    1b16:	82c1                	srli	a3,a3,0x10
    1b18:	21fe                	lhu	a5,6(a1)
    1b1a:	a156                	sh	a3,4(a0)
    1b1c:	ad5a                	sh	a4,28(a0)
    1b1e:	dd5c                	sw	a5,60(a0)
    1b20:	b112                	sh	a2,32(a0)
    1b22:	8082                	ret

00001b24 <TIM_TimeBaseStructInit>:
    1b24:	57fd                	li	a5,-1
    1b26:	a15e                	sh	a5,4(a0)
    1b28:	00051023          	sh	zero,0(a0)
    1b2c:	00051323          	sh	zero,6(a0)
    1b30:	00051123          	sh	zero,2(a0)
    1b34:	00050423          	sb	zero,8(a0)
    1b38:	8082                	ret

00001b3a <TIM_OCStructInit>:
    1b3a:	00051023          	sh	zero,0(a0)
    1b3e:	00051123          	sh	zero,2(a0)
    1b42:	00051223          	sh	zero,4(a0)
    1b46:	00051323          	sh	zero,6(a0)
    1b4a:	00051423          	sh	zero,8(a0)
    1b4e:	00051523          	sh	zero,10(a0)
    1b52:	00051623          	sh	zero,12(a0)
    1b56:	00051723          	sh	zero,14(a0)
    1b5a:	8082                	ret

00001b5c <TIM_Cmd>:
    1b5c:	211e                	lhu	a5,0(a0)
    1b5e:	c589                	beqz	a1,1b68 <TIM_Cmd+0xc>
    1b60:	0017e793          	ori	a5,a5,1
    1b64:	a11e                	sh	a5,0(a0)
    1b66:	8082                	ret
    1b68:	07c2                	slli	a5,a5,0x10
    1b6a:	83c1                	srli	a5,a5,0x10
    1b6c:	9bf9                	andi	a5,a5,-2
    1b6e:	07c2                	slli	a5,a5,0x10
    1b70:	83c1                	srli	a5,a5,0x10
    1b72:	bfcd                	j	1b64 <TIM_Cmd+0x8>

00001b74 <TIM_CtrlPWMOutputs>:
    1b74:	04455783          	lhu	a5,68(a0)
    1b78:	c591                	beqz	a1,1b84 <TIM_CtrlPWMOutputs+0x10>
    1b7a:	6721                	lui	a4,0x8
    1b7c:	8fd9                	or	a5,a5,a4
    1b7e:	04f51223          	sh	a5,68(a0)
    1b82:	8082                	ret
    1b84:	07c6                	slli	a5,a5,0x11
    1b86:	83c5                	srli	a5,a5,0x11
    1b88:	bfdd                	j	1b7e <TIM_CtrlPWMOutputs+0xa>

00001b8a <TIM_ITConfig>:
    1b8a:	255e                	lhu	a5,12(a0)
    1b8c:	c601                	beqz	a2,1b94 <TIM_ITConfig+0xa>
    1b8e:	8ddd                	or	a1,a1,a5
    1b90:	a54e                	sh	a1,12(a0)
    1b92:	8082                	ret
    1b94:	fff5c593          	not	a1,a1
    1b98:	8dfd                	and	a1,a1,a5
    1b9a:	bfdd                	j	1b90 <TIM_ITConfig+0x6>

00001b9c <TIM_ARRPreloadConfig>:
    1b9c:	211e                	lhu	a5,0(a0)
    1b9e:	c589                	beqz	a1,1ba8 <TIM_ARRPreloadConfig+0xc>
    1ba0:	0807e793          	ori	a5,a5,128
    1ba4:	a11e                	sh	a5,0(a0)
    1ba6:	8082                	ret
    1ba8:	07c2                	slli	a5,a5,0x10
    1baa:	83c1                	srli	a5,a5,0x10
    1bac:	f7f7f793          	andi	a5,a5,-129
    1bb0:	07c2                	slli	a5,a5,0x10
    1bb2:	83c1                	srli	a5,a5,0x10
    1bb4:	bfc5                	j	1ba4 <TIM_ARRPreloadConfig+0x8>

00001bb6 <TIM_OC2PreloadConfig>:
    1bb6:	2d1a                	lhu	a4,24(a0)
    1bb8:	77fd                	lui	a5,0xfffff
    1bba:	7ff78793          	addi	a5,a5,2047 # fffff7ff <__global_pointer$+0xdfffef37>
    1bbe:	8ff9                	and	a5,a5,a4
    1bc0:	05a2                	slli	a1,a1,0x8
    1bc2:	8fcd                	or	a5,a5,a1
    1bc4:	07c2                	slli	a5,a5,0x10
    1bc6:	83c1                	srli	a5,a5,0x10
    1bc8:	ad1e                	sh	a5,24(a0)
    1bca:	8082                	ret

00001bcc <TIM_OC3PreloadConfig>:
    1bcc:	2d5e                	lhu	a5,28(a0)
    1bce:	07c2                	slli	a5,a5,0x10
    1bd0:	83c1                	srli	a5,a5,0x10
    1bd2:	9bdd                	andi	a5,a5,-9
    1bd4:	8ddd                	or	a1,a1,a5
    1bd6:	ad4e                	sh	a1,28(a0)
    1bd8:	8082                	ret

00001bda <TIM_SelectOutputTrigger>:
    1bda:	215e                	lhu	a5,4(a0)
    1bdc:	07c2                	slli	a5,a5,0x10
    1bde:	83c1                	srli	a5,a5,0x10
    1be0:	f8f7f793          	andi	a5,a5,-113
    1be4:	07c2                	slli	a5,a5,0x10
    1be6:	83c1                	srli	a5,a5,0x10
    1be8:	a15e                	sh	a5,4(a0)
    1bea:	215e                	lhu	a5,4(a0)
    1bec:	8ddd                	or	a1,a1,a5
    1bee:	a14e                	sh	a1,4(a0)
    1bf0:	8082                	ret

00001bf2 <TIM_SetCompare3>:
    1bf2:	dd4c                	sw	a1,60(a0)
    1bf4:	8082                	ret

00001bf6 <TIM_ClearITPendingBit>:
    1bf6:	fff5c593          	not	a1,a1
    1bfa:	05c2                	slli	a1,a1,0x10
    1bfc:	81c1                	srli	a1,a1,0x10
    1bfe:	a90e                	sh	a1,16(a0)
    1c00:	8082                	ret

00001c02 <USART_Init>:
    1c02:	c9efe2ef          	jal	t0,a0 <__riscv_save_0>
    1c06:	2916                	lhu	a3,16(a0)
    1c08:	77f5                	lui	a5,0xffffd
    1c0a:	17fd                	addi	a5,a5,-1
    1c0c:	8ff5                	and	a5,a5,a3
    1c0e:	21f6                	lhu	a3,6(a1)
    1c10:	25da                	lhu	a4,12(a1)
    1c12:	1121                	addi	sp,sp,-24
    1c14:	8fd5                	or	a5,a5,a3
    1c16:	a91e                	sh	a5,16(a0)
    1c18:	2556                	lhu	a3,12(a0)
    1c1a:	77fd                	lui	a5,0xfffff
    1c1c:	9f378793          	addi	a5,a5,-1549 # ffffe9f3 <__global_pointer$+0xdfffe12b>
    1c20:	8ff5                	and	a5,a5,a3
    1c22:	21d6                	lhu	a3,4(a1)
    1c24:	842a                	mv	s0,a0
    1c26:	c02e                	sw	a1,0(sp)
    1c28:	8fd5                	or	a5,a5,a3
    1c2a:	2596                	lhu	a3,8(a1)
    1c2c:	8fd5                	or	a5,a5,a3
    1c2e:	25b6                	lhu	a3,10(a1)
    1c30:	8fd5                	or	a5,a5,a3
    1c32:	a55e                	sh	a5,12(a0)
    1c34:	295e                	lhu	a5,20(a0)
    1c36:	07c2                	slli	a5,a5,0x10
    1c38:	83c1                	srli	a5,a5,0x10
    1c3a:	cff7f793          	andi	a5,a5,-769
    1c3e:	8f5d                	or	a4,a4,a5
    1c40:	a95a                	sh	a4,20(a0)
    1c42:	0048                	addi	a0,sp,4
    1c44:	bf5ff0ef          	jal	ra,1838 <RCC_GetClocksFreq>
    1c48:	400147b7          	lui	a5,0x40014
    1c4c:	80078793          	addi	a5,a5,-2048 # 40013800 <__global_pointer$+0x20012f38>
    1c50:	4582                	lw	a1,0(sp)
    1c52:	06f41263          	bne	s0,a5,1cb6 <USART_Init+0xb4>
    1c56:	47c2                	lw	a5,16(sp)
    1c58:	245a                	lhu	a4,12(s0)
    1c5a:	00179513          	slli	a0,a5,0x1
    1c5e:	953e                	add	a0,a0,a5
    1c60:	0742                	slli	a4,a4,0x10
    1c62:	050e                	slli	a0,a0,0x3
    1c64:	8741                	srai	a4,a4,0x10
    1c66:	953e                	add	a0,a0,a5
    1c68:	418c                	lw	a1,0(a1)
    1c6a:	04075863          	bgez	a4,1cba <USART_Init+0xb8>
    1c6e:	0586                	slli	a1,a1,0x1
    1c70:	c64fe0ef          	jal	ra,d4 <__udivsi3>
    1c74:	06400593          	li	a1,100
    1c78:	c02a                	sw	a0,0(sp)
    1c7a:	c5afe0ef          	jal	ra,d4 <__udivsi3>
    1c7e:	4782                	lw	a5,0(sp)
    1c80:	00451493          	slli	s1,a0,0x4
    1c84:	06400593          	li	a1,100
    1c88:	853e                	mv	a0,a5
    1c8a:	c76fe0ef          	jal	ra,100 <__umodsi3>
    1c8e:	245e                	lhu	a5,12(s0)
    1c90:	07c2                	slli	a5,a5,0x10
    1c92:	87c1                	srai	a5,a5,0x10
    1c94:	0207d563          	bgez	a5,1cbe <USART_Init+0xbc>
    1c98:	050e                	slli	a0,a0,0x3
    1c9a:	06400593          	li	a1,100
    1c9e:	03250513          	addi	a0,a0,50
    1ca2:	c32fe0ef          	jal	ra,d4 <__udivsi3>
    1ca6:	891d                	andi	a0,a0,7
    1ca8:	8cc9                	or	s1,s1,a0
    1caa:	04c2                	slli	s1,s1,0x10
    1cac:	80c1                	srli	s1,s1,0x10
    1cae:	a406                	sh	s1,8(s0)
    1cb0:	0161                	addi	sp,sp,24
    1cb2:	bf8fe06f          	j	aa <__riscv_restore_0>
    1cb6:	47b2                	lw	a5,12(sp)
    1cb8:	b745                	j	1c58 <USART_Init+0x56>
    1cba:	058a                	slli	a1,a1,0x2
    1cbc:	bf55                	j	1c70 <USART_Init+0x6e>
    1cbe:	0512                	slli	a0,a0,0x4
    1cc0:	06400593          	li	a1,100
    1cc4:	03250513          	addi	a0,a0,50
    1cc8:	c0cfe0ef          	jal	ra,d4 <__udivsi3>
    1ccc:	893d                	andi	a0,a0,15
    1cce:	bfe9                	j	1ca8 <USART_Init+0xa6>

00001cd0 <USART_Cmd>:
    1cd0:	c591                	beqz	a1,1cdc <USART_Cmd+0xc>
    1cd2:	255e                	lhu	a5,12(a0)
    1cd4:	6709                	lui	a4,0x2
    1cd6:	8fd9                	or	a5,a5,a4
    1cd8:	a55e                	sh	a5,12(a0)
    1cda:	8082                	ret
    1cdc:	255a                	lhu	a4,12(a0)
    1cde:	77f9                	lui	a5,0xffffe
    1ce0:	17fd                	addi	a5,a5,-1
    1ce2:	8ff9                	and	a5,a5,a4
    1ce4:	bfd5                	j	1cd8 <USART_Cmd+0x8>

00001ce6 <USART_SendData>:
    1ce6:	1ff5f593          	andi	a1,a1,511
    1cea:	a14e                	sh	a1,4(a0)
    1cec:	8082                	ret

00001cee <USART_GetFlagStatus>:
    1cee:	210a                	lhu	a0,0(a0)
    1cf0:	8d6d                	and	a0,a0,a1
    1cf2:	00a03533          	snez	a0,a0
    1cf6:	8082                	ret

00001cf8 <Delay_Init>:
    1cf8:	ba8fe2ef          	jal	t0,a0 <__riscv_save_0>
    1cfc:	200007b7          	lui	a5,0x20000
    1d00:	0387a503          	lw	a0,56(a5) # 20000038 <SystemCoreClock>
    1d04:	007a15b7          	lui	a1,0x7a1
    1d08:	20058593          	addi	a1,a1,512 # 7a1200 <_data_lma+0x79d43c>
    1d0c:	bc8fe0ef          	jal	ra,d4 <__udivsi3>
    1d10:	0ff57513          	andi	a0,a0,255
    1d14:	cca18f23          	sb	a0,-802(gp) # 200005a6 <p_us>
    1d18:	00551793          	slli	a5,a0,0x5
    1d1c:	8f89                	sub	a5,a5,a0
    1d1e:	078a                	slli	a5,a5,0x2
    1d20:	953e                	add	a0,a0,a5
    1d22:	050e                	slli	a0,a0,0x3
    1d24:	cca19e23          	sh	a0,-804(gp) # 200005a4 <p_ms>
    1d28:	b82fe06f          	j	aa <__riscv_restore_0>

00001d2c <Delay_Ms>:
    1d2c:	b74fe2ef          	jal	t0,a0 <__riscv_save_0>
    1d30:	e000f437          	lui	s0,0xe000f
    1d34:	405c                	lw	a5,4(s0)
    1d36:	85aa                	mv	a1,a0
    1d38:	9bf9                	andi	a5,a5,-2
    1d3a:	c05c                	sw	a5,4(s0)
    1d3c:	cdc1d503          	lhu	a0,-804(gp) # 200005a4 <p_ms>
    1d40:	b74fe0ef          	jal	ra,b4 <__mulsi3>
    1d44:	c808                	sw	a0,16(s0)
    1d46:	00042423          	sw	zero,8(s0) # e000f008 <__global_pointer$+0xc000e740>
    1d4a:	401c                	lw	a5,0(s0)
    1d4c:	0017e793          	ori	a5,a5,1
    1d50:	c01c                	sw	a5,0(s0)
    1d52:	e000f7b7          	lui	a5,0xe000f
    1d56:	43d8                	lw	a4,4(a5)
    1d58:	8b05                	andi	a4,a4,1
    1d5a:	df75                	beqz	a4,1d56 <Delay_Ms+0x2a>
    1d5c:	4398                	lw	a4,0(a5)
    1d5e:	9b79                	andi	a4,a4,-2
    1d60:	c398                	sw	a4,0(a5)
    1d62:	b48fe06f          	j	aa <__riscv_restore_0>

00001d66 <USART_Printf_Init>:
    1d66:	b3afe2ef          	jal	t0,a0 <__riscv_save_0>
    1d6a:	842a                	mv	s0,a0
    1d6c:	6511                	lui	a0,0x4
    1d6e:	1111                	addi	sp,sp,-28
    1d70:	4585                	li	a1,1
    1d72:	02050513          	addi	a0,a0,32 # 4020 <_data_lma+0x25c>
    1d76:	b83ff0ef          	jal	ra,18f8 <RCC_APB2PeriphClockCmd>
    1d7a:	02000793          	li	a5,32
    1d7e:	807c                	sh	a5,0(sp)
    1d80:	40011537          	lui	a0,0x40011
    1d84:	478d                	li	a5,3
    1d86:	c23e                	sw	a5,4(sp)
    1d88:	858a                	mv	a1,sp
    1d8a:	47e1                	li	a5,24
    1d8c:	40050513          	addi	a0,a0,1024 # 40011400 <__global_pointer$+0x20010b38>
    1d90:	c43e                	sw	a5,8(sp)
    1d92:	8a5ff0ef          	jal	ra,1636 <GPIO_Init>
    1d96:	c622                	sw	s0,12(sp)
    1d98:	40014437          	lui	s0,0x40014
    1d9c:	000807b7          	lui	a5,0x80
    1da0:	006c                	addi	a1,sp,12
    1da2:	80040513          	addi	a0,s0,-2048 # 40013800 <__global_pointer$+0x20012f38>
    1da6:	ca3e                	sw	a5,20(sp)
    1da8:	c802                	sw	zero,16(sp)
    1daa:	00011c23          	sh	zero,24(sp)
    1dae:	3d91                	jal	1c02 <USART_Init>
    1db0:	4585                	li	a1,1
    1db2:	80040513          	addi	a0,s0,-2048
    1db6:	3f29                	jal	1cd0 <USART_Cmd>
    1db8:	0171                	addi	sp,sp,28
    1dba:	af0fe06f          	j	aa <__riscv_restore_0>

00001dbe <_write>:
    1dbe:	ae2fe2ef          	jal	t0,a0 <__riscv_save_0>
    1dc2:	1171                	addi	sp,sp,-4
    1dc4:	84ae                	mv	s1,a1
    1dc6:	4401                	li	s0,0
    1dc8:	02c45d63          	bge	s0,a2,1e02 <_write+0x44>
    1dcc:	400147b7          	lui	a5,0x40014
    1dd0:	80078713          	addi	a4,a5,-2048 # 40013800 <__global_pointer$+0x20012f38>
    1dd4:	853a                	mv	a0,a4
    1dd6:	04000593          	li	a1,64
    1dda:	c032                	sw	a2,0(sp)
    1ddc:	3f09                	jal	1cee <USART_GetFlagStatus>
    1dde:	400147b7          	lui	a5,0x40014
    1de2:	80078713          	addi	a4,a5,-2048 # 40013800 <__global_pointer$+0x20012f38>
    1de6:	4602                	lw	a2,0(sp)
    1de8:	d575                	beqz	a0,1dd4 <_write+0x16>
    1dea:	00848733          	add	a4,s1,s0
    1dee:	00070583          	lb	a1,0(a4) # 2000 <printInt+0xa2>
    1df2:	80078513          	addi	a0,a5,-2048
    1df6:	0405                	addi	s0,s0,1
    1df8:	05c2                	slli	a1,a1,0x10
    1dfa:	81c1                	srli	a1,a1,0x10
    1dfc:	35ed                	jal	1ce6 <USART_SendData>
    1dfe:	4602                	lw	a2,0(sp)
    1e00:	b7e1                	j	1dc8 <_write+0xa>
    1e02:	8532                	mv	a0,a2
    1e04:	0111                	addi	sp,sp,4
    1e06:	aa4fe06f          	j	aa <__riscv_restore_0>

00001e0a <_sbrk>:
    1e0a:	20000737          	lui	a4,0x20000
    1e0e:	06070713          	addi	a4,a4,96 # 20000060 <curbrk.4091>
    1e12:	431c                	lw	a5,0(a4)
    1e14:	ce418693          	addi	a3,gp,-796 # 200005ac <_ebss>
    1e18:	953e                	add	a0,a0,a5
    1e1a:	00d56963          	bltu	a0,a3,1e2c <_sbrk+0x22>
    1e1e:	e3818693          	addi	a3,gp,-456 # 20000700 <_heap_end>
    1e22:	00a6e563          	bltu	a3,a0,1e2c <_sbrk+0x22>
    1e26:	c308                	sw	a0,0(a4)
    1e28:	853e                	mv	a0,a5
    1e2a:	8082                	ret
    1e2c:	57fd                	li	a5,-1
    1e2e:	bfed                	j	1e28 <_sbrk+0x1e>

00001e30 <printchar>:
    1e30:	1141                	addi	sp,sp,-16
    1e32:	c606                	sw	ra,12(sp)
    1e34:	c02e                	sw	a1,0(sp)
    1e36:	cd0d                	beqz	a0,1e70 <printchar+0x40>
    1e38:	4118                	lw	a4,0(a0)
    1e3a:	87aa                	mv	a5,a0
    1e3c:	c305                	beqz	a4,1e5c <printchar+0x2c>
    1e3e:	4158                	lw	a4,4(a0)
    1e40:	557d                	li	a0,-1
    1e42:	cb11                	beqz	a4,1e56 <printchar+0x26>
    1e44:	4685                	li	a3,1
    1e46:	00d71b63          	bne	a4,a3,1e5c <printchar+0x2c>
    1e4a:	4798                	lw	a4,8(a5)
    1e4c:	00070023          	sb	zero,0(a4)
    1e50:	0007a223          	sw	zero,4(a5)
    1e54:	4505                	li	a0,1
    1e56:	40b2                	lw	ra,12(sp)
    1e58:	0141                	addi	sp,sp,16
    1e5a:	8082                	ret
    1e5c:	4798                	lw	a4,8(a5)
    1e5e:	4682                	lw	a3,0(sp)
    1e60:	a314                	sb	a3,0(a4)
    1e62:	4798                	lw	a4,8(a5)
    1e64:	0705                	addi	a4,a4,1
    1e66:	c798                	sw	a4,8(a5)
    1e68:	43d8                	lw	a4,4(a5)
    1e6a:	177d                	addi	a4,a4,-1
    1e6c:	c3d8                	sw	a4,4(a5)
    1e6e:	b7dd                	j	1e54 <printchar+0x24>
    1e70:	4605                	li	a2,1
    1e72:	858a                	mv	a1,sp
    1e74:	37a9                	jal	1dbe <_write>
    1e76:	bff9                	j	1e54 <printchar+0x24>

00001e78 <prints>:
    1e78:	1101                	addi	sp,sp,-32
    1e7a:	cc22                	sw	s0,24(sp)
    1e7c:	c22e                	sw	a1,4(sp)
    1e7e:	ce06                	sw	ra,28(sp)
    1e80:	ca26                	sw	s1,20(sp)
    1e82:	842a                	mv	s0,a0
    1e84:	4781                	li	a5,0
    1e86:	02000593          	li	a1,32
    1e8a:	02064563          	bltz	a2,1eb4 <prints+0x3c>
    1e8e:	4592                	lw	a1,4(sp)
    1e90:	95be                	add	a1,a1,a5
    1e92:	00058583          	lb	a1,0(a1)
    1e96:	e58d                	bnez	a1,1ec0 <prints+0x48>
    1e98:	02c7d863          	bge	a5,a2,1ec8 <prints+0x50>
    1e9c:	02e7d463          	bge	a5,a4,1ec4 <prints+0x4c>
    1ea0:	8e19                	sub	a2,a2,a4
    1ea2:	02000513          	li	a0,32
    1ea6:	0026f593          	andi	a1,a3,2
    1eaa:	c02a                	sw	a0,0(sp)
    1eac:	c589                	beqz	a1,1eb6 <prints+0x3e>
    1eae:	e701                	bnez	a4,1eb6 <prints+0x3e>
    1eb0:	03000593          	li	a1,48
    1eb4:	c02e                	sw	a1,0(sp)
    1eb6:	8a85                	andi	a3,a3,1
    1eb8:	4481                	li	s1,0
    1eba:	ea95                	bnez	a3,1eee <prints+0x76>
    1ebc:	84b2                	mv	s1,a2
    1ebe:	a00d                	j	1ee0 <prints+0x68>
    1ec0:	0785                	addi	a5,a5,1
    1ec2:	b7f1                	j	1e8e <prints+0x16>
    1ec4:	8e1d                	sub	a2,a2,a5
    1ec6:	bff1                	j	1ea2 <prints+0x2a>
    1ec8:	4601                	li	a2,0
    1eca:	bfe1                	j	1ea2 <prints+0x2a>
    1ecc:	4582                	lw	a1,0(sp)
    1ece:	8522                	mv	a0,s0
    1ed0:	c83a                	sw	a4,16(sp)
    1ed2:	c632                	sw	a2,12(sp)
    1ed4:	c43e                	sw	a5,8(sp)
    1ed6:	3fa9                	jal	1e30 <printchar>
    1ed8:	47a2                	lw	a5,8(sp)
    1eda:	4632                	lw	a2,12(sp)
    1edc:	4742                	lw	a4,16(sp)
    1ede:	14fd                	addi	s1,s1,-1
    1ee0:	fe9046e3          	bgtz	s1,1ecc <prints+0x54>
    1ee4:	84b2                	mv	s1,a2
    1ee6:	00065363          	bgez	a2,1eec <prints+0x74>
    1eea:	4481                	li	s1,0
    1eec:	8e05                	sub	a2,a2,s1
    1eee:	02e7c763          	blt	a5,a4,1f1c <prints+0xa4>
    1ef2:	87a6                	mv	a5,s1
    1ef4:	4692                	lw	a3,4(sp)
    1ef6:	40978733          	sub	a4,a5,s1
    1efa:	9736                	add	a4,a4,a3
    1efc:	00070583          	lb	a1,0(a4)
    1f00:	ed95                	bnez	a1,1f3c <prints+0xc4>
    1f02:	84b2                	mv	s1,a2
    1f04:	04904463          	bgtz	s1,1f4c <prints+0xd4>
    1f08:	00065363          	bgez	a2,1f0e <prints+0x96>
    1f0c:	4601                	li	a2,0
    1f0e:	40f2                	lw	ra,28(sp)
    1f10:	4462                	lw	s0,24(sp)
    1f12:	44d2                	lw	s1,20(sp)
    1f14:	00f60533          	add	a0,a2,a5
    1f18:	6105                	addi	sp,sp,32
    1f1a:	8082                	ret
    1f1c:	8f1d                	sub	a4,a4,a5
    1f1e:	87ba                	mv	a5,a4
    1f20:	03000593          	li	a1,48
    1f24:	8522                	mv	a0,s0
    1f26:	c832                	sw	a2,16(sp)
    1f28:	c63e                	sw	a5,12(sp)
    1f2a:	c43a                	sw	a4,8(sp)
    1f2c:	3711                	jal	1e30 <printchar>
    1f2e:	47b2                	lw	a5,12(sp)
    1f30:	4722                	lw	a4,8(sp)
    1f32:	4642                	lw	a2,16(sp)
    1f34:	17fd                	addi	a5,a5,-1
    1f36:	f7ed                	bnez	a5,1f20 <prints+0xa8>
    1f38:	94ba                	add	s1,s1,a4
    1f3a:	bf65                	j	1ef2 <prints+0x7a>
    1f3c:	8522                	mv	a0,s0
    1f3e:	c632                	sw	a2,12(sp)
    1f40:	c43e                	sw	a5,8(sp)
    1f42:	35fd                	jal	1e30 <printchar>
    1f44:	47a2                	lw	a5,8(sp)
    1f46:	4632                	lw	a2,12(sp)
    1f48:	0785                	addi	a5,a5,1
    1f4a:	b76d                	j	1ef4 <prints+0x7c>
    1f4c:	4582                	lw	a1,0(sp)
    1f4e:	8522                	mv	a0,s0
    1f50:	c432                	sw	a2,8(sp)
    1f52:	c23e                	sw	a5,4(sp)
    1f54:	3df1                	jal	1e30 <printchar>
    1f56:	14fd                	addi	s1,s1,-1
    1f58:	4622                	lw	a2,8(sp)
    1f5a:	4792                	lw	a5,4(sp)
    1f5c:	b765                	j	1f04 <prints+0x8c>

00001f5e <printInt>:
    1f5e:	7139                	addi	sp,sp,-64
    1f60:	de06                	sw	ra,60(sp)
    1f62:	dc22                	sw	s0,56(sp)
    1f64:	da26                	sw	s1,52(sp)
    1f66:	c23e                	sw	a5,4(sp)
    1f68:	8332                	mv	t1,a2
    1f6a:	863a                	mv	a2,a4
    1f6c:	ed89                	bnez	a1,1f86 <printInt+0x28>
    1f6e:	4692                	lw	a3,4(sp)
    1f70:	03000793          	li	a5,48
    1f74:	4701                	li	a4,0
    1f76:	086c                	addi	a1,sp,28
    1f78:	86fc                	sh	a5,28(sp)
    1f7a:	3dfd                	jal	1e78 <prints>
    1f7c:	50f2                	lw	ra,60(sp)
    1f7e:	5462                	lw	s0,56(sp)
    1f80:	54d2                	lw	s1,52(sp)
    1f82:	6121                	addi	sp,sp,64
    1f84:	8082                	ret
    1f86:	84aa                	mv	s1,a0
    1f88:	8436                	mv	s0,a3
    1f8a:	87ae                	mv	a5,a1
    1f8c:	ca91                	beqz	a3,1fa0 <printInt+0x42>
    1f8e:	4729                	li	a4,10
    1f90:	4401                	li	s0,0
    1f92:	00e31763          	bne	t1,a4,1fa0 <printInt+0x42>
    1f96:	0005d563          	bgez	a1,1fa0 <printInt+0x42>
    1f9a:	40b007b3          	neg	a5,a1
    1f9e:	4405                	li	s0,1
    1fa0:	4686                	lw	a3,64(sp)
    1fa2:	020109a3          	sb	zero,51(sp)
    1fa6:	03310713          	addi	a4,sp,51
    1faa:	fc668693          	addi	a3,a3,-58
    1fae:	c436                	sw	a3,8(sp)
    1fb0:	859a                	mv	a1,t1
    1fb2:	853e                	mv	a0,a5
    1fb4:	ca32                	sw	a2,20(sp)
    1fb6:	c83a                	sw	a4,16(sp)
    1fb8:	c61a                	sw	t1,12(sp)
    1fba:	c03e                	sw	a5,0(sp)
    1fbc:	944fe0ef          	jal	ra,100 <__umodsi3>
    1fc0:	46a5                	li	a3,9
    1fc2:	4782                	lw	a5,0(sp)
    1fc4:	4332                	lw	t1,12(sp)
    1fc6:	4742                	lw	a4,16(sp)
    1fc8:	4652                	lw	a2,20(sp)
    1fca:	00a6d463          	bge	a3,a0,1fd2 <printInt+0x74>
    1fce:	46a2                	lw	a3,8(sp)
    1fd0:	9536                	add	a0,a0,a3
    1fd2:	03050513          	addi	a0,a0,48
    1fd6:	fff70693          	addi	a3,a4,-1
    1fda:	fea70fa3          	sb	a0,-1(a4)
    1fde:	859a                	mv	a1,t1
    1fe0:	853e                	mv	a0,a5
    1fe2:	cc32                	sw	a2,24(sp)
    1fe4:	ca3a                	sw	a4,20(sp)
    1fe6:	c81a                	sw	t1,16(sp)
    1fe8:	c63e                	sw	a5,12(sp)
    1fea:	c036                	sw	a3,0(sp)
    1fec:	8e8fe0ef          	jal	ra,d4 <__udivsi3>
    1ff0:	47b2                	lw	a5,12(sp)
    1ff2:	4342                	lw	t1,16(sp)
    1ff4:	4752                	lw	a4,20(sp)
    1ff6:	4662                	lw	a2,24(sp)
    1ff8:	0467fd63          	bgeu	a5,t1,2052 <printInt+0xf4>
    1ffc:	cc09                	beqz	s0,2016 <printInt+0xb8>
    1ffe:	ce29                	beqz	a2,2058 <printInt+0xfa>
    2000:	4792                	lw	a5,4(sp)
    2002:	8b89                	andi	a5,a5,2
    2004:	cbb1                	beqz	a5,2058 <printInt+0xfa>
    2006:	02d00593          	li	a1,45
    200a:	8526                	mv	a0,s1
    200c:	c432                	sw	a2,8(sp)
    200e:	e23ff0ef          	jal	ra,1e30 <printchar>
    2012:	4622                	lw	a2,8(sp)
    2014:	167d                	addi	a2,a2,-1
    2016:	4792                	lw	a5,4(sp)
    2018:	8b91                	andi	a5,a5,4
    201a:	c785                	beqz	a5,2042 <printInt+0xe4>
    201c:	4706                	lw	a4,64(sp)
    201e:	06100793          	li	a5,97
    2022:	c432                	sw	a2,8(sp)
    2024:	03000593          	li	a1,48
    2028:	8526                	mv	a0,s1
    202a:	04f71163          	bne	a4,a5,206c <printInt+0x10e>
    202e:	e03ff0ef          	jal	ra,1e30 <printchar>
    2032:	07800593          	li	a1,120
    2036:	8526                	mv	a0,s1
    2038:	df9ff0ef          	jal	ra,1e30 <printchar>
    203c:	4622                	lw	a2,8(sp)
    203e:	0409                	addi	s0,s0,2
    2040:	1679                	addi	a2,a2,-2
    2042:	4716                	lw	a4,68(sp)
    2044:	4692                	lw	a3,4(sp)
    2046:	4582                	lw	a1,0(sp)
    2048:	8526                	mv	a0,s1
    204a:	e2fff0ef          	jal	ra,1e78 <prints>
    204e:	9522                	add	a0,a0,s0
    2050:	b735                	j	1f7c <printInt+0x1e>
    2052:	87aa                	mv	a5,a0
    2054:	4702                	lw	a4,0(sp)
    2056:	bfa9                	j	1fb0 <printInt+0x52>
    2058:	4682                	lw	a3,0(sp)
    205a:	02d00793          	li	a5,45
    205e:	4401                	li	s0,0
    2060:	fef68fa3          	sb	a5,-1(a3)
    2064:	ffe70793          	addi	a5,a4,-2
    2068:	c03e                	sw	a5,0(sp)
    206a:	b775                	j	2016 <printInt+0xb8>
    206c:	dc5ff0ef          	jal	ra,1e30 <printchar>
    2070:	05800593          	li	a1,88
    2074:	b7c9                	j	2036 <printInt+0xd8>

00002076 <printLongLongInt>:
    2076:	4501                	li	a0,0
    2078:	8082                	ret

0000207a <printDouble>:
    207a:	4501                	li	a0,0
    207c:	8082                	ret

0000207e <print>:
    207e:	fd810113          	addi	sp,sp,-40
    2082:	d022                	sw	s0,32(sp)
    2084:	ce26                	sw	s1,28(sp)
    2086:	d206                	sw	ra,36(sp)
    2088:	c42a                	sw	a0,8(sp)
    208a:	82ae                	mv	t0,a1
    208c:	8432                	mv	s0,a2
    208e:	c602                	sw	zero,12(sp)
    2090:	4481                	li	s1,0
    2092:	00028583          	lb	a1,0(t0)
    2096:	ed91                	bnez	a1,20b2 <print+0x34>
    2098:	47a2                	lw	a5,8(sp)
    209a:	c789                	beqz	a5,20a4 <print+0x26>
    209c:	4581                	li	a1,0
    209e:	853e                	mv	a0,a5
    20a0:	d91ff0ef          	jal	ra,1e30 <printchar>
    20a4:	5092                	lw	ra,36(sp)
    20a6:	5402                	lw	s0,32(sp)
    20a8:	8526                	mv	a0,s1
    20aa:	44f2                	lw	s1,28(sp)
    20ac:	02810113          	addi	sp,sp,40
    20b0:	8082                	ret
    20b2:	02500793          	li	a5,37
    20b6:	00f58963          	beq	a1,a5,20c8 <print+0x4a>
    20ba:	4522                	lw	a0,8(sp)
    20bc:	c816                	sw	t0,16(sp)
    20be:	0485                	addi	s1,s1,1
    20c0:	d71ff0ef          	jal	ra,1e30 <printchar>
    20c4:	42c2                	lw	t0,16(sp)
    20c6:	a005                	j	20e6 <print+0x68>
    20c8:	00128783          	lb	a5,1(t0)
    20cc:	00128713          	addi	a4,t0,1
    20d0:	00b79d63          	bne	a5,a1,20ea <print+0x6c>
    20d4:	4522                	lw	a0,8(sp)
    20d6:	02500593          	li	a1,37
    20da:	c83a                	sw	a4,16(sp)
    20dc:	d55ff0ef          	jal	ra,1e30 <printchar>
    20e0:	4742                	lw	a4,16(sp)
    20e2:	0485                	addi	s1,s1,1
    20e4:	82ba                	mv	t0,a4
    20e6:	0285                	addi	t0,t0,1
    20e8:	b76d                	j	2092 <print+0x14>
    20ea:	d7dd                	beqz	a5,2098 <print+0x1a>
    20ec:	02b00693          	li	a3,43
    20f0:	04d78963          	beq	a5,a3,2142 <print+0xc4>
    20f4:	00f6c863          	blt	a3,a5,2104 <print+0x86>
    20f8:	02300693          	li	a3,35
    20fc:	04d78663          	beq	a5,a3,2148 <print+0xca>
    2100:	4781                	li	a5,0
    2102:	a005                	j	2122 <print+0xa4>
    2104:	02d00693          	li	a3,45
    2108:	00d78a63          	beq	a5,a3,211c <print+0x9e>
    210c:	03000693          	li	a3,48
    2110:	fed798e3          	bne	a5,a3,2100 <print+0x82>
    2114:	00228713          	addi	a4,t0,2
    2118:	4789                	li	a5,2
    211a:	a021                	j	2122 <print+0xa4>
    211c:	00228713          	addi	a4,t0,2
    2120:	4785                	li	a5,1
    2122:	00070683          	lb	a3,0(a4)
    2126:	02b00613          	li	a2,43
    212a:	04c68363          	beq	a3,a2,2170 <print+0xf2>
    212e:	02d64163          	blt	a2,a3,2150 <print+0xd2>
    2132:	02300613          	li	a2,35
    2136:	02c68b63          	beq	a3,a2,216c <print+0xee>
    213a:	82ba                	mv	t0,a4
    213c:	4501                	li	a0,0
    213e:	46a5                	li	a3,9
    2140:	a081                	j	2180 <print+0x102>
    2142:	00228713          	addi	a4,t0,2
    2146:	bf6d                	j	2100 <print+0x82>
    2148:	00228713          	addi	a4,t0,2
    214c:	4791                	li	a5,4
    214e:	bfd1                	j	2122 <print+0xa4>
    2150:	02d00613          	li	a2,45
    2154:	00c68963          	beq	a3,a2,2166 <print+0xe8>
    2158:	03000613          	li	a2,48
    215c:	fcc69fe3          	bne	a3,a2,213a <print+0xbc>
    2160:	0027e793          	ori	a5,a5,2
    2164:	a031                	j	2170 <print+0xf2>
    2166:	0705                	addi	a4,a4,1
    2168:	4785                	li	a5,1
    216a:	bfc1                	j	213a <print+0xbc>
    216c:	0047e793          	ori	a5,a5,4
    2170:	0705                	addi	a4,a4,1
    2172:	b7e1                	j	213a <print+0xbc>
    2174:	00251613          	slli	a2,a0,0x2
    2178:	9532                	add	a0,a0,a2
    217a:	0506                	slli	a0,a0,0x1
    217c:	953a                	add	a0,a0,a4
    217e:	0285                	addi	t0,t0,1
    2180:	00028603          	lb	a2,0(t0)
    2184:	fd060713          	addi	a4,a2,-48 # f8ffffd0 <__global_pointer$+0xd8fff708>
    2188:	0ff77593          	andi	a1,a4,255
    218c:	feb6f4e3          	bgeu	a3,a1,2174 <print+0xf6>
    2190:	02e00713          	li	a4,46
    2194:	4699                	li	a3,6
    2196:	00e61e63          	bne	a2,a4,21b2 <print+0x134>
    219a:	0285                	addi	t0,t0,1
    219c:	4681                	li	a3,0
    219e:	45a5                	li	a1,9
    21a0:	00028603          	lb	a2,0(t0)
    21a4:	fd060613          	addi	a2,a2,-48
    21a8:	0ff67713          	andi	a4,a2,255
    21ac:	02e5f563          	bgeu	a1,a4,21d6 <print+0x158>
    21b0:	c636                	sw	a3,12(sp)
    21b2:	00028703          	lb	a4,0(t0)
    21b6:	06a00613          	li	a2,106
    21ba:	0ac70d63          	beq	a4,a2,2274 <print+0x1f6>
    21be:	02e64363          	blt	a2,a4,21e4 <print+0x166>
    21c2:	04c00613          	li	a2,76
    21c6:	0ac70763          	beq	a4,a2,2274 <print+0x1f6>
    21ca:	06800613          	li	a2,104
    21ce:	08c70c63          	beq	a4,a2,2266 <print+0x1e8>
    21d2:	4581                	li	a1,0
    21d4:	a82d                	j	220e <print+0x190>
    21d6:	00269713          	slli	a4,a3,0x2
    21da:	96ba                	add	a3,a3,a4
    21dc:	0686                	slli	a3,a3,0x1
    21de:	96b2                	add	a3,a3,a2
    21e0:	0285                	addi	t0,t0,1
    21e2:	bf7d                	j	21a0 <print+0x122>
    21e4:	07400613          	li	a2,116
    21e8:	08c70663          	beq	a4,a2,2274 <print+0x1f6>
    21ec:	07a00613          	li	a2,122
    21f0:	08c70263          	beq	a4,a2,2274 <print+0x1f6>
    21f4:	06c00613          	li	a2,108
    21f8:	4581                	li	a1,0
    21fa:	00c71a63          	bne	a4,a2,220e <print+0x190>
    21fe:	00128603          	lb	a2,1(t0)
    2202:	458d                	li	a1,3
    2204:	00e61463          	bne	a2,a4,220c <print+0x18e>
    2208:	0285                	addi	t0,t0,1
    220a:	4591                	li	a1,4
    220c:	0285                	addi	t0,t0,1
    220e:	00028603          	lb	a2,0(t0)
    2212:	06000393          	li	t2,96
    2216:	06100713          	li	a4,97
    221a:	00c3c463          	blt	t2,a2,2222 <print+0x1a4>
    221e:	04100713          	li	a4,65
    2222:	06700393          	li	t2,103
    2226:	06c3c463          	blt	t2,a2,228e <print+0x210>
    222a:	06500393          	li	t2,101
    222e:	18765663          	bge	a2,t2,23ba <print+0x33c>
    2232:	04700393          	li	t2,71
    2236:	04c3c163          	blt	t2,a2,2278 <print+0x1fa>
    223a:	04500593          	li	a1,69
    223e:	16b65e63          	bge	a2,a1,23ba <print+0x33c>
    2242:	04300713          	li	a4,67
    2246:	eae610e3          	bne	a2,a4,20e6 <print+0x68>
    224a:	4018                	lw	a4,0(s0)
    224c:	00440393          	addi	t2,s0,4
    2250:	ca16                	sw	t0,20(sp)
    2252:	00e10c23          	sb	a4,24(sp)
    2256:	c81e                	sw	t2,16(sp)
    2258:	00010ca3          	sb	zero,25(sp)
    225c:	4701                	li	a4,0
    225e:	86be                	mv	a3,a5
    2260:	862a                	mv	a2,a0
    2262:	082c                	addi	a1,sp,24
    2264:	a849                	j	22f6 <print+0x278>
    2266:	00128603          	lb	a2,1(t0)
    226a:	4581                	li	a1,0
    226c:	fae611e3          	bne	a2,a4,220e <print+0x190>
    2270:	0289                	addi	t0,t0,2
    2272:	bf71                	j	220e <print+0x190>
    2274:	0285                	addi	t0,t0,1
    2276:	bfb1                	j	21d2 <print+0x154>
    2278:	06300693          	li	a3,99
    227c:	fcd607e3          	beq	a2,a3,224a <print+0x1cc>
    2280:	06c6cf63          	blt	a3,a2,22fe <print+0x280>
    2284:	05800693          	li	a3,88
    2288:	02d60363          	beq	a2,a3,22ae <print+0x230>
    228c:	bda9                	j	20e6 <print+0x68>
    228e:	07300693          	li	a3,115
    2292:	04d60463          	beq	a2,a3,22da <print+0x25c>
    2296:	02c6cb63          	blt	a3,a2,22cc <print+0x24e>
    229a:	06f00693          	li	a3,111
    229e:	0ed60563          	beq	a2,a3,2388 <print+0x30a>
    22a2:	07000693          	li	a3,112
    22a6:	0047e793          	ori	a5,a5,4
    22aa:	e2d61ee3          	bne	a2,a3,20e6 <print+0x68>
    22ae:	4691                	li	a3,4
    22b0:	0cd59263          	bne	a1,a3,2374 <print+0x2f6>
    22b4:	00840393          	addi	t2,s0,8
    22b8:	400c                	lw	a1,0(s0)
    22ba:	4050                	lw	a2,4(s0)
    22bc:	ca16                	sw	t0,20(sp)
    22be:	c23a                	sw	a4,4(sp)
    22c0:	c03e                	sw	a5,0(sp)
    22c2:	c81e                	sw	t2,16(sp)
    22c4:	87aa                	mv	a5,a0
    22c6:	4701                	li	a4,0
    22c8:	46c1                	li	a3,16
    22ca:	a881                	j	231a <print+0x29c>
    22cc:	07500693          	li	a3,117
    22d0:	06d60b63          	beq	a2,a3,2346 <print+0x2c8>
    22d4:	07800693          	li	a3,120
    22d8:	bf45                	j	2288 <print+0x20a>
    22da:	4018                	lw	a4,0(s0)
    22dc:	000046b7          	lui	a3,0x4
    22e0:	00440393          	addi	t2,s0,4
    22e4:	bc068593          	addi	a1,a3,-1088 # 3bc0 <OLED_F8x16+0x3f0>
    22e8:	c311                	beqz	a4,22ec <print+0x26e>
    22ea:	85ba                	mv	a1,a4
    22ec:	4732                	lw	a4,12(sp)
    22ee:	ca16                	sw	t0,20(sp)
    22f0:	c81e                	sw	t2,16(sp)
    22f2:	86be                	mv	a3,a5
    22f4:	862a                	mv	a2,a0
    22f6:	4522                	lw	a0,8(sp)
    22f8:	b81ff0ef          	jal	ra,1e78 <prints>
    22fc:	a015                	j	2320 <print+0x2a2>
    22fe:	4691                	li	a3,4
    2300:	02d59563          	bne	a1,a3,232a <print+0x2ac>
    2304:	00840393          	addi	t2,s0,8
    2308:	400c                	lw	a1,0(s0)
    230a:	4050                	lw	a2,4(s0)
    230c:	ca16                	sw	t0,20(sp)
    230e:	c23a                	sw	a4,4(sp)
    2310:	c03e                	sw	a5,0(sp)
    2312:	c81e                	sw	t2,16(sp)
    2314:	87aa                	mv	a5,a0
    2316:	4705                	li	a4,1
    2318:	46a9                	li	a3,10
    231a:	4522                	lw	a0,8(sp)
    231c:	d5bff0ef          	jal	ra,2076 <printLongLongInt>
    2320:	43c2                	lw	t2,16(sp)
    2322:	94aa                	add	s1,s1,a0
    2324:	841e                	mv	s0,t2
    2326:	42d2                	lw	t0,20(sp)
    2328:	bb7d                	j	20e6 <print+0x68>
    232a:	46b2                	lw	a3,12(sp)
    232c:	400c                	lw	a1,0(s0)
    232e:	c816                	sw	t0,16(sp)
    2330:	c236                	sw	a3,4(sp)
    2332:	c03a                	sw	a4,0(sp)
    2334:	0411                	addi	s0,s0,4
    2336:	872a                	mv	a4,a0
    2338:	4685                	li	a3,1
    233a:	4629                	li	a2,10
    233c:	4522                	lw	a0,8(sp)
    233e:	c21ff0ef          	jal	ra,1f5e <printInt>
    2342:	94aa                	add	s1,s1,a0
    2344:	b341                	j	20c4 <print+0x46>
    2346:	4691                	li	a3,4
    2348:	00d59d63          	bne	a1,a3,2362 <print+0x2e4>
    234c:	00840393          	addi	t2,s0,8
    2350:	400c                	lw	a1,0(s0)
    2352:	4050                	lw	a2,4(s0)
    2354:	ca16                	sw	t0,20(sp)
    2356:	c23a                	sw	a4,4(sp)
    2358:	c03e                	sw	a5,0(sp)
    235a:	c81e                	sw	t2,16(sp)
    235c:	87aa                	mv	a5,a0
    235e:	4701                	li	a4,0
    2360:	bf65                	j	2318 <print+0x29a>
    2362:	46b2                	lw	a3,12(sp)
    2364:	400c                	lw	a1,0(s0)
    2366:	c816                	sw	t0,16(sp)
    2368:	c236                	sw	a3,4(sp)
    236a:	c03a                	sw	a4,0(sp)
    236c:	0411                	addi	s0,s0,4
    236e:	872a                	mv	a4,a0
    2370:	4681                	li	a3,0
    2372:	b7e1                	j	233a <print+0x2bc>
    2374:	46b2                	lw	a3,12(sp)
    2376:	c816                	sw	t0,16(sp)
    2378:	400c                	lw	a1,0(s0)
    237a:	4641                	li	a2,16
    237c:	c236                	sw	a3,4(sp)
    237e:	c03a                	sw	a4,0(sp)
    2380:	0411                	addi	s0,s0,4
    2382:	872a                	mv	a4,a0
    2384:	4681                	li	a3,0
    2386:	bf5d                	j	233c <print+0x2be>
    2388:	4691                	li	a3,4
    238a:	00d59e63          	bne	a1,a3,23a6 <print+0x328>
    238e:	00840393          	addi	t2,s0,8
    2392:	400c                	lw	a1,0(s0)
    2394:	4050                	lw	a2,4(s0)
    2396:	ca16                	sw	t0,20(sp)
    2398:	c23a                	sw	a4,4(sp)
    239a:	c03e                	sw	a5,0(sp)
    239c:	c81e                	sw	t2,16(sp)
    239e:	87aa                	mv	a5,a0
    23a0:	4701                	li	a4,0
    23a2:	46a1                	li	a3,8
    23a4:	bf9d                	j	231a <print+0x29c>
    23a6:	46b2                	lw	a3,12(sp)
    23a8:	400c                	lw	a1,0(s0)
    23aa:	c816                	sw	t0,16(sp)
    23ac:	c236                	sw	a3,4(sp)
    23ae:	c03a                	sw	a4,0(sp)
    23b0:	0411                	addi	s0,s0,4
    23b2:	872a                	mv	a4,a0
    23b4:	4681                	li	a3,0
    23b6:	4621                	li	a2,8
    23b8:	b751                	j	233c <print+0x2be>
    23ba:	400c                	lw	a1,0(s0)
    23bc:	00840613          	addi	a2,s0,8
    23c0:	4040                	lw	s0,4(s0)
    23c2:	c23a                	sw	a4,4(sp)
    23c4:	872a                	mv	a4,a0
    23c6:	4522                	lw	a0,8(sp)
    23c8:	c832                	sw	a2,16(sp)
    23ca:	c03e                	sw	a5,0(sp)
    23cc:	8622                	mv	a2,s0
    23ce:	87b6                	mv	a5,a3
    23d0:	46a9                	li	a3,10
    23d2:	ca16                	sw	t0,20(sp)
    23d4:	ca7ff0ef          	jal	ra,207a <printDouble>
    23d8:	94aa                	add	s1,s1,a0
    23da:	4442                	lw	s0,16(sp)
    23dc:	b7a9                	j	2326 <print+0x2a8>

000023de <printf>:
    23de:	fdc10113          	addi	sp,sp,-36
    23e2:	c82e                	sw	a1,16(sp)
    23e4:	ca32                	sw	a2,20(sp)
    23e6:	85aa                	mv	a1,a0
    23e8:	0810                	addi	a2,sp,16
    23ea:	4501                	li	a0,0
    23ec:	c606                	sw	ra,12(sp)
    23ee:	cc36                	sw	a3,24(sp)
    23f0:	ce3a                	sw	a4,28(sp)
    23f2:	d03e                	sw	a5,32(sp)
    23f4:	c032                	sw	a2,0(sp)
    23f6:	c89ff0ef          	jal	ra,207e <print>
    23fa:	40b2                	lw	ra,12(sp)
    23fc:	02410113          	addi	sp,sp,36
    2400:	8082                	ret

00002402 <puts>:
    2402:	1141                	addi	sp,sp,-16
    2404:	c422                	sw	s0,8(sp)
    2406:	c226                	sw	s1,4(sp)
    2408:	c606                	sw	ra,12(sp)
    240a:	211c                	lbu	a5,0(a0)
    240c:	84aa                	mv	s1,a0
    240e:	4401                	li	s0,0
    2410:	81dc                	sb	a5,3(sp)
    2412:	00310783          	lb	a5,3(sp)
    2416:	0405                	addi	s0,s0,1
    2418:	ef99                	bnez	a5,2436 <puts+0x34>
    241a:	47a9                	li	a5,10
    241c:	00310593          	addi	a1,sp,3
    2420:	4605                	li	a2,1
    2422:	4501                	li	a0,0
    2424:	81dc                	sb	a5,3(sp)
    2426:	999ff0ef          	jal	ra,1dbe <_write>
    242a:	8522                	mv	a0,s0
    242c:	40b2                	lw	ra,12(sp)
    242e:	4422                	lw	s0,8(sp)
    2430:	4492                	lw	s1,4(sp)
    2432:	0141                	addi	sp,sp,16
    2434:	8082                	ret
    2436:	4605                	li	a2,1
    2438:	00310593          	addi	a1,sp,3
    243c:	4501                	li	a0,0
    243e:	981ff0ef          	jal	ra,1dbe <_write>
    2442:	008487b3          	add	a5,s1,s0
    2446:	239c                	lbu	a5,0(a5)
    2448:	81dc                	sb	a5,3(sp)
    244a:	b7e1                	j	2412 <puts+0x10>

0000244c <__divsf3>:
    244c:	fdc10113          	addi	sp,sp,-36
    2450:	01755693          	srli	a3,a0,0x17
    2454:	cc26                	sw	s1,24(sp)
    2456:	00951613          	slli	a2,a0,0x9
    245a:	01f55493          	srli	s1,a0,0x1f
    245e:	d006                	sw	ra,32(sp)
    2460:	ce22                	sw	s0,28(sp)
    2462:	0ff6f693          	andi	a3,a3,255
    2466:	8225                	srli	a2,a2,0x9
    2468:	82a6                	mv	t0,s1
    246a:	10068b63          	beqz	a3,2580 <__divsf3+0x134>
    246e:	0ff00793          	li	a5,255
    2472:	10f68c63          	beq	a3,a5,258a <__divsf3+0x13e>
    2476:	060e                	slli	a2,a2,0x3
    2478:	040007b7          	lui	a5,0x4000
    247c:	8e5d                	or	a2,a2,a5
    247e:	f8168693          	addi	a3,a3,-127
    2482:	4401                	li	s0,0
    2484:	4381                	li	t2,0
    2486:	0175d793          	srli	a5,a1,0x17
    248a:	00959313          	slli	t1,a1,0x9
    248e:	0ff7f793          	andi	a5,a5,255
    2492:	00935313          	srli	t1,t1,0x9
    2496:	81fd                	srli	a1,a1,0x1f
    2498:	c3e5                	beqz	a5,2578 <__divsf3+0x12c>
    249a:	0ff00713          	li	a4,255
    249e:	02e78663          	beq	a5,a4,24ca <__divsf3+0x7e>
    24a2:	f8178793          	addi	a5,a5,-127 # 3ffff81 <_data_lma+0x3ffc1bd>
    24a6:	030e                	slli	t1,t1,0x3
    24a8:	04000737          	lui	a4,0x4000
    24ac:	8e9d                	sub	a3,a3,a5
    24ae:	00e36333          	or	t1,t1,a4
    24b2:	4781                	li	a5,0
    24b4:	8c5d                	or	s0,s0,a5
    24b6:	00001517          	auipc	a0,0x1
    24ba:	71250513          	addi	a0,a0,1810 # 3bc8 <OLED_F8x16+0x3f8>
    24be:	040a                	slli	s0,s0,0x2
    24c0:	942a                	add	s0,s0,a0
    24c2:	4000                	lw	s0,0(s0)
    24c4:	8cad                	xor	s1,s1,a1
    24c6:	9522                	add	a0,a0,s0
    24c8:	8502                	jr	a0
    24ca:	f0168693          	addi	a3,a3,-255
    24ce:	0c031463          	bnez	t1,2596 <__divsf3+0x14a>
    24d2:	4789                	li	a5,2
    24d4:	8c5d                	or	s0,s0,a5
    24d6:	00001517          	auipc	a0,0x1
    24da:	73250513          	addi	a0,a0,1842 # 3c08 <OLED_F8x16+0x438>
    24de:	040a                	slli	s0,s0,0x2
    24e0:	942a                	add	s0,s0,a0
    24e2:	00042303          	lw	t1,0(s0)
    24e6:	8cad                	xor	s1,s1,a1
    24e8:	951a                	add	a0,a0,t1
    24ea:	8502                	jr	a0
    24ec:	4481                	li	s1,0
    24ee:	0ff00593          	li	a1,255
    24f2:	004007b7          	lui	a5,0x400
    24f6:	00979513          	slli	a0,a5,0x9
    24fa:	5082                	lw	ra,32(sp)
    24fc:	4472                	lw	s0,28(sp)
    24fe:	01759793          	slli	a5,a1,0x17
    2502:	8125                	srli	a0,a0,0x9
    2504:	04fe                	slli	s1,s1,0x1f
    2506:	8d5d                	or	a0,a0,a5
    2508:	8d45                	or	a0,a0,s1
    250a:	44e2                	lw	s1,24(sp)
    250c:	02410113          	addi	sp,sp,36
    2510:	8082                	ret
    2512:	0ff00593          	li	a1,255
    2516:	4781                	li	a5,0
    2518:	bff9                	j	24f6 <__divsf3+0xaa>
    251a:	861a                	mv	a2,t1
    251c:	82ae                	mv	t0,a1
    251e:	83be                	mv	t2,a5
    2520:	4789                	li	a5,2
    2522:	22f38463          	beq	t2,a5,274a <__divsf3+0x2fe>
    2526:	478d                	li	a5,3
    2528:	fcf382e3          	beq	t2,a5,24ec <__divsf3+0xa0>
    252c:	4785                	li	a5,1
    252e:	0cf38463          	beq	t2,a5,25f6 <__divsf3+0x1aa>
    2532:	07f68593          	addi	a1,a3,127
    2536:	0012f493          	andi	s1,t0,1
    253a:	18b05663          	blez	a1,26c6 <__divsf3+0x27a>
    253e:	00767793          	andi	a5,a2,7
    2542:	c799                	beqz	a5,2550 <__divsf3+0x104>
    2544:	00f67793          	andi	a5,a2,15
    2548:	4511                	li	a0,4
    254a:	00a78363          	beq	a5,a0,2550 <__divsf3+0x104>
    254e:	0611                	addi	a2,a2,4
    2550:	00461793          	slli	a5,a2,0x4
    2554:	0007d863          	bgez	a5,2564 <__divsf3+0x118>
    2558:	f80007b7          	lui	a5,0xf8000
    255c:	17fd                	addi	a5,a5,-1
    255e:	8e7d                	and	a2,a2,a5
    2560:	08068593          	addi	a1,a3,128
    2564:	0fe00793          	li	a5,254
    2568:	fab7c5e3          	blt	a5,a1,2512 <__divsf3+0xc6>
    256c:	00661793          	slli	a5,a2,0x6
    2570:	83a5                	srli	a5,a5,0x9
    2572:	0ff5f593          	andi	a1,a1,255
    2576:	b741                	j	24f6 <__divsf3+0xaa>
    2578:	04031863          	bnez	t1,25c8 <__divsf3+0x17c>
    257c:	4785                	li	a5,1
    257e:	bf99                	j	24d4 <__divsf3+0x88>
    2580:	e215                	bnez	a2,25a4 <__divsf3+0x158>
    2582:	4411                	li	s0,4
    2584:	4681                	li	a3,0
    2586:	4385                	li	t2,1
    2588:	bdfd                	j	2486 <__divsf3+0x3a>
    258a:	ea01                	bnez	a2,259a <__divsf3+0x14e>
    258c:	4421                	li	s0,8
    258e:	0ff00693          	li	a3,255
    2592:	4389                	li	t2,2
    2594:	bdcd                	j	2486 <__divsf3+0x3a>
    2596:	478d                	li	a5,3
    2598:	bf31                	j	24b4 <__divsf3+0x68>
    259a:	4431                	li	s0,12
    259c:	0ff00693          	li	a3,255
    25a0:	438d                	li	t2,3
    25a2:	b5d5                	j	2486 <__divsf3+0x3a>
    25a4:	8532                	mv	a0,a2
    25a6:	c42e                	sw	a1,8(sp)
    25a8:	c032                	sw	a2,0(sp)
    25aa:	c226                	sw	s1,4(sp)
    25ac:	2551                	jal	2c30 <__clzsi2>
    25ae:	4602                	lw	a2,0(sp)
    25b0:	ffb50793          	addi	a5,a0,-5
    25b4:	f8a00693          	li	a3,-118
    25b8:	00f61633          	sll	a2,a2,a5
    25bc:	8e89                	sub	a3,a3,a0
    25be:	4401                	li	s0,0
    25c0:	4381                	li	t2,0
    25c2:	4292                	lw	t0,4(sp)
    25c4:	45a2                	lw	a1,8(sp)
    25c6:	b5c1                	j	2486 <__divsf3+0x3a>
    25c8:	851a                	mv	a0,t1
    25ca:	ca36                	sw	a3,20(sp)
    25cc:	c816                	sw	t0,16(sp)
    25ce:	c632                	sw	a2,12(sp)
    25d0:	c41e                	sw	t2,8(sp)
    25d2:	c22e                	sw	a1,4(sp)
    25d4:	c01a                	sw	t1,0(sp)
    25d6:	2da9                	jal	2c30 <__clzsi2>
    25d8:	46d2                	lw	a3,20(sp)
    25da:	4302                	lw	t1,0(sp)
    25dc:	ffb50793          	addi	a5,a0,-5
    25e0:	96aa                	add	a3,a3,a0
    25e2:	00f31333          	sll	t1,t1,a5
    25e6:	07668693          	addi	a3,a3,118
    25ea:	4781                	li	a5,0
    25ec:	4592                	lw	a1,4(sp)
    25ee:	43a2                	lw	t2,8(sp)
    25f0:	4632                	lw	a2,12(sp)
    25f2:	42c2                	lw	t0,16(sp)
    25f4:	b5c1                	j	24b4 <__divsf3+0x68>
    25f6:	0012f493          	andi	s1,t0,1
    25fa:	4581                	li	a1,0
    25fc:	4781                	li	a5,0
    25fe:	bde5                	j	24f6 <__divsf3+0xaa>
    2600:	67c1                	lui	a5,0x10
    2602:	00531713          	slli	a4,t1,0x5
    2606:	17fd                	addi	a5,a5,-1
    2608:	8ff9                	and	a5,a5,a4
    260a:	ca3a                	sw	a4,20(sp)
    260c:	c23e                	sw	a5,4(sp)
    260e:	01075413          	srli	s0,a4,0x10
    2612:	0e667d63          	bgeu	a2,t1,270c <__divsf3+0x2c0>
    2616:	8532                	mv	a0,a2
    2618:	85a2                	mv	a1,s0
    261a:	c636                	sw	a3,12(sp)
    261c:	c432                	sw	a2,8(sp)
    261e:	ab7fd0ef          	jal	ra,d4 <__udivsi3>
    2622:	4592                	lw	a1,4(sp)
    2624:	c02a                	sw	a0,0(sp)
    2626:	a8ffd0ef          	jal	ra,b4 <__mulsi3>
    262a:	4622                	lw	a2,8(sp)
    262c:	46b2                	lw	a3,12(sp)
    262e:	87aa                	mv	a5,a0
    2630:	8332                	mv	t1,a2
    2632:	16fd                	addi	a3,a3,-1
    2634:	4601                	li	a2,0
    2636:	85a2                	mv	a1,s0
    2638:	851a                	mv	a0,t1
    263a:	c836                	sw	a3,16(sp)
    263c:	c63e                	sw	a5,12(sp)
    263e:	c432                	sw	a2,8(sp)
    2640:	ac1fd0ef          	jal	ra,100 <__umodsi3>
    2644:	4622                	lw	a2,8(sp)
    2646:	47b2                	lw	a5,12(sp)
    2648:	0542                	slli	a0,a0,0x10
    264a:	8d51                	or	a0,a0,a2
    264c:	46c2                	lw	a3,16(sp)
    264e:	00f57f63          	bgeu	a0,a5,266c <__divsf3+0x220>
    2652:	4752                	lw	a4,20(sp)
    2654:	4582                	lw	a1,0(sp)
    2656:	953a                	add	a0,a0,a4
    2658:	fff58613          	addi	a2,a1,-1
    265c:	0ee56263          	bltu	a0,a4,2740 <__divsf3+0x2f4>
    2660:	0ef57063          	bgeu	a0,a5,2740 <__divsf3+0x2f4>
    2664:	ffe58613          	addi	a2,a1,-2
    2668:	c032                	sw	a2,0(sp)
    266a:	953a                	add	a0,a0,a4
    266c:	40f507b3          	sub	a5,a0,a5
    2670:	853e                	mv	a0,a5
    2672:	85a2                	mv	a1,s0
    2674:	c836                	sw	a3,16(sp)
    2676:	c63e                	sw	a5,12(sp)
    2678:	a5dfd0ef          	jal	ra,d4 <__udivsi3>
    267c:	4592                	lw	a1,4(sp)
    267e:	c42a                	sw	a0,8(sp)
    2680:	a35fd0ef          	jal	ra,b4 <__mulsi3>
    2684:	47b2                	lw	a5,12(sp)
    2686:	c22a                	sw	a0,4(sp)
    2688:	85a2                	mv	a1,s0
    268a:	853e                	mv	a0,a5
    268c:	a75fd0ef          	jal	ra,100 <__umodsi3>
    2690:	4612                	lw	a2,4(sp)
    2692:	0542                	slli	a0,a0,0x10
    2694:	4322                	lw	t1,8(sp)
    2696:	46c2                	lw	a3,16(sp)
    2698:	00c57c63          	bgeu	a0,a2,26b0 <__divsf3+0x264>
    269c:	4752                	lw	a4,20(sp)
    269e:	fff30793          	addi	a5,t1,-1
    26a2:	953a                	add	a0,a0,a4
    26a4:	08e56c63          	bltu	a0,a4,273c <__divsf3+0x2f0>
    26a8:	08c57a63          	bgeu	a0,a2,273c <__divsf3+0x2f0>
    26ac:	1379                	addi	t1,t1,-2
    26ae:	953a                	add	a0,a0,a4
    26b0:	4782                	lw	a5,0(sp)
    26b2:	40c50633          	sub	a2,a0,a2
    26b6:	00c03633          	snez	a2,a2
    26ba:	07c2                	slli	a5,a5,0x10
    26bc:	0067e7b3          	or	a5,a5,t1
    26c0:	8e5d                	or	a2,a2,a5
    26c2:	82a6                	mv	t0,s1
    26c4:	b5bd                	j	2532 <__divsf3+0xe6>
    26c6:	4305                	li	t1,1
    26c8:	40b30333          	sub	t1,t1,a1
    26cc:	c591                	beqz	a1,26d8 <__divsf3+0x28c>
    26ce:	456d                	li	a0,27
    26d0:	4581                	li	a1,0
    26d2:	4781                	li	a5,0
    26d4:	e26541e3          	blt	a0,t1,24f6 <__divsf3+0xaa>
    26d8:	09e68693          	addi	a3,a3,158
    26dc:	00d616b3          	sll	a3,a2,a3
    26e0:	006657b3          	srl	a5,a2,t1
    26e4:	00d03633          	snez	a2,a3
    26e8:	8fd1                	or	a5,a5,a2
    26ea:	0077f693          	andi	a3,a5,7
    26ee:	c699                	beqz	a3,26fc <__divsf3+0x2b0>
    26f0:	00f7f693          	andi	a3,a5,15
    26f4:	4611                	li	a2,4
    26f6:	00c68363          	beq	a3,a2,26fc <__divsf3+0x2b0>
    26fa:	0791                	addi	a5,a5,4
    26fc:	00579713          	slli	a4,a5,0x5
    2700:	04074263          	bltz	a4,2744 <__divsf3+0x2f8>
    2704:	079a                	slli	a5,a5,0x6
    2706:	83a5                	srli	a5,a5,0x9
    2708:	4581                	li	a1,0
    270a:	b3f5                	j	24f6 <__divsf3+0xaa>
    270c:	00165313          	srli	t1,a2,0x1
    2710:	851a                	mv	a0,t1
    2712:	85a2                	mv	a1,s0
    2714:	c836                	sw	a3,16(sp)
    2716:	c632                	sw	a2,12(sp)
    2718:	c41a                	sw	t1,8(sp)
    271a:	9bbfd0ef          	jal	ra,d4 <__udivsi3>
    271e:	4592                	lw	a1,4(sp)
    2720:	c02a                	sw	a0,0(sp)
    2722:	993fd0ef          	jal	ra,b4 <__mulsi3>
    2726:	4632                	lw	a2,12(sp)
    2728:	87aa                	mv	a5,a0
    272a:	46c2                	lw	a3,16(sp)
    272c:	067e                	slli	a2,a2,0x1f
    272e:	8241                	srli	a2,a2,0x10
    2730:	4322                	lw	t1,8(sp)
    2732:	b711                	j	2636 <__divsf3+0x1ea>
    2734:	82ae                	mv	t0,a1
    2736:	83be                	mv	t2,a5
    2738:	4601                	li	a2,0
    273a:	b3dd                	j	2520 <__divsf3+0xd4>
    273c:	833e                	mv	t1,a5
    273e:	bf8d                	j	26b0 <__divsf3+0x264>
    2740:	c032                	sw	a2,0(sp)
    2742:	b72d                	j	266c <__divsf3+0x220>
    2744:	4585                	li	a1,1
    2746:	4781                	li	a5,0
    2748:	b37d                	j	24f6 <__divsf3+0xaa>
    274a:	0012f493          	andi	s1,t0,1
    274e:	0ff00593          	li	a1,255
    2752:	4781                	li	a5,0
    2754:	b34d                	j	24f6 <__divsf3+0xaa>

00002756 <__mulsf3>:
    2756:	1101                	addi	sp,sp,-32
    2758:	cc22                	sw	s0,24(sp)
    275a:	01755413          	srli	s0,a0,0x17
    275e:	ca26                	sw	s1,20(sp)
    2760:	ce06                	sw	ra,28(sp)
    2762:	00951493          	slli	s1,a0,0x9
    2766:	0ff47413          	andi	s0,s0,255
    276a:	80a5                	srli	s1,s1,0x9
    276c:	01f55693          	srli	a3,a0,0x1f
    2770:	cc4d                	beqz	s0,282a <__mulsf3+0xd4>
    2772:	0ff00793          	li	a5,255
    2776:	0cf40c63          	beq	s0,a5,284e <__mulsf3+0xf8>
    277a:	040007b7          	lui	a5,0x4000
    277e:	048e                	slli	s1,s1,0x3
    2780:	8cdd                	or	s1,s1,a5
    2782:	f8140413          	addi	s0,s0,-127
    2786:	4781                	li	a5,0
    2788:	4601                	li	a2,0
    278a:	0175d513          	srli	a0,a1,0x17
    278e:	00959713          	slli	a4,a1,0x9
    2792:	0ff57513          	andi	a0,a0,255
    2796:	8325                	srli	a4,a4,0x9
    2798:	81fd                	srli	a1,a1,0x1f
    279a:	c54d                	beqz	a0,2844 <__mulsf3+0xee>
    279c:	0ff00313          	li	t1,255
    27a0:	02650d63          	beq	a0,t1,27da <__mulsf3+0x84>
    27a4:	070e                	slli	a4,a4,0x3
    27a6:	f8150513          	addi	a0,a0,-127
    27aa:	04000337          	lui	t1,0x4000
    27ae:	00676733          	or	a4,a4,t1
    27b2:	942a                	add	s0,s0,a0
    27b4:	4381                	li	t2,0
    27b6:	00140513          	addi	a0,s0,1
    27ba:	00b6c333          	xor	t1,a3,a1
    27be:	c02a                	sw	a0,0(sp)
    27c0:	453d                	li	a0,15
    27c2:	829a                	mv	t0,t1
    27c4:	10f56263          	bltu	a0,a5,28c8 <__mulsf3+0x172>
    27c8:	00001517          	auipc	a0,0x1
    27cc:	48050513          	addi	a0,a0,1152 # 3c48 <OLED_F8x16+0x478>
    27d0:	078a                	slli	a5,a5,0x2
    27d2:	97aa                	add	a5,a5,a0
    27d4:	439c                	lw	a5,0(a5)
    27d6:	953e                	add	a0,a0,a5
    27d8:	8502                	jr	a0
    27da:	0ff40413          	addi	s0,s0,255
    27de:	eb61                	bnez	a4,28ae <__mulsf3+0x158>
    27e0:	0027e793          	ori	a5,a5,2
    27e4:	4389                	li	t2,2
    27e6:	bfc1                	j	27b6 <__mulsf3+0x60>
    27e8:	4301                	li	t1,0
    27ea:	0ff00713          	li	a4,255
    27ee:	004007b7          	lui	a5,0x400
    27f2:	40f2                	lw	ra,28(sp)
    27f4:	4462                	lw	s0,24(sp)
    27f6:	07a6                	slli	a5,a5,0x9
    27f8:	075e                	slli	a4,a4,0x17
    27fa:	83a5                	srli	a5,a5,0x9
    27fc:	01f31513          	slli	a0,t1,0x1f
    2800:	8fd9                	or	a5,a5,a4
    2802:	44d2                	lw	s1,20(sp)
    2804:	8d5d                	or	a0,a0,a5
    2806:	6105                	addi	sp,sp,32
    2808:	8082                	ret
    280a:	82ae                	mv	t0,a1
    280c:	84ba                	mv	s1,a4
    280e:	861e                	mv	a2,t2
    2810:	4789                	li	a5,2
    2812:	0af60663          	beq	a2,a5,28be <__mulsf3+0x168>
    2816:	478d                	li	a5,3
    2818:	fcf608e3          	beq	a2,a5,27e8 <__mulsf3+0x92>
    281c:	4785                	li	a5,1
    281e:	8316                	mv	t1,t0
    2820:	1af61e63          	bne	a2,a5,29dc <__mulsf3+0x286>
    2824:	4701                	li	a4,0
    2826:	4781                	li	a5,0
    2828:	b7e9                	j	27f2 <__mulsf3+0x9c>
    282a:	e0b5                	bnez	s1,288e <__mulsf3+0x138>
    282c:	0175d513          	srli	a0,a1,0x17
    2830:	00959713          	slli	a4,a1,0x9
    2834:	0ff57513          	andi	a0,a0,255
    2838:	4791                	li	a5,4
    283a:	4401                	li	s0,0
    283c:	4605                	li	a2,1
    283e:	8325                	srli	a4,a4,0x9
    2840:	81fd                	srli	a1,a1,0x1f
    2842:	fd29                	bnez	a0,279c <__mulsf3+0x46>
    2844:	eb19                	bnez	a4,285a <__mulsf3+0x104>
    2846:	0017e793          	ori	a5,a5,1
    284a:	4385                	li	t2,1
    284c:	b7ad                	j	27b6 <__mulsf3+0x60>
    284e:	e89d                	bnez	s1,2884 <__mulsf3+0x12e>
    2850:	47a1                	li	a5,8
    2852:	0ff00413          	li	s0,255
    2856:	4609                	li	a2,2
    2858:	bf0d                	j	278a <__mulsf3+0x34>
    285a:	853a                	mv	a0,a4
    285c:	c832                	sw	a2,16(sp)
    285e:	c63e                	sw	a5,12(sp)
    2860:	c42e                	sw	a1,8(sp)
    2862:	c236                	sw	a3,4(sp)
    2864:	c03a                	sw	a4,0(sp)
    2866:	26e9                	jal	2c30 <__clzsi2>
    2868:	4702                	lw	a4,0(sp)
    286a:	ffb50313          	addi	t1,a0,-5
    286e:	8c09                	sub	s0,s0,a0
    2870:	00671733          	sll	a4,a4,t1
    2874:	f8a40413          	addi	s0,s0,-118
    2878:	4381                	li	t2,0
    287a:	4692                	lw	a3,4(sp)
    287c:	45a2                	lw	a1,8(sp)
    287e:	47b2                	lw	a5,12(sp)
    2880:	4642                	lw	a2,16(sp)
    2882:	bf15                	j	27b6 <__mulsf3+0x60>
    2884:	47b1                	li	a5,12
    2886:	0ff00413          	li	s0,255
    288a:	460d                	li	a2,3
    288c:	bdfd                	j	278a <__mulsf3+0x34>
    288e:	8526                	mv	a0,s1
    2890:	c22e                	sw	a1,4(sp)
    2892:	c036                	sw	a3,0(sp)
    2894:	2e71                	jal	2c30 <__clzsi2>
    2896:	ffb50793          	addi	a5,a0,-5
    289a:	f8a00413          	li	s0,-118
    289e:	00f494b3          	sll	s1,s1,a5
    28a2:	8c09                	sub	s0,s0,a0
    28a4:	4781                	li	a5,0
    28a6:	4601                	li	a2,0
    28a8:	4682                	lw	a3,0(sp)
    28aa:	4592                	lw	a1,4(sp)
    28ac:	bdf9                	j	278a <__mulsf3+0x34>
    28ae:	0037e793          	ori	a5,a5,3
    28b2:	438d                	li	t2,3
    28b4:	b709                	j	27b6 <__mulsf3+0x60>
    28b6:	4789                	li	a5,2
    28b8:	82b6                	mv	t0,a3
    28ba:	f4f61ee3          	bne	a2,a5,2816 <__mulsf3+0xc0>
    28be:	8316                	mv	t1,t0
    28c0:	0ff00713          	li	a4,255
    28c4:	4781                	li	a5,0
    28c6:	b735                	j	27f2 <__mulsf3+0x9c>
    28c8:	67c1                	lui	a5,0x10
    28ca:	17fd                	addi	a5,a5,-1
    28cc:	00f4f3b3          	and	t2,s1,a5
    28d0:	8ff9                	and	a5,a5,a4
    28d2:	80c1                	srli	s1,s1,0x10
    28d4:	8341                	srli	a4,a4,0x10
    28d6:	851e                	mv	a0,t2
    28d8:	85be                	mv	a1,a5
    28da:	fdafd0ef          	jal	ra,b4 <__mulsi3>
    28de:	82aa                	mv	t0,a0
    28e0:	85ba                	mv	a1,a4
    28e2:	851e                	mv	a0,t2
    28e4:	fd0fd0ef          	jal	ra,b4 <__mulsi3>
    28e8:	83aa                	mv	t2,a0
    28ea:	85be                	mv	a1,a5
    28ec:	8526                	mv	a0,s1
    28ee:	fc6fd0ef          	jal	ra,b4 <__mulsi3>
    28f2:	87aa                	mv	a5,a0
    28f4:	85ba                	mv	a1,a4
    28f6:	8526                	mv	a0,s1
    28f8:	fbcfd0ef          	jal	ra,b4 <__mulsi3>
    28fc:	0102d713          	srli	a4,t0,0x10
    2900:	93be                	add	t2,t2,a5
    2902:	93ba                	add	t2,t2,a4
    2904:	00f3f463          	bgeu	t2,a5,290c <__mulsf3+0x1b6>
    2908:	67c1                	lui	a5,0x10
    290a:	953e                	add	a0,a0,a5
    290c:	67c1                	lui	a5,0x10
    290e:	17fd                	addi	a5,a5,-1
    2910:	00f3f4b3          	and	s1,t2,a5
    2914:	04c2                	slli	s1,s1,0x10
    2916:	00f2f2b3          	and	t0,t0,a5
    291a:	92a6                	add	t0,t0,s1
    291c:	00629493          	slli	s1,t0,0x6
    2920:	0103d393          	srli	t2,t2,0x10
    2924:	009034b3          	snez	s1,s1
    2928:	01a2d293          	srli	t0,t0,0x1a
    292c:	93aa                	add	t2,t2,a0
    292e:	0054e2b3          	or	t0,s1,t0
    2932:	00639493          	slli	s1,t2,0x6
    2936:	0054e4b3          	or	s1,s1,t0
    293a:	00449793          	slli	a5,s1,0x4
    293e:	0007d763          	bgez	a5,294c <__mulsf3+0x1f6>
    2942:	4402                	lw	s0,0(sp)
    2944:	0014d793          	srli	a5,s1,0x1
    2948:	8885                	andi	s1,s1,1
    294a:	8cdd                	or	s1,s1,a5
    294c:	07f40713          	addi	a4,s0,127
    2950:	02e05f63          	blez	a4,298e <__mulsf3+0x238>
    2954:	0074f793          	andi	a5,s1,7
    2958:	c799                	beqz	a5,2966 <__mulsf3+0x210>
    295a:	00f4f793          	andi	a5,s1,15
    295e:	4691                	li	a3,4
    2960:	00d78363          	beq	a5,a3,2966 <__mulsf3+0x210>
    2964:	0491                	addi	s1,s1,4
    2966:	00449793          	slli	a5,s1,0x4
    296a:	0007d863          	bgez	a5,297a <__mulsf3+0x224>
    296e:	f80007b7          	lui	a5,0xf8000
    2972:	17fd                	addi	a5,a5,-1
    2974:	8cfd                	and	s1,s1,a5
    2976:	08040713          	addi	a4,s0,128
    297a:	0fe00793          	li	a5,254
    297e:	04e7cb63          	blt	a5,a4,29d4 <__mulsf3+0x27e>
    2982:	00649793          	slli	a5,s1,0x6
    2986:	83a5                	srli	a5,a5,0x9
    2988:	0ff77713          	andi	a4,a4,255
    298c:	b59d                	j	27f2 <__mulsf3+0x9c>
    298e:	4785                	li	a5,1
    2990:	40e786b3          	sub	a3,a5,a4
    2994:	c711                	beqz	a4,29a0 <__mulsf3+0x24a>
    2996:	466d                	li	a2,27
    2998:	4701                	li	a4,0
    299a:	4781                	li	a5,0
    299c:	e4d64be3          	blt	a2,a3,27f2 <__mulsf3+0x9c>
    29a0:	09e40413          	addi	s0,s0,158
    29a4:	00849433          	sll	s0,s1,s0
    29a8:	00d4d7b3          	srl	a5,s1,a3
    29ac:	008034b3          	snez	s1,s0
    29b0:	8fc5                	or	a5,a5,s1
    29b2:	0077f713          	andi	a4,a5,7
    29b6:	c719                	beqz	a4,29c4 <__mulsf3+0x26e>
    29b8:	00f7f713          	andi	a4,a5,15
    29bc:	4691                	li	a3,4
    29be:	00d70363          	beq	a4,a3,29c4 <__mulsf3+0x26e>
    29c2:	0791                	addi	a5,a5,4
    29c4:	00579713          	slli	a4,a5,0x5
    29c8:	00074c63          	bltz	a4,29e0 <__mulsf3+0x28a>
    29cc:	079a                	slli	a5,a5,0x6
    29ce:	83a5                	srli	a5,a5,0x9
    29d0:	4701                	li	a4,0
    29d2:	b505                	j	27f2 <__mulsf3+0x9c>
    29d4:	0ff00713          	li	a4,255
    29d8:	4781                	li	a5,0
    29da:	bd21                	j	27f2 <__mulsf3+0x9c>
    29dc:	4402                	lw	s0,0(sp)
    29de:	b7bd                	j	294c <__mulsf3+0x1f6>
    29e0:	4705                	li	a4,1
    29e2:	4781                	li	a5,0
    29e4:	b539                	j	27f2 <__mulsf3+0x9c>

000029e6 <__fixsfsi>:
    29e6:	00800637          	lui	a2,0x800
    29ea:	01755793          	srli	a5,a0,0x17
    29ee:	fff60713          	addi	a4,a2,-1 # 7fffff <_data_lma+0x7fc23b>
    29f2:	0ff7f793          	andi	a5,a5,255
    29f6:	07e00593          	li	a1,126
    29fa:	8f69                	and	a4,a4,a0
    29fc:	01f55693          	srli	a3,a0,0x1f
    2a00:	00f5fc63          	bgeu	a1,a5,2a18 <__fixsfsi+0x32>
    2a04:	09d00593          	li	a1,157
    2a08:	00f5fa63          	bgeu	a1,a5,2a1c <__fixsfsi+0x36>
    2a0c:	80000537          	lui	a0,0x80000
    2a10:	fff54513          	not	a0,a0
    2a14:	9536                	add	a0,a0,a3
    2a16:	8082                	ret
    2a18:	4501                	li	a0,0
    2a1a:	8082                	ret
    2a1c:	09500593          	li	a1,149
    2a20:	8f51                	or	a4,a4,a2
    2a22:	00f5cd63          	blt	a1,a5,2a3c <__fixsfsi+0x56>
    2a26:	09600613          	li	a2,150
    2a2a:	40f607b3          	sub	a5,a2,a5
    2a2e:	00f757b3          	srl	a5,a4,a5
    2a32:	40f00533          	neg	a0,a5
    2a36:	f2f5                	bnez	a3,2a1a <__fixsfsi+0x34>
    2a38:	853e                	mv	a0,a5
    2a3a:	8082                	ret
    2a3c:	f6a78793          	addi	a5,a5,-150 # f7ffff6a <__global_pointer$+0xd7fff6a2>
    2a40:	00f717b3          	sll	a5,a4,a5
    2a44:	b7fd                	j	2a32 <__fixsfsi+0x4c>

00002a46 <__fixunssfsi>:
    2a46:	01755713          	srli	a4,a0,0x17
    2a4a:	00800637          	lui	a2,0x800
    2a4e:	fff60793          	addi	a5,a2,-1 # 7fffff <_data_lma+0x7fc23b>
    2a52:	0ff77713          	andi	a4,a4,255
    2a56:	07e00593          	li	a1,126
    2a5a:	00a7f6b3          	and	a3,a5,a0
    2a5e:	01f55793          	srli	a5,a0,0x1f
    2a62:	4501                	li	a0,0
    2a64:	00e5f463          	bgeu	a1,a4,2a6c <__fixunssfsi+0x26>
    2a68:	c399                	beqz	a5,2a6e <__fixunssfsi+0x28>
    2a6a:	8082                	ret
    2a6c:	8082                	ret
    2a6e:	09e00793          	li	a5,158
    2a72:	557d                	li	a0,-1
    2a74:	fee7ebe3          	bltu	a5,a4,2a6a <__fixunssfsi+0x24>
    2a78:	09500593          	li	a1,149
    2a7c:	00c6e7b3          	or	a5,a3,a2
    2a80:	00e5d763          	bge	a1,a4,2a8e <__fixunssfsi+0x48>
    2a84:	f6a70713          	addi	a4,a4,-150 # 3ffff6a <_data_lma+0x3ffc1a6>
    2a88:	00e79533          	sll	a0,a5,a4
    2a8c:	8082                	ret
    2a8e:	09600513          	li	a0,150
    2a92:	40e50733          	sub	a4,a0,a4
    2a96:	00e7d533          	srl	a0,a5,a4
    2a9a:	8082                	ret

00002a9c <__floatsisf>:
    2a9c:	1151                	addi	sp,sp,-12
    2a9e:	c406                	sw	ra,8(sp)
    2aa0:	c222                	sw	s0,4(sp)
    2aa2:	c026                	sw	s1,0(sp)
    2aa4:	cd0d                	beqz	a0,2ade <__floatsisf+0x42>
    2aa6:	41f55793          	srai	a5,a0,0x1f
    2aaa:	00a7c433          	xor	s0,a5,a0
    2aae:	8c1d                	sub	s0,s0,a5
    2ab0:	84aa                	mv	s1,a0
    2ab2:	8522                	mv	a0,s0
    2ab4:	2ab5                	jal	2c30 <__clzsi2>
    2ab6:	09e00793          	li	a5,158
    2aba:	40a78733          	sub	a4,a5,a0
    2abe:	09600793          	li	a5,150
    2ac2:	80fd                	srli	s1,s1,0x1f
    2ac4:	02e7cc63          	blt	a5,a4,2afc <__floatsisf+0x60>
    2ac8:	46a1                	li	a3,8
    2aca:	0ff77793          	andi	a5,a4,255
    2ace:	00a6d563          	bge	a3,a0,2ad8 <__floatsisf+0x3c>
    2ad2:	1561                	addi	a0,a0,-8
    2ad4:	00a41433          	sll	s0,s0,a0
    2ad8:	0426                	slli	s0,s0,0x9
    2ada:	8025                	srli	s0,s0,0x9
    2adc:	a021                	j	2ae4 <__floatsisf+0x48>
    2ade:	4481                	li	s1,0
    2ae0:	4781                	li	a5,0
    2ae2:	4401                	li	s0,0
    2ae4:	0426                	slli	s0,s0,0x9
    2ae6:	00945513          	srli	a0,s0,0x9
    2aea:	40a2                	lw	ra,8(sp)
    2aec:	4412                	lw	s0,4(sp)
    2aee:	07de                	slli	a5,a5,0x17
    2af0:	04fe                	slli	s1,s1,0x1f
    2af2:	8d5d                	or	a0,a0,a5
    2af4:	8d45                	or	a0,a0,s1
    2af6:	4482                	lw	s1,0(sp)
    2af8:	0131                	addi	sp,sp,12
    2afa:	8082                	ret
    2afc:	09900793          	li	a5,153
    2b00:	00e7dd63          	bge	a5,a4,2b1a <__floatsisf+0x7e>
    2b04:	01b50793          	addi	a5,a0,27 # 8000001b <__global_pointer$+0x5ffff753>
    2b08:	4695                	li	a3,5
    2b0a:	00f417b3          	sll	a5,s0,a5
    2b0e:	8e89                	sub	a3,a3,a0
    2b10:	00d456b3          	srl	a3,s0,a3
    2b14:	00f03433          	snez	s0,a5
    2b18:	8c55                	or	s0,s0,a3
    2b1a:	4795                	li	a5,5
    2b1c:	00a7d663          	bge	a5,a0,2b28 <__floatsisf+0x8c>
    2b20:	ffb50793          	addi	a5,a0,-5
    2b24:	00f41433          	sll	s0,s0,a5
    2b28:	fc0006b7          	lui	a3,0xfc000
    2b2c:	16fd                	addi	a3,a3,-1
    2b2e:	00747793          	andi	a5,s0,7
    2b32:	00d47633          	and	a2,s0,a3
    2b36:	c385                	beqz	a5,2b56 <__floatsisf+0xba>
    2b38:	00f47793          	andi	a5,s0,15
    2b3c:	4591                	li	a1,4
    2b3e:	00b78c63          	beq	a5,a1,2b56 <__floatsisf+0xba>
    2b42:	0611                	addi	a2,a2,4
    2b44:	00561793          	slli	a5,a2,0x5
    2b48:	0007d763          	bgez	a5,2b56 <__floatsisf+0xba>
    2b4c:	09f00793          	li	a5,159
    2b50:	8e75                	and	a2,a2,a3
    2b52:	40a78733          	sub	a4,a5,a0
    2b56:	00661413          	slli	s0,a2,0x6
    2b5a:	8025                	srli	s0,s0,0x9
    2b5c:	0ff77793          	andi	a5,a4,255
    2b60:	b751                	j	2ae4 <__floatsisf+0x48>

00002b62 <__floatunsisf>:
    2b62:	1151                	addi	sp,sp,-12
    2b64:	c406                	sw	ra,8(sp)
    2b66:	c222                	sw	s0,4(sp)
    2b68:	cd15                	beqz	a0,2ba4 <__floatunsisf+0x42>
    2b6a:	842a                	mv	s0,a0
    2b6c:	20d1                	jal	2c30 <__clzsi2>
    2b6e:	09e00793          	li	a5,158
    2b72:	40a78733          	sub	a4,a5,a0
    2b76:	09600793          	li	a5,150
    2b7a:	04e7c063          	blt	a5,a4,2bba <__floatunsisf+0x58>
    2b7e:	46a1                	li	a3,8
    2b80:	0ff77793          	andi	a5,a4,255
    2b84:	00a6d563          	bge	a3,a0,2b8e <__floatunsisf+0x2c>
    2b88:	1561                	addi	a0,a0,-8
    2b8a:	00a41433          	sll	s0,s0,a0
    2b8e:	0426                	slli	s0,s0,0x9
    2b90:	8025                	srli	s0,s0,0x9
    2b92:	0426                	slli	s0,s0,0x9
    2b94:	00945513          	srli	a0,s0,0x9
    2b98:	40a2                	lw	ra,8(sp)
    2b9a:	4412                	lw	s0,4(sp)
    2b9c:	07de                	slli	a5,a5,0x17
    2b9e:	8d5d                	or	a0,a0,a5
    2ba0:	0131                	addi	sp,sp,12
    2ba2:	8082                	ret
    2ba4:	4401                	li	s0,0
    2ba6:	0426                	slli	s0,s0,0x9
    2ba8:	00945513          	srli	a0,s0,0x9
    2bac:	40a2                	lw	ra,8(sp)
    2bae:	4412                	lw	s0,4(sp)
    2bb0:	4781                	li	a5,0
    2bb2:	07de                	slli	a5,a5,0x17
    2bb4:	8d5d                	or	a0,a0,a5
    2bb6:	0131                	addi	sp,sp,12
    2bb8:	8082                	ret
    2bba:	09900793          	li	a5,153
    2bbe:	00e7dd63          	bge	a5,a4,2bd8 <__floatunsisf+0x76>
    2bc2:	01b50693          	addi	a3,a0,27
    2bc6:	4795                	li	a5,5
    2bc8:	00d416b3          	sll	a3,s0,a3
    2bcc:	8f89                	sub	a5,a5,a0
    2bce:	00d036b3          	snez	a3,a3
    2bd2:	00f45433          	srl	s0,s0,a5
    2bd6:	8c55                	or	s0,s0,a3
    2bd8:	4795                	li	a5,5
    2bda:	00a7d663          	bge	a5,a0,2be6 <__floatunsisf+0x84>
    2bde:	ffb50793          	addi	a5,a0,-5
    2be2:	00f41433          	sll	s0,s0,a5
    2be6:	fc0006b7          	lui	a3,0xfc000
    2bea:	16fd                	addi	a3,a3,-1
    2bec:	00747793          	andi	a5,s0,7
    2bf0:	00d47633          	and	a2,s0,a3
    2bf4:	c385                	beqz	a5,2c14 <__floatunsisf+0xb2>
    2bf6:	00f47793          	andi	a5,s0,15
    2bfa:	4591                	li	a1,4
    2bfc:	00b78c63          	beq	a5,a1,2c14 <__floatunsisf+0xb2>
    2c00:	0611                	addi	a2,a2,4
    2c02:	00561793          	slli	a5,a2,0x5
    2c06:	0007d763          	bgez	a5,2c14 <__floatunsisf+0xb2>
    2c0a:	09f00793          	li	a5,159
    2c0e:	8e75                	and	a2,a2,a3
    2c10:	40a78733          	sub	a4,a5,a0
    2c14:	00661413          	slli	s0,a2,0x6
    2c18:	8025                	srli	s0,s0,0x9
    2c1a:	0426                	slli	s0,s0,0x9
    2c1c:	00945513          	srli	a0,s0,0x9
    2c20:	40a2                	lw	ra,8(sp)
    2c22:	4412                	lw	s0,4(sp)
    2c24:	0ff77793          	andi	a5,a4,255
    2c28:	07de                	slli	a5,a5,0x17
    2c2a:	8d5d                	or	a0,a0,a5
    2c2c:	0131                	addi	sp,sp,12
    2c2e:	8082                	ret

00002c30 <__clzsi2>:
    2c30:	67c1                	lui	a5,0x10
    2c32:	02f57c63          	bgeu	a0,a5,2c6a <__clzsi2+0x3a>
    2c36:	0ff00793          	li	a5,255
    2c3a:	02000713          	li	a4,32
    2c3e:	00a7eb63          	bltu	a5,a0,2c54 <__clzsi2+0x24>
    2c42:	00001797          	auipc	a5,0x1
    2c46:	04678793          	addi	a5,a5,70 # 3c88 <__clz_tab>
    2c4a:	97aa                	add	a5,a5,a0
    2c4c:	2388                	lbu	a0,0(a5)
    2c4e:	40a70533          	sub	a0,a4,a0
    2c52:	8082                	ret
    2c54:	8121                	srli	a0,a0,0x8
    2c56:	00001797          	auipc	a5,0x1
    2c5a:	03278793          	addi	a5,a5,50 # 3c88 <__clz_tab>
    2c5e:	97aa                	add	a5,a5,a0
    2c60:	2388                	lbu	a0,0(a5)
    2c62:	4761                	li	a4,24
    2c64:	40a70533          	sub	a0,a4,a0
    2c68:	8082                	ret
    2c6a:	010007b7          	lui	a5,0x1000
    2c6e:	00f56d63          	bltu	a0,a5,2c88 <__clzsi2+0x58>
    2c72:	8161                	srli	a0,a0,0x18
    2c74:	00001797          	auipc	a5,0x1
    2c78:	01478793          	addi	a5,a5,20 # 3c88 <__clz_tab>
    2c7c:	97aa                	add	a5,a5,a0
    2c7e:	2388                	lbu	a0,0(a5)
    2c80:	4721                	li	a4,8
    2c82:	40a70533          	sub	a0,a4,a0
    2c86:	8082                	ret
    2c88:	8141                	srli	a0,a0,0x10
    2c8a:	00001797          	auipc	a5,0x1
    2c8e:	ffe78793          	addi	a5,a5,-2 # 3c88 <__clz_tab>
    2c92:	97aa                	add	a5,a5,a0
    2c94:	2388                	lbu	a0,0(a5)
    2c96:	4741                	li	a4,16
    2c98:	40a70533          	sub	a0,a4,a0
    2c9c:	8082                	ret

00002c9e <_vsiprintf_r>:
    2c9e:	800007b7          	lui	a5,0x80000
    2ca2:	f8c10113          	addi	sp,sp,-116
    2ca6:	fff7c793          	not	a5,a5
    2caa:	ca3e                	sw	a5,20(sp)
    2cac:	c43e                	sw	a5,8(sp)
    2cae:	77c1                	lui	a5,0xffff0
    2cb0:	c02e                	sw	a1,0(sp)
    2cb2:	c82e                	sw	a1,16(sp)
    2cb4:	20878793          	addi	a5,a5,520 # ffff0208 <__global_pointer$+0xdffef940>
    2cb8:	858a                	mv	a1,sp
    2cba:	d886                	sw	ra,112(sp)
    2cbc:	c63e                	sw	a5,12(sp)
    2cbe:	2231                	jal	2dca <_svfiprintf_r>
    2cc0:	4782                	lw	a5,0(sp)
    2cc2:	00078023          	sb	zero,0(a5)
    2cc6:	50c6                	lw	ra,112(sp)
    2cc8:	07410113          	addi	sp,sp,116
    2ccc:	8082                	ret

00002cce <vsiprintf>:
    2cce:	1fffd797          	auipc	a5,0x1fffd
    2cd2:	3fa78793          	addi	a5,a5,1018 # 200000c8 <_impure_ptr>
    2cd6:	86b2                	mv	a3,a2
    2cd8:	862e                	mv	a2,a1
    2cda:	85aa                	mv	a1,a0
    2cdc:	4388                	lw	a0,0(a5)
    2cde:	b7c1                	j	2c9e <_vsiprintf_r>

00002ce0 <__ssputs_r>:
    2ce0:	0085a303          	lw	t1,8(a1)
    2ce4:	1111                	addi	sp,sp,-28
    2ce6:	c826                	sw	s1,16(sp)
    2ce8:	cc06                	sw	ra,24(sp)
    2cea:	ca22                	sw	s0,20(sp)
    2cec:	c232                	sw	a2,4(sp)
    2cee:	84ae                	mv	s1,a1
    2cf0:	0866e163          	bltu	a3,t1,2d72 <__ssputs_r+0x92>
    2cf4:	25d2                	lhu	a2,12(a1)
    2cf6:	48067713          	andi	a4,a2,1152
    2cfa:	cb35                	beqz	a4,2d6e <__ssputs_r+0x8e>
    2cfc:	82aa                	mv	t0,a0
    2cfe:	48c8                	lw	a0,20(s1)
    2d00:	4080                	lw	s0,0(s1)
    2d02:	498c                	lw	a1,16(a1)
    2d04:	00151713          	slli	a4,a0,0x1
    2d08:	972a                	add	a4,a4,a0
    2d0a:	01f75513          	srli	a0,a4,0x1f
    2d0e:	40b407b3          	sub	a5,s0,a1
    2d12:	972a                	add	a4,a4,a0
    2d14:	00168513          	addi	a0,a3,1 # fc000001 <__global_pointer$+0xdbfff739>
    2d18:	c03e                	sw	a5,0(sp)
    2d1a:	40175413          	srai	s0,a4,0x1
    2d1e:	953e                	add	a0,a0,a5
    2d20:	00a47363          	bgeu	s0,a0,2d26 <__ssputs_r+0x46>
    2d24:	842a                	mv	s0,a0
    2d26:	40067613          	andi	a2,a2,1024
    2d2a:	c636                	sw	a3,12(sp)
    2d2c:	c625                	beqz	a2,2d94 <__ssputs_r+0xb4>
    2d2e:	8516                	mv	a0,t0
    2d30:	85a2                	mv	a1,s0
    2d32:	c416                	sw	t0,8(sp)
    2d34:	0c9000ef          	jal	ra,35fc <_malloc_r>
    2d38:	42a2                	lw	t0,8(sp)
    2d3a:	46b2                	lw	a3,12(sp)
    2d3c:	4731                	li	a4,12
    2d3e:	c935                	beqz	a0,2db2 <__ssputs_r+0xd2>
    2d40:	4602                	lw	a2,0(sp)
    2d42:	488c                	lw	a1,16(s1)
    2d44:	c636                	sw	a3,12(sp)
    2d46:	c42a                	sw	a0,8(sp)
    2d48:	2dc5                	jal	3438 <memcpy>
    2d4a:	24d2                	lhu	a2,12(s1)
    2d4c:	4322                	lw	t1,8(sp)
    2d4e:	46b2                	lw	a3,12(sp)
    2d50:	b7f67613          	andi	a2,a2,-1153
    2d54:	08066613          	ori	a2,a2,128
    2d58:	a4d2                	sh	a2,12(s1)
    2d5a:	4782                	lw	a5,0(sp)
    2d5c:	0064a823          	sw	t1,16(s1)
    2d60:	c8c0                	sw	s0,20(s1)
    2d62:	933e                	add	t1,t1,a5
    2d64:	8c1d                	sub	s0,s0,a5
    2d66:	0064a023          	sw	t1,0(s1)
    2d6a:	c480                	sw	s0,8(s1)
    2d6c:	8336                	mv	t1,a3
    2d6e:	0066f363          	bgeu	a3,t1,2d74 <__ssputs_r+0x94>
    2d72:	8336                	mv	t1,a3
    2d74:	4592                	lw	a1,4(sp)
    2d76:	4088                	lw	a0,0(s1)
    2d78:	861a                	mv	a2,t1
    2d7a:	c01a                	sw	t1,0(sp)
    2d7c:	2779                	jal	350a <memmove>
    2d7e:	4498                	lw	a4,8(s1)
    2d80:	4302                	lw	t1,0(sp)
    2d82:	4501                	li	a0,0
    2d84:	40670733          	sub	a4,a4,t1
    2d88:	c498                	sw	a4,8(s1)
    2d8a:	4098                	lw	a4,0(s1)
    2d8c:	933a                	add	t1,t1,a4
    2d8e:	0064a023          	sw	t1,0(s1)
    2d92:	a03d                	j	2dc0 <__ssputs_r+0xe0>
    2d94:	8516                	mv	a0,t0
    2d96:	8622                	mv	a2,s0
    2d98:	c416                	sw	t0,8(sp)
    2d9a:	137000ef          	jal	ra,36d0 <_realloc_r>
    2d9e:	832a                	mv	t1,a0
    2da0:	42a2                	lw	t0,8(sp)
    2da2:	46b2                	lw	a3,12(sp)
    2da4:	f95d                	bnez	a0,2d5a <__ssputs_r+0x7a>
    2da6:	488c                	lw	a1,16(s1)
    2da8:	8516                	mv	a0,t0
    2daa:	c016                	sw	t0,0(sp)
    2dac:	2755                	jal	3550 <_free_r>
    2dae:	4282                	lw	t0,0(sp)
    2db0:	4731                	li	a4,12
    2db2:	00e2a023          	sw	a4,0(t0)
    2db6:	24da                	lhu	a4,12(s1)
    2db8:	557d                	li	a0,-1
    2dba:	04076713          	ori	a4,a4,64
    2dbe:	a4da                	sh	a4,12(s1)
    2dc0:	40e2                	lw	ra,24(sp)
    2dc2:	4452                	lw	s0,20(sp)
    2dc4:	44c2                	lw	s1,16(sp)
    2dc6:	0171                	addi	sp,sp,28
    2dc8:	8082                	ret

00002dca <_svfiprintf_r>:
    2dca:	25da                	lhu	a4,12(a1)
    2dcc:	f7810113          	addi	sp,sp,-136
    2dd0:	c122                	sw	s0,128(sp)
    2dd2:	dea6                	sw	s1,124(sp)
    2dd4:	01f10793          	addi	a5,sp,31
    2dd8:	c306                	sw	ra,132(sp)
    2dda:	c22a                	sw	a0,4(sp)
    2ddc:	c02e                	sw	a1,0(sp)
    2dde:	08077713          	andi	a4,a4,128
    2de2:	84b2                	mv	s1,a2
    2de4:	ff87f413          	andi	s0,a5,-8
    2de8:	cb1d                	beqz	a4,2e1e <_svfiprintf_r+0x54>
    2dea:	4998                	lw	a4,16(a1)
    2dec:	eb0d                	bnez	a4,2e1e <_svfiprintf_r+0x54>
    2dee:	04000593          	li	a1,64
    2df2:	c636                	sw	a3,12(sp)
    2df4:	009000ef          	jal	ra,35fc <_malloc_r>
    2df8:	4782                	lw	a5,0(sp)
    2dfa:	46b2                	lw	a3,12(sp)
    2dfc:	c388                	sw	a0,0(a5)
    2dfe:	cb88                	sw	a0,16(a5)
    2e00:	e919                	bnez	a0,2e16 <_svfiprintf_r+0x4c>
    2e02:	4712                	lw	a4,4(sp)
    2e04:	47b1                	li	a5,12
    2e06:	557d                	li	a0,-1
    2e08:	c31c                	sw	a5,0(a4)
    2e0a:	409a                	lw	ra,132(sp)
    2e0c:	440a                	lw	s0,128(sp)
    2e0e:	54f6                	lw	s1,124(sp)
    2e10:	08810113          	addi	sp,sp,136
    2e14:	8082                	ret
    2e16:	4782                	lw	a5,0(sp)
    2e18:	04000713          	li	a4,64
    2e1c:	cbd8                	sw	a4,20(a5)
    2e1e:	02000713          	li	a4,32
    2e22:	bc18                	sb	a4,25(s0)
    2e24:	03000713          	li	a4,48
    2e28:	00042a23          	sw	zero,20(s0)
    2e2c:	ac38                	sb	a4,26(s0)
    2e2e:	ca36                	sw	a3,20(sp)
    2e30:	8726                	mv	a4,s1
    2e32:	02500613          	li	a2,37
    2e36:	2314                	lbu	a3,0(a4)
    2e38:	c299                	beqz	a3,2e3e <_svfiprintf_r+0x74>
    2e3a:	0ac69363          	bne	a3,a2,2ee0 <_svfiprintf_r+0x116>
    2e3e:	40970333          	sub	t1,a4,s1
    2e42:	02030263          	beqz	t1,2e66 <_svfiprintf_r+0x9c>
    2e46:	4582                	lw	a1,0(sp)
    2e48:	4512                	lw	a0,4(sp)
    2e4a:	869a                	mv	a3,t1
    2e4c:	8626                	mv	a2,s1
    2e4e:	c83a                	sw	a4,16(sp)
    2e50:	c61a                	sw	t1,12(sp)
    2e52:	e8fff0ef          	jal	ra,2ce0 <__ssputs_r>
    2e56:	56fd                	li	a3,-1
    2e58:	1ad50e63          	beq	a0,a3,3014 <_svfiprintf_r+0x24a>
    2e5c:	4854                	lw	a3,20(s0)
    2e5e:	4332                	lw	t1,12(sp)
    2e60:	4742                	lw	a4,16(sp)
    2e62:	969a                	add	a3,a3,t1
    2e64:	c854                	sw	a3,20(s0)
    2e66:	2314                	lbu	a3,0(a4)
    2e68:	1a068663          	beqz	a3,3014 <_svfiprintf_r+0x24a>
    2e6c:	00170493          	addi	s1,a4,1
    2e70:	577d                	li	a4,-1
    2e72:	00042023          	sw	zero,0(s0)
    2e76:	00042623          	sw	zero,12(s0)
    2e7a:	c058                	sw	a4,4(s0)
    2e7c:	00042423          	sw	zero,8(s0)
    2e80:	040401a3          	sb	zero,67(s0)
    2e84:	04042c23          	sw	zero,88(s0)
    2e88:	208c                	lbu	a1,0(s1)
    2e8a:	4615                	li	a2,5
    2e8c:	00001517          	auipc	a0,0x1
    2e90:	efc50513          	addi	a0,a0,-260 # 3d88 <__clz_tab+0x100>
    2e94:	2371                	jal	3420 <memchr>
    2e96:	00148713          	addi	a4,s1,1
    2e9a:	4014                	lw	a3,0(s0)
    2e9c:	e521                	bnez	a0,2ee4 <_svfiprintf_r+0x11a>
    2e9e:	0106f613          	andi	a2,a3,16
    2ea2:	c609                	beqz	a2,2eac <_svfiprintf_r+0xe2>
    2ea4:	02000613          	li	a2,32
    2ea8:	04c401a3          	sb	a2,67(s0)
    2eac:	0086f613          	andi	a2,a3,8
    2eb0:	c609                	beqz	a2,2eba <_svfiprintf_r+0xf0>
    2eb2:	02b00613          	li	a2,43
    2eb6:	04c401a3          	sb	a2,67(s0)
    2eba:	208c                	lbu	a1,0(s1)
    2ebc:	02a00613          	li	a2,42
    2ec0:	02c58f63          	beq	a1,a2,2efe <_svfiprintf_r+0x134>
    2ec4:	4454                	lw	a3,12(s0)
    2ec6:	8726                	mv	a4,s1
    2ec8:	4581                	li	a1,0
    2eca:	4525                	li	a0,9
    2ecc:	2310                	lbu	a2,0(a4)
    2ece:	00170313          	addi	t1,a4,1
    2ed2:	fd060613          	addi	a2,a2,-48
    2ed6:	06c57763          	bgeu	a0,a2,2f44 <_svfiprintf_r+0x17a>
    2eda:	c995                	beqz	a1,2f0e <_svfiprintf_r+0x144>
    2edc:	c454                	sw	a3,12(s0)
    2ede:	a805                	j	2f0e <_svfiprintf_r+0x144>
    2ee0:	0705                	addi	a4,a4,1
    2ee2:	bf91                	j	2e36 <_svfiprintf_r+0x6c>
    2ee4:	00001617          	auipc	a2,0x1
    2ee8:	ea460613          	addi	a2,a2,-348 # 3d88 <__clz_tab+0x100>
    2eec:	40c50633          	sub	a2,a0,a2
    2ef0:	4505                	li	a0,1
    2ef2:	00c51533          	sll	a0,a0,a2
    2ef6:	8ec9                	or	a3,a3,a0
    2ef8:	c014                	sw	a3,0(s0)
    2efa:	84ba                	mv	s1,a4
    2efc:	b771                	j	2e88 <_svfiprintf_r+0xbe>
    2efe:	4652                	lw	a2,20(sp)
    2f00:	00460593          	addi	a1,a2,4
    2f04:	4210                	lw	a2,0(a2)
    2f06:	ca2e                	sw	a1,20(sp)
    2f08:	02064763          	bltz	a2,2f36 <_svfiprintf_r+0x16c>
    2f0c:	c450                	sw	a2,12(s0)
    2f0e:	2310                	lbu	a2,0(a4)
    2f10:	02e00693          	li	a3,46
    2f14:	06d61163          	bne	a2,a3,2f76 <_svfiprintf_r+0x1ac>
    2f18:	3310                	lbu	a2,1(a4)
    2f1a:	02a00693          	li	a3,42
    2f1e:	02d61e63          	bne	a2,a3,2f5a <_svfiprintf_r+0x190>
    2f22:	46d2                	lw	a3,20(sp)
    2f24:	0709                	addi	a4,a4,2
    2f26:	00468613          	addi	a2,a3,4
    2f2a:	4294                	lw	a3,0(a3)
    2f2c:	ca32                	sw	a2,20(sp)
    2f2e:	0206c463          	bltz	a3,2f56 <_svfiprintf_r+0x18c>
    2f32:	c054                	sw	a3,4(s0)
    2f34:	a089                	j	2f76 <_svfiprintf_r+0x1ac>
    2f36:	40c00633          	neg	a2,a2
    2f3a:	0026e693          	ori	a3,a3,2
    2f3e:	c450                	sw	a2,12(s0)
    2f40:	c014                	sw	a3,0(s0)
    2f42:	b7f1                	j	2f0e <_svfiprintf_r+0x144>
    2f44:	00269713          	slli	a4,a3,0x2
    2f48:	9736                	add	a4,a4,a3
    2f4a:	0706                	slli	a4,a4,0x1
    2f4c:	00c706b3          	add	a3,a4,a2
    2f50:	4585                	li	a1,1
    2f52:	871a                	mv	a4,t1
    2f54:	bfa5                	j	2ecc <_svfiprintf_r+0x102>
    2f56:	56fd                	li	a3,-1
    2f58:	bfe9                	j	2f32 <_svfiprintf_r+0x168>
    2f5a:	0705                	addi	a4,a4,1
    2f5c:	00042223          	sw	zero,4(s0)
    2f60:	4581                	li	a1,0
    2f62:	4681                	li	a3,0
    2f64:	4525                	li	a0,9
    2f66:	2310                	lbu	a2,0(a4)
    2f68:	00170313          	addi	t1,a4,1
    2f6c:	fd060613          	addi	a2,a2,-48
    2f70:	06c57663          	bgeu	a0,a2,2fdc <_svfiprintf_r+0x212>
    2f74:	fddd                	bnez	a1,2f32 <_svfiprintf_r+0x168>
    2f76:	230c                	lbu	a1,0(a4)
    2f78:	460d                	li	a2,3
    2f7a:	00001517          	auipc	a0,0x1
    2f7e:	e1650513          	addi	a0,a0,-490 # 3d90 <__clz_tab+0x108>
    2f82:	c63a                	sw	a4,12(sp)
    2f84:	2971                	jal	3420 <memchr>
    2f86:	4732                	lw	a4,12(sp)
    2f88:	cd11                	beqz	a0,2fa4 <_svfiprintf_r+0x1da>
    2f8a:	00001697          	auipc	a3,0x1
    2f8e:	e0668693          	addi	a3,a3,-506 # 3d90 <__clz_tab+0x108>
    2f92:	8d15                	sub	a0,a0,a3
    2f94:	04000693          	li	a3,64
    2f98:	00a696b3          	sll	a3,a3,a0
    2f9c:	4008                	lw	a0,0(s0)
    2f9e:	0705                	addi	a4,a4,1
    2fa0:	8d55                	or	a0,a0,a3
    2fa2:	c008                	sw	a0,0(s0)
    2fa4:	230c                	lbu	a1,0(a4)
    2fa6:	4619                	li	a2,6
    2fa8:	00001517          	auipc	a0,0x1
    2fac:	dec50513          	addi	a0,a0,-532 # 3d94 <__clz_tab+0x10c>
    2fb0:	00170493          	addi	s1,a4,1
    2fb4:	ac0c                	sb	a1,24(s0)
    2fb6:	21ad                	jal	3420 <memchr>
    2fb8:	c53d                	beqz	a0,3026 <_svfiprintf_r+0x25c>
    2fba:	ffffd717          	auipc	a4,0xffffd
    2fbe:	04670713          	addi	a4,a4,70 # 0 <_sinit>
    2fc2:	eb05                	bnez	a4,2ff2 <_svfiprintf_r+0x228>
    2fc4:	4014                	lw	a3,0(s0)
    2fc6:	4752                	lw	a4,20(sp)
    2fc8:	1006f693          	andi	a3,a3,256
    2fcc:	c28d                	beqz	a3,2fee <_svfiprintf_r+0x224>
    2fce:	0711                	addi	a4,a4,4
    2fd0:	ca3a                	sw	a4,20(sp)
    2fd2:	4858                	lw	a4,20(s0)
    2fd4:	47a2                	lw	a5,8(sp)
    2fd6:	973e                	add	a4,a4,a5
    2fd8:	c858                	sw	a4,20(s0)
    2fda:	bd99                	j	2e30 <_svfiprintf_r+0x66>
    2fdc:	00269713          	slli	a4,a3,0x2
    2fe0:	9736                	add	a4,a4,a3
    2fe2:	0706                	slli	a4,a4,0x1
    2fe4:	00c706b3          	add	a3,a4,a2
    2fe8:	4585                	li	a1,1
    2fea:	871a                	mv	a4,t1
    2fec:	bfad                	j	2f66 <_svfiprintf_r+0x19c>
    2fee:	0721                	addi	a4,a4,8
    2ff0:	b7c5                	j	2fd0 <_svfiprintf_r+0x206>
    2ff2:	4602                	lw	a2,0(sp)
    2ff4:	4512                	lw	a0,4(sp)
    2ff6:	0858                	addi	a4,sp,20
    2ff8:	00000697          	auipc	a3,0x0
    2ffc:	ce868693          	addi	a3,a3,-792 # 2ce0 <__ssputs_r>
    3000:	85a2                	mv	a1,s0
    3002:	00000097          	auipc	ra,0x0
    3006:	000000e7          	jalr	zero # 0 <_sinit>
    300a:	c42a                	sw	a0,8(sp)
    300c:	47a2                	lw	a5,8(sp)
    300e:	577d                	li	a4,-1
    3010:	fce791e3          	bne	a5,a4,2fd2 <_svfiprintf_r+0x208>
    3014:	4782                	lw	a5,0(sp)
    3016:	557d                	li	a0,-1
    3018:	27da                	lhu	a4,12(a5)
    301a:	04077713          	andi	a4,a4,64
    301e:	de0716e3          	bnez	a4,2e0a <_svfiprintf_r+0x40>
    3022:	4848                	lw	a0,20(s0)
    3024:	b3dd                	j	2e0a <_svfiprintf_r+0x40>
    3026:	4602                	lw	a2,0(sp)
    3028:	4512                	lw	a0,4(sp)
    302a:	0858                	addi	a4,sp,20
    302c:	00000697          	auipc	a3,0x0
    3030:	cb468693          	addi	a3,a3,-844 # 2ce0 <__ssputs_r>
    3034:	85a2                	mv	a1,s0
    3036:	2a05                	jal	3166 <_printf_i>
    3038:	bfc9                	j	300a <_svfiprintf_r+0x240>

0000303a <_printf_common>:
    303a:	1101                	addi	sp,sp,-32
    303c:	ca26                	sw	s1,20(sp)
    303e:	8332                	mv	t1,a2
    3040:	84b6                	mv	s1,a3
    3042:	4590                	lw	a2,8(a1)
    3044:	4994                	lw	a3,16(a1)
    3046:	cc22                	sw	s0,24(sp)
    3048:	ce06                	sw	ra,28(sp)
    304a:	842a                	mv	s0,a0
    304c:	87ae                	mv	a5,a1
    304e:	00c6d363          	bge	a3,a2,3054 <_printf_common+0x1a>
    3052:	86b2                	mv	a3,a2
    3054:	00d32023          	sw	a3,0(t1) # 4000000 <_data_lma+0x3ffc23c>
    3058:	0437c603          	lbu	a2,67(a5)
    305c:	c601                	beqz	a2,3064 <_printf_common+0x2a>
    305e:	0685                	addi	a3,a3,1
    3060:	00d32023          	sw	a3,0(t1)
    3064:	4394                	lw	a3,0(a5)
    3066:	0206f693          	andi	a3,a3,32
    306a:	c691                	beqz	a3,3076 <_printf_common+0x3c>
    306c:	00032683          	lw	a3,0(t1)
    3070:	0689                	addi	a3,a3,2
    3072:	00d32023          	sw	a3,0(t1)
    3076:	0007a283          	lw	t0,0(a5)
    307a:	01978393          	addi	t2,a5,25
    307e:	0062f293          	andi	t0,t0,6
    3082:	06028363          	beqz	t0,30e8 <_printf_common+0xae>
    3086:	4390                	lw	a2,0(a5)
    3088:	0437c683          	lbu	a3,67(a5)
    308c:	02067613          	andi	a2,a2,32
    3090:	00d036b3          	snez	a3,a3
    3094:	ea41                	bnez	a2,3124 <_printf_common+0xea>
    3096:	04378613          	addi	a2,a5,67
    309a:	85a6                	mv	a1,s1
    309c:	8522                	mv	a0,s0
    309e:	c41a                	sw	t1,8(sp)
    30a0:	c23e                	sw	a5,4(sp)
    30a2:	c03a                	sw	a4,0(sp)
    30a4:	9702                	jalr	a4
    30a6:	56fd                	li	a3,-1
    30a8:	06d50863          	beq	a0,a3,3118 <_printf_common+0xde>
    30ac:	4792                	lw	a5,4(sp)
    30ae:	4322                	lw	t1,8(sp)
    30b0:	4511                	li	a0,4
    30b2:	4394                	lw	a3,0(a5)
    30b4:	00032603          	lw	a2,0(t1)
    30b8:	47cc                	lw	a1,12(a5)
    30ba:	8a99                	andi	a3,a3,6
    30bc:	4301                	li	t1,0
    30be:	4702                	lw	a4,0(sp)
    30c0:	00a69763          	bne	a3,a0,30ce <_printf_common+0x94>
    30c4:	40c58333          	sub	t1,a1,a2
    30c8:	00035363          	bgez	t1,30ce <_printf_common+0x94>
    30cc:	4301                	li	t1,0
    30ce:	4794                	lw	a3,8(a5)
    30d0:	4b90                	lw	a2,16(a5)
    30d2:	00d65463          	bge	a2,a3,30da <_printf_common+0xa0>
    30d6:	8e91                	sub	a3,a3,a2
    30d8:	9336                	add	t1,t1,a3
    30da:	4281                	li	t0,0
    30dc:	07e9                	addi	a5,a5,26
    30de:	06531263          	bne	t1,t0,3142 <_printf_common+0x108>
    30e2:	4501                	li	a0,0
    30e4:	a81d                	j	311a <_printf_common+0xe0>
    30e6:	0285                	addi	t0,t0,1
    30e8:	47d4                	lw	a3,12(a5)
    30ea:	00032603          	lw	a2,0(t1)
    30ee:	8e91                	sub	a3,a3,a2
    30f0:	f8d2dbe3          	bge	t0,a3,3086 <_printf_common+0x4c>
    30f4:	4685                	li	a3,1
    30f6:	861e                	mv	a2,t2
    30f8:	85a6                	mv	a1,s1
    30fa:	8522                	mv	a0,s0
    30fc:	c81a                	sw	t1,16(sp)
    30fe:	c63e                	sw	a5,12(sp)
    3100:	c416                	sw	t0,8(sp)
    3102:	c21e                	sw	t2,4(sp)
    3104:	c03a                	sw	a4,0(sp)
    3106:	9702                	jalr	a4
    3108:	56fd                	li	a3,-1
    310a:	4702                	lw	a4,0(sp)
    310c:	4392                	lw	t2,4(sp)
    310e:	42a2                	lw	t0,8(sp)
    3110:	47b2                	lw	a5,12(sp)
    3112:	4342                	lw	t1,16(sp)
    3114:	fcd519e3          	bne	a0,a3,30e6 <_printf_common+0xac>
    3118:	557d                	li	a0,-1
    311a:	40f2                	lw	ra,28(sp)
    311c:	4462                	lw	s0,24(sp)
    311e:	44d2                	lw	s1,20(sp)
    3120:	6105                	addi	sp,sp,32
    3122:	8082                	ret
    3124:	00d785b3          	add	a1,a5,a3
    3128:	03000513          	li	a0,48
    312c:	04a581a3          	sb	a0,67(a1)
    3130:	0457c583          	lbu	a1,69(a5)
    3134:	00168613          	addi	a2,a3,1
    3138:	963e                	add	a2,a2,a5
    313a:	0689                	addi	a3,a3,2
    313c:	04b601a3          	sb	a1,67(a2)
    3140:	bf99                	j	3096 <_printf_common+0x5c>
    3142:	4685                	li	a3,1
    3144:	863e                	mv	a2,a5
    3146:	85a6                	mv	a1,s1
    3148:	8522                	mv	a0,s0
    314a:	c616                	sw	t0,12(sp)
    314c:	c41a                	sw	t1,8(sp)
    314e:	c23e                	sw	a5,4(sp)
    3150:	c03a                	sw	a4,0(sp)
    3152:	9702                	jalr	a4
    3154:	56fd                	li	a3,-1
    3156:	fcd501e3          	beq	a0,a3,3118 <_printf_common+0xde>
    315a:	42b2                	lw	t0,12(sp)
    315c:	4322                	lw	t1,8(sp)
    315e:	4792                	lw	a5,4(sp)
    3160:	0285                	addi	t0,t0,1
    3162:	4702                	lw	a4,0(sp)
    3164:	bfad                	j	30de <_printf_common+0xa4>

00003166 <_printf_i>:
    3166:	fd410113          	addi	sp,sp,-44
    316a:	d222                	sw	s0,36(sp)
    316c:	d406                	sw	ra,40(sp)
    316e:	d026                	sw	s1,32(sp)
    3170:	c232                	sw	a2,4(sp)
    3172:	2d90                	lbu	a2,24(a1)
    3174:	c436                	sw	a3,8(sp)
    3176:	c02a                	sw	a0,0(sp)
    3178:	06900693          	li	a3,105
    317c:	842e                	mv	s0,a1
    317e:	04358293          	addi	t0,a1,67
    3182:	02d60d63          	beq	a2,a3,31bc <_printf_i+0x56>
    3186:	06c6e263          	bltu	a3,a2,31ea <_printf_i+0x84>
    318a:	05800693          	li	a3,88
    318e:	18d60f63          	beq	a2,a3,332c <_printf_i+0x1c6>
    3192:	00c6ed63          	bltu	a3,a2,31ac <_printf_i+0x46>
    3196:	22060763          	beqz	a2,33c4 <_printf_i+0x25e>
    319a:	04300693          	li	a3,67
    319e:	0ad60c63          	beq	a2,a3,3256 <_printf_i+0xf0>
    31a2:	04240493          	addi	s1,s0,66
    31a6:	04c40123          	sb	a2,66(s0)
    31aa:	a87d                	j	3268 <_printf_i+0x102>
    31ac:	06300693          	li	a3,99
    31b0:	0ad60363          	beq	a2,a3,3256 <_printf_i+0xf0>
    31b4:	06400693          	li	a3,100
    31b8:	fed615e3          	bne	a2,a3,31a2 <_printf_i+0x3c>
    31bc:	4014                	lw	a3,0(s0)
    31be:	4308                	lw	a0,0(a4)
    31c0:	0806f613          	andi	a2,a3,128
    31c4:	00450593          	addi	a1,a0,4
    31c8:	c255                	beqz	a2,326c <_printf_i+0x106>
    31ca:	4114                	lw	a3,0(a0)
    31cc:	c30c                	sw	a1,0(a4)
    31ce:	0006d863          	bgez	a3,31de <_printf_i+0x78>
    31d2:	02d00713          	li	a4,45
    31d6:	40d006b3          	neg	a3,a3
    31da:	04e401a3          	sb	a4,67(s0)
    31de:	00001617          	auipc	a2,0x1
    31e2:	bbe60613          	addi	a2,a2,-1090 # 3d9c <__clz_tab+0x114>
    31e6:	4729                	li	a4,10
    31e8:	a855                	j	329c <_printf_i+0x136>
    31ea:	07000693          	li	a3,112
    31ee:	16d60b63          	beq	a2,a3,3364 <_printf_i+0x1fe>
    31f2:	02c6e563          	bltu	a3,a2,321c <_printf_i+0xb6>
    31f6:	06e00693          	li	a3,110
    31fa:	1ad60263          	beq	a2,a3,339e <_printf_i+0x238>
    31fe:	06f00693          	li	a3,111
    3202:	fad610e3          	bne	a2,a3,31a2 <_printf_i+0x3c>
    3206:	400c                	lw	a1,0(s0)
    3208:	4314                	lw	a3,0(a4)
    320a:	0805f313          	andi	t1,a1,128
    320e:	00468513          	addi	a0,a3,4
    3212:	06030563          	beqz	t1,327c <_printf_i+0x116>
    3216:	c308                	sw	a0,0(a4)
    3218:	4294                	lw	a3,0(a3)
    321a:	a0b5                	j	3286 <_printf_i+0x120>
    321c:	07500693          	li	a3,117
    3220:	fed603e3          	beq	a2,a3,3206 <_printf_i+0xa0>
    3224:	07800693          	li	a3,120
    3228:	14d60263          	beq	a2,a3,336c <_printf_i+0x206>
    322c:	07300693          	li	a3,115
    3230:	f6d619e3          	bne	a2,a3,31a2 <_printf_i+0x3c>
    3234:	4314                	lw	a3,0(a4)
    3236:	00468613          	addi	a2,a3,4
    323a:	c310                	sw	a2,0(a4)
    323c:	4284                	lw	s1,0(a3)
    323e:	41d0                	lw	a2,4(a1)
    3240:	4581                	li	a1,0
    3242:	8526                	mv	a0,s1
    3244:	2af1                	jal	3420 <memchr>
    3246:	c119                	beqz	a0,324c <_printf_i+0xe6>
    3248:	8d05                	sub	a0,a0,s1
    324a:	c048                	sw	a0,4(s0)
    324c:	4058                	lw	a4,4(s0)
    324e:	c818                	sw	a4,16(s0)
    3250:	040401a3          	sb	zero,67(s0)
    3254:	a85d                	j	330a <_printf_i+0x1a4>
    3256:	4314                	lw	a3,0(a4)
    3258:	04240493          	addi	s1,s0,66
    325c:	00468613          	addi	a2,a3,4
    3260:	c310                	sw	a2,0(a4)
    3262:	4298                	lw	a4,0(a3)
    3264:	04e40123          	sb	a4,66(s0)
    3268:	4705                	li	a4,1
    326a:	b7d5                	j	324e <_printf_i+0xe8>
    326c:	0406f613          	andi	a2,a3,64
    3270:	4114                	lw	a3,0(a0)
    3272:	c30c                	sw	a1,0(a4)
    3274:	de29                	beqz	a2,31ce <_printf_i+0x68>
    3276:	06c2                	slli	a3,a3,0x10
    3278:	86c1                	srai	a3,a3,0x10
    327a:	bf91                	j	31ce <_printf_i+0x68>
    327c:	0405f593          	andi	a1,a1,64
    3280:	c308                	sw	a0,0(a4)
    3282:	d9d9                	beqz	a1,3218 <_printf_i+0xb2>
    3284:	2296                	lhu	a3,0(a3)
    3286:	06f00713          	li	a4,111
    328a:	10e60263          	beq	a2,a4,338e <_printf_i+0x228>
    328e:	00001617          	auipc	a2,0x1
    3292:	b0e60613          	addi	a2,a2,-1266 # 3d9c <__clz_tab+0x114>
    3296:	4729                	li	a4,10
    3298:	040401a3          	sb	zero,67(s0)
    329c:	404c                	lw	a1,4(s0)
    329e:	c40c                	sw	a1,8(s0)
    32a0:	0005c563          	bltz	a1,32aa <_printf_i+0x144>
    32a4:	4008                	lw	a0,0(s0)
    32a6:	996d                	andi	a0,a0,-5
    32a8:	c008                	sw	a0,0(s0)
    32aa:	e299                	bnez	a3,32b0 <_printf_i+0x14a>
    32ac:	8496                	mv	s1,t0
    32ae:	c99d                	beqz	a1,32e4 <_printf_i+0x17e>
    32b0:	8496                	mv	s1,t0
    32b2:	85ba                	mv	a1,a4
    32b4:	8536                	mv	a0,a3
    32b6:	cc16                	sw	t0,24(sp)
    32b8:	ca32                	sw	a2,20(sp)
    32ba:	c83a                	sw	a4,16(sp)
    32bc:	c636                	sw	a3,12(sp)
    32be:	e43fc0ef          	jal	ra,100 <__umodsi3>
    32c2:	4652                	lw	a2,20(sp)
    32c4:	4742                	lw	a4,16(sp)
    32c6:	46b2                	lw	a3,12(sp)
    32c8:	9532                	add	a0,a0,a2
    32ca:	210c                	lbu	a1,0(a0)
    32cc:	14fd                	addi	s1,s1,-1
    32ce:	8536                	mv	a0,a3
    32d0:	a08c                	sb	a1,0(s1)
    32d2:	85ba                	mv	a1,a4
    32d4:	e01fc0ef          	jal	ra,d4 <__udivsi3>
    32d8:	46b2                	lw	a3,12(sp)
    32da:	4742                	lw	a4,16(sp)
    32dc:	4652                	lw	a2,20(sp)
    32de:	42e2                	lw	t0,24(sp)
    32e0:	0ae6fd63          	bgeu	a3,a4,339a <_printf_i+0x234>
    32e4:	46a1                	li	a3,8
    32e6:	00d71e63          	bne	a4,a3,3302 <_printf_i+0x19c>
    32ea:	4018                	lw	a4,0(s0)
    32ec:	8b05                	andi	a4,a4,1
    32ee:	cb11                	beqz	a4,3302 <_printf_i+0x19c>
    32f0:	4054                	lw	a3,4(s0)
    32f2:	4818                	lw	a4,16(s0)
    32f4:	00d74763          	blt	a4,a3,3302 <_printf_i+0x19c>
    32f8:	03000713          	li	a4,48
    32fc:	fee48fa3          	sb	a4,-1(s1)
    3300:	14fd                	addi	s1,s1,-1
    3302:	409282b3          	sub	t0,t0,s1
    3306:	00542823          	sw	t0,16(s0)
    330a:	4722                	lw	a4,8(sp)
    330c:	4692                	lw	a3,4(sp)
    330e:	4502                	lw	a0,0(sp)
    3310:	0870                	addi	a2,sp,28
    3312:	85a2                	mv	a1,s0
    3314:	d27ff0ef          	jal	ra,303a <_printf_common>
    3318:	577d                	li	a4,-1
    331a:	0ae51963          	bne	a0,a4,33cc <_printf_i+0x266>
    331e:	557d                	li	a0,-1
    3320:	50a2                	lw	ra,40(sp)
    3322:	5412                	lw	s0,36(sp)
    3324:	5482                	lw	s1,32(sp)
    3326:	02c10113          	addi	sp,sp,44
    332a:	8082                	ret
    332c:	04c582a3          	sb	a2,69(a1)
    3330:	00001617          	auipc	a2,0x1
    3334:	a6c60613          	addi	a2,a2,-1428 # 3d9c <__clz_tab+0x114>
    3338:	400c                	lw	a1,0(s0)
    333a:	4308                	lw	a0,0(a4)
    333c:	0805f313          	andi	t1,a1,128
    3340:	4114                	lw	a3,0(a0)
    3342:	0511                	addi	a0,a0,4
    3344:	02030d63          	beqz	t1,337e <_printf_i+0x218>
    3348:	c308                	sw	a0,0(a4)
    334a:	0015f713          	andi	a4,a1,1
    334e:	c701                	beqz	a4,3356 <_printf_i+0x1f0>
    3350:	0205e593          	ori	a1,a1,32
    3354:	c00c                	sw	a1,0(s0)
    3356:	4741                	li	a4,16
    3358:	f2a1                	bnez	a3,3298 <_printf_i+0x132>
    335a:	400c                	lw	a1,0(s0)
    335c:	fdf5f593          	andi	a1,a1,-33
    3360:	c00c                	sw	a1,0(s0)
    3362:	bf1d                	j	3298 <_printf_i+0x132>
    3364:	4194                	lw	a3,0(a1)
    3366:	0206e693          	ori	a3,a3,32
    336a:	c194                	sw	a3,0(a1)
    336c:	07800693          	li	a3,120
    3370:	04d402a3          	sb	a3,69(s0)
    3374:	00001617          	auipc	a2,0x1
    3378:	a3c60613          	addi	a2,a2,-1476 # 3db0 <__clz_tab+0x128>
    337c:	bf75                	j	3338 <_printf_i+0x1d2>
    337e:	0405f313          	andi	t1,a1,64
    3382:	c308                	sw	a0,0(a4)
    3384:	fc0303e3          	beqz	t1,334a <_printf_i+0x1e4>
    3388:	06c2                	slli	a3,a3,0x10
    338a:	82c1                	srli	a3,a3,0x10
    338c:	bf7d                	j	334a <_printf_i+0x1e4>
    338e:	00001617          	auipc	a2,0x1
    3392:	a0e60613          	addi	a2,a2,-1522 # 3d9c <__clz_tab+0x114>
    3396:	4721                	li	a4,8
    3398:	b701                	j	3298 <_printf_i+0x132>
    339a:	86aa                	mv	a3,a0
    339c:	bf19                	j	32b2 <_printf_i+0x14c>
    339e:	4190                	lw	a2,0(a1)
    33a0:	4314                	lw	a3,0(a4)
    33a2:	49cc                	lw	a1,20(a1)
    33a4:	08067313          	andi	t1,a2,128
    33a8:	00468513          	addi	a0,a3,4
    33ac:	00030663          	beqz	t1,33b8 <_printf_i+0x252>
    33b0:	c308                	sw	a0,0(a4)
    33b2:	4298                	lw	a4,0(a3)
    33b4:	c30c                	sw	a1,0(a4)
    33b6:	a039                	j	33c4 <_printf_i+0x25e>
    33b8:	c308                	sw	a0,0(a4)
    33ba:	04067613          	andi	a2,a2,64
    33be:	4298                	lw	a4,0(a3)
    33c0:	da75                	beqz	a2,33b4 <_printf_i+0x24e>
    33c2:	a30e                	sh	a1,0(a4)
    33c4:	00042823          	sw	zero,16(s0)
    33c8:	8496                	mv	s1,t0
    33ca:	b781                	j	330a <_printf_i+0x1a4>
    33cc:	4814                	lw	a3,16(s0)
    33ce:	4592                	lw	a1,4(sp)
    33d0:	4502                	lw	a0,0(sp)
    33d2:	47a2                	lw	a5,8(sp)
    33d4:	8626                	mv	a2,s1
    33d6:	9782                	jalr	a5
    33d8:	577d                	li	a4,-1
    33da:	f4e502e3          	beq	a0,a4,331e <_printf_i+0x1b8>
    33de:	4018                	lw	a4,0(s0)
    33e0:	8b09                	andi	a4,a4,2
    33e2:	eb1d                	bnez	a4,3418 <_printf_i+0x2b2>
    33e4:	4772                	lw	a4,28(sp)
    33e6:	4448                	lw	a0,12(s0)
    33e8:	f2e55ce3          	bge	a0,a4,3320 <_printf_i+0x1ba>
    33ec:	853a                	mv	a0,a4
    33ee:	bf0d                	j	3320 <_printf_i+0x1ba>
    33f0:	4592                	lw	a1,4(sp)
    33f2:	4502                	lw	a0,0(sp)
    33f4:	47a2                	lw	a5,8(sp)
    33f6:	4685                	li	a3,1
    33f8:	861a                	mv	a2,t1
    33fa:	c83a                	sw	a4,16(sp)
    33fc:	c61a                	sw	t1,12(sp)
    33fe:	9782                	jalr	a5
    3400:	56fd                	li	a3,-1
    3402:	f0d50ee3          	beq	a0,a3,331e <_printf_i+0x1b8>
    3406:	4742                	lw	a4,16(sp)
    3408:	4332                	lw	t1,12(sp)
    340a:	0705                	addi	a4,a4,1
    340c:	4454                	lw	a3,12(s0)
    340e:	4672                	lw	a2,28(sp)
    3410:	8e91                	sub	a3,a3,a2
    3412:	fcd74fe3          	blt	a4,a3,33f0 <_printf_i+0x28a>
    3416:	b7f9                	j	33e4 <_printf_i+0x27e>
    3418:	4701                	li	a4,0
    341a:	01940313          	addi	t1,s0,25
    341e:	b7fd                	j	340c <_printf_i+0x2a6>

00003420 <memchr>:
    3420:	0ff5f593          	andi	a1,a1,255
    3424:	962a                	add	a2,a2,a0
    3426:	00c51463          	bne	a0,a2,342e <memchr+0xe>
    342a:	4501                	li	a0,0
    342c:	8082                	ret
    342e:	211c                	lbu	a5,0(a0)
    3430:	feb78ee3          	beq	a5,a1,342c <memchr+0xc>
    3434:	0505                	addi	a0,a0,1
    3436:	bfc5                	j	3426 <memchr+0x6>

00003438 <memcpy>:
    3438:	00a5c7b3          	xor	a5,a1,a0
    343c:	8b8d                	andi	a5,a5,3
    343e:	00c50733          	add	a4,a0,a2
    3442:	e781                	bnez	a5,344a <memcpy+0x12>
    3444:	478d                	li	a5,3
    3446:	02c7e763          	bltu	a5,a2,3474 <memcpy+0x3c>
    344a:	87aa                	mv	a5,a0
    344c:	0ae57e63          	bgeu	a0,a4,3508 <memcpy+0xd0>
    3450:	2194                	lbu	a3,0(a1)
    3452:	0785                	addi	a5,a5,1
    3454:	0585                	addi	a1,a1,1
    3456:	fed78fa3          	sb	a3,-1(a5)
    345a:	fee7ebe3          	bltu	a5,a4,3450 <memcpy+0x18>
    345e:	8082                	ret
    3460:	2194                	lbu	a3,0(a1)
    3462:	0785                	addi	a5,a5,1
    3464:	0585                	addi	a1,a1,1
    3466:	fed78fa3          	sb	a3,-1(a5)
    346a:	fee7ebe3          	bltu	a5,a4,3460 <memcpy+0x28>
    346e:	4402                	lw	s0,0(sp)
    3470:	0111                	addi	sp,sp,4
    3472:	8082                	ret
    3474:	00357693          	andi	a3,a0,3
    3478:	87aa                	mv	a5,a0
    347a:	ca89                	beqz	a3,348c <memcpy+0x54>
    347c:	2194                	lbu	a3,0(a1)
    347e:	0785                	addi	a5,a5,1
    3480:	0585                	addi	a1,a1,1
    3482:	fed78fa3          	sb	a3,-1(a5)
    3486:	0037f693          	andi	a3,a5,3
    348a:	bfc5                	j	347a <memcpy+0x42>
    348c:	ffc77693          	andi	a3,a4,-4
    3490:	fe068613          	addi	a2,a3,-32
    3494:	06c7f563          	bgeu	a5,a2,34fe <memcpy+0xc6>
    3498:	1171                	addi	sp,sp,-4
    349a:	c022                	sw	s0,0(sp)
    349c:	49c0                	lw	s0,20(a1)
    349e:	0005a303          	lw	t1,0(a1)
    34a2:	0085a383          	lw	t2,8(a1)
    34a6:	cbc0                	sw	s0,20(a5)
    34a8:	4d80                	lw	s0,24(a1)
    34aa:	0067a023          	sw	t1,0(a5)
    34ae:	0045a303          	lw	t1,4(a1)
    34b2:	cf80                	sw	s0,24(a5)
    34b4:	4dc0                	lw	s0,28(a1)
    34b6:	0067a223          	sw	t1,4(a5)
    34ba:	00c5a283          	lw	t0,12(a1)
    34be:	0105a303          	lw	t1,16(a1)
    34c2:	02458593          	addi	a1,a1,36
    34c6:	cfc0                	sw	s0,28(a5)
    34c8:	ffc5a403          	lw	s0,-4(a1)
    34cc:	0077a423          	sw	t2,8(a5)
    34d0:	0057a623          	sw	t0,12(a5)
    34d4:	0067a823          	sw	t1,16(a5)
    34d8:	02478793          	addi	a5,a5,36
    34dc:	fe87ae23          	sw	s0,-4(a5)
    34e0:	fac7eee3          	bltu	a5,a2,349c <memcpy+0x64>
    34e4:	f8d7f3e3          	bgeu	a5,a3,346a <memcpy+0x32>
    34e8:	4190                	lw	a2,0(a1)
    34ea:	0791                	addi	a5,a5,4
    34ec:	0591                	addi	a1,a1,4
    34ee:	fec7ae23          	sw	a2,-4(a5)
    34f2:	bfcd                	j	34e4 <memcpy+0xac>
    34f4:	4190                	lw	a2,0(a1)
    34f6:	0791                	addi	a5,a5,4
    34f8:	0591                	addi	a1,a1,4
    34fa:	fec7ae23          	sw	a2,-4(a5)
    34fe:	fed7ebe3          	bltu	a5,a3,34f4 <memcpy+0xbc>
    3502:	f4e7e7e3          	bltu	a5,a4,3450 <memcpy+0x18>
    3506:	8082                	ret
    3508:	8082                	ret

0000350a <memmove>:
    350a:	04a5f163          	bgeu	a1,a0,354c <memmove+0x42>
    350e:	00c586b3          	add	a3,a1,a2
    3512:	02d57d63          	bgeu	a0,a3,354c <memmove+0x42>
    3516:	fff64593          	not	a1,a2
    351a:	4781                	li	a5,0
    351c:	17fd                	addi	a5,a5,-1
    351e:	00f59363          	bne	a1,a5,3524 <memmove+0x1a>
    3522:	8082                	ret
    3524:	00f68733          	add	a4,a3,a5
    3528:	00074303          	lbu	t1,0(a4)
    352c:	00c78733          	add	a4,a5,a2
    3530:	972a                	add	a4,a4,a0
    3532:	00670023          	sb	t1,0(a4)
    3536:	b7dd                	j	351c <memmove+0x12>
    3538:	00f58733          	add	a4,a1,a5
    353c:	2314                	lbu	a3,0(a4)
    353e:	00f50733          	add	a4,a0,a5
    3542:	0785                	addi	a5,a5,1
    3544:	a314                	sb	a3,0(a4)
    3546:	fef619e3          	bne	a2,a5,3538 <memmove+0x2e>
    354a:	8082                	ret
    354c:	4781                	li	a5,0
    354e:	bfe5                	j	3546 <memmove+0x3c>

00003550 <_free_r>:
    3550:	c5cd                	beqz	a1,35fa <_free_r+0xaa>
    3552:	ffc5a783          	lw	a5,-4(a1)
    3556:	1151                	addi	sp,sp,-12
    3558:	c222                	sw	s0,4(sp)
    355a:	c406                	sw	ra,8(sp)
    355c:	c026                	sw	s1,0(sp)
    355e:	ffc58413          	addi	s0,a1,-4
    3562:	0007d363          	bgez	a5,3568 <_free_r+0x18>
    3566:	943e                	add	s0,s0,a5
    3568:	84aa                	mv	s1,a0
    356a:	22e5                	jal	3752 <__malloc_lock>
    356c:	1fffd797          	auipc	a5,0x1fffd
    3570:	b6478793          	addi	a5,a5,-1180 # 200000d0 <_edata>
    3574:	439c                	lw	a5,0(a5)
    3576:	ef89                	bnez	a5,3590 <_free_r+0x40>
    3578:	00042223          	sw	zero,4(s0)
    357c:	1fffd797          	auipc	a5,0x1fffd
    3580:	b487aa23          	sw	s0,-1196(a5) # 200000d0 <_edata>
    3584:	4412                	lw	s0,4(sp)
    3586:	40a2                	lw	ra,8(sp)
    3588:	8526                	mv	a0,s1
    358a:	4482                	lw	s1,0(sp)
    358c:	0131                	addi	sp,sp,12
    358e:	a2d9                	j	3754 <__malloc_unlock>
    3590:	00f47e63          	bgeu	s0,a5,35ac <_free_r+0x5c>
    3594:	4014                	lw	a3,0(s0)
    3596:	00d40733          	add	a4,s0,a3
    359a:	00e79663          	bne	a5,a4,35a6 <_free_r+0x56>
    359e:	4398                	lw	a4,0(a5)
    35a0:	43dc                	lw	a5,4(a5)
    35a2:	9736                	add	a4,a4,a3
    35a4:	c018                	sw	a4,0(s0)
    35a6:	c05c                	sw	a5,4(s0)
    35a8:	bfd1                	j	357c <_free_r+0x2c>
    35aa:	87ba                	mv	a5,a4
    35ac:	43d8                	lw	a4,4(a5)
    35ae:	c319                	beqz	a4,35b4 <_free_r+0x64>
    35b0:	fee47de3          	bgeu	s0,a4,35aa <_free_r+0x5a>
    35b4:	4394                	lw	a3,0(a5)
    35b6:	00d78633          	add	a2,a5,a3
    35ba:	00861f63          	bne	a2,s0,35d8 <_free_r+0x88>
    35be:	4010                	lw	a2,0(s0)
    35c0:	96b2                	add	a3,a3,a2
    35c2:	c394                	sw	a3,0(a5)
    35c4:	00d78633          	add	a2,a5,a3
    35c8:	fac71ee3          	bne	a4,a2,3584 <_free_r+0x34>
    35cc:	4310                	lw	a2,0(a4)
    35ce:	4358                	lw	a4,4(a4)
    35d0:	96b2                	add	a3,a3,a2
    35d2:	c394                	sw	a3,0(a5)
    35d4:	c3d8                	sw	a4,4(a5)
    35d6:	b77d                	j	3584 <_free_r+0x34>
    35d8:	00c47563          	bgeu	s0,a2,35e2 <_free_r+0x92>
    35dc:	47b1                	li	a5,12
    35de:	c09c                	sw	a5,0(s1)
    35e0:	b755                	j	3584 <_free_r+0x34>
    35e2:	4010                	lw	a2,0(s0)
    35e4:	00c406b3          	add	a3,s0,a2
    35e8:	00d71663          	bne	a4,a3,35f4 <_free_r+0xa4>
    35ec:	4314                	lw	a3,0(a4)
    35ee:	4358                	lw	a4,4(a4)
    35f0:	96b2                	add	a3,a3,a2
    35f2:	c014                	sw	a3,0(s0)
    35f4:	c058                	sw	a4,4(s0)
    35f6:	c3c0                	sw	s0,4(a5)
    35f8:	b771                	j	3584 <_free_r+0x34>
    35fa:	8082                	ret

000035fc <_malloc_r>:
    35fc:	1141                	addi	sp,sp,-16
    35fe:	c226                	sw	s1,4(sp)
    3600:	00358493          	addi	s1,a1,3
    3604:	98f1                	andi	s1,s1,-4
    3606:	c606                	sw	ra,12(sp)
    3608:	c422                	sw	s0,8(sp)
    360a:	04a1                	addi	s1,s1,8
    360c:	47b1                	li	a5,12
    360e:	04f4f563          	bgeu	s1,a5,3658 <_malloc_r+0x5c>
    3612:	44b1                	li	s1,12
    3614:	04b4e463          	bltu	s1,a1,365c <_malloc_r+0x60>
    3618:	c02a                	sw	a0,0(sp)
    361a:	2a25                	jal	3752 <__malloc_lock>
    361c:	80818713          	addi	a4,gp,-2040 # 200000d0 <_edata>
    3620:	4314                	lw	a3,0(a4)
    3622:	4782                	lw	a5,0(sp)
    3624:	8436                	mv	s0,a3
    3626:	e039                	bnez	s0,366c <_malloc_r+0x70>
    3628:	80c18713          	addi	a4,gp,-2036 # 200000d4 <__malloc_sbrk_start>
    362c:	4318                	lw	a4,0(a4)
    362e:	eb01                	bnez	a4,363e <_malloc_r+0x42>
    3630:	853e                	mv	a0,a5
    3632:	4581                	li	a1,0
    3634:	c03e                	sw	a5,0(sp)
    3636:	28cd                	jal	3728 <_sbrk_r>
    3638:	80a1a623          	sw	a0,-2036(gp) # 200000d4 <__malloc_sbrk_start>
    363c:	4782                	lw	a5,0(sp)
    363e:	853e                	mv	a0,a5
    3640:	85a6                	mv	a1,s1
    3642:	c03e                	sw	a5,0(sp)
    3644:	20d5                	jal	3728 <_sbrk_r>
    3646:	577d                	li	a4,-1
    3648:	4782                	lw	a5,0(sp)
    364a:	06e51463          	bne	a0,a4,36b2 <_malloc_r+0xb6>
    364e:	4731                	li	a4,12
    3650:	c398                	sw	a4,0(a5)
    3652:	853e                	mv	a0,a5
    3654:	2201                	jal	3754 <__malloc_unlock>
    3656:	a029                	j	3660 <_malloc_r+0x64>
    3658:	fa04dee3          	bgez	s1,3614 <_malloc_r+0x18>
    365c:	47b1                	li	a5,12
    365e:	c11c                	sw	a5,0(a0)
    3660:	4501                	li	a0,0
    3662:	40b2                	lw	ra,12(sp)
    3664:	4422                	lw	s0,8(sp)
    3666:	4492                	lw	s1,4(sp)
    3668:	0141                	addi	sp,sp,16
    366a:	8082                	ret
    366c:	4018                	lw	a4,0(s0)
    366e:	8f05                	sub	a4,a4,s1
    3670:	02074e63          	bltz	a4,36ac <_malloc_r+0xb0>
    3674:	462d                	li	a2,11
    3676:	00e67663          	bgeu	a2,a4,3682 <_malloc_r+0x86>
    367a:	c018                	sw	a4,0(s0)
    367c:	943a                	add	s0,s0,a4
    367e:	c004                	sw	s1,0(s0)
    3680:	a031                	j	368c <_malloc_r+0x90>
    3682:	4058                	lw	a4,4(s0)
    3684:	02869263          	bne	a3,s0,36a8 <_malloc_r+0xac>
    3688:	80e1a423          	sw	a4,-2040(gp) # 200000d0 <_edata>
    368c:	853e                	mv	a0,a5
    368e:	20d9                	jal	3754 <__malloc_unlock>
    3690:	00b40513          	addi	a0,s0,11
    3694:	00440713          	addi	a4,s0,4
    3698:	9961                	andi	a0,a0,-8
    369a:	40e507b3          	sub	a5,a0,a4
    369e:	d3f1                	beqz	a5,3662 <_malloc_r+0x66>
    36a0:	943e                	add	s0,s0,a5
    36a2:	8f09                	sub	a4,a4,a0
    36a4:	c018                	sw	a4,0(s0)
    36a6:	bf75                	j	3662 <_malloc_r+0x66>
    36a8:	c2d8                	sw	a4,4(a3)
    36aa:	b7cd                	j	368c <_malloc_r+0x90>
    36ac:	86a2                	mv	a3,s0
    36ae:	4040                	lw	s0,4(s0)
    36b0:	bf9d                	j	3626 <_malloc_r+0x2a>
    36b2:	00350413          	addi	s0,a0,3
    36b6:	9871                	andi	s0,s0,-4
    36b8:	fc8503e3          	beq	a0,s0,367e <_malloc_r+0x82>
    36bc:	40a405b3          	sub	a1,s0,a0
    36c0:	853e                	mv	a0,a5
    36c2:	c03e                	sw	a5,0(sp)
    36c4:	2095                	jal	3728 <_sbrk_r>
    36c6:	577d                	li	a4,-1
    36c8:	4782                	lw	a5,0(sp)
    36ca:	fae51ae3          	bne	a0,a4,367e <_malloc_r+0x82>
    36ce:	b741                	j	364e <_malloc_r+0x52>

000036d0 <_realloc_r>:
    36d0:	e581                	bnez	a1,36d8 <_realloc_r+0x8>
    36d2:	85b2                	mv	a1,a2
    36d4:	f29ff06f          	j	35fc <_malloc_r>
    36d8:	1131                	addi	sp,sp,-20
    36da:	c806                	sw	ra,16(sp)
    36dc:	c622                	sw	s0,12(sp)
    36de:	c426                	sw	s1,8(sp)
    36e0:	ea11                	bnez	a2,36f4 <_realloc_r+0x24>
    36e2:	e6fff0ef          	jal	ra,3550 <_free_r>
    36e6:	4781                	li	a5,0
    36e8:	40c2                	lw	ra,16(sp)
    36ea:	4432                	lw	s0,12(sp)
    36ec:	44a2                	lw	s1,8(sp)
    36ee:	853e                	mv	a0,a5
    36f0:	0151                	addi	sp,sp,20
    36f2:	8082                	ret
    36f4:	842e                	mv	s0,a1
    36f6:	c032                	sw	a2,0(sp)
    36f8:	84aa                	mv	s1,a0
    36fa:	28b1                	jal	3756 <_malloc_usable_size_r>
    36fc:	4602                	lw	a2,0(sp)
    36fe:	87a2                	mv	a5,s0
    3700:	fec574e3          	bgeu	a0,a2,36e8 <_realloc_r+0x18>
    3704:	85b2                	mv	a1,a2
    3706:	8526                	mv	a0,s1
    3708:	c232                	sw	a2,4(sp)
    370a:	ef3ff0ef          	jal	ra,35fc <_malloc_r>
    370e:	87aa                	mv	a5,a0
    3710:	dd61                	beqz	a0,36e8 <_realloc_r+0x18>
    3712:	4612                	lw	a2,4(sp)
    3714:	85a2                	mv	a1,s0
    3716:	c02a                	sw	a0,0(sp)
    3718:	d21ff0ef          	jal	ra,3438 <memcpy>
    371c:	85a2                	mv	a1,s0
    371e:	8526                	mv	a0,s1
    3720:	e31ff0ef          	jal	ra,3550 <_free_r>
    3724:	4782                	lw	a5,0(sp)
    3726:	b7c9                	j	36e8 <_realloc_r+0x18>

00003728 <_sbrk_r>:
    3728:	1151                	addi	sp,sp,-12
    372a:	c222                	sw	s0,4(sp)
    372c:	842a                	mv	s0,a0
    372e:	852e                	mv	a0,a1
    3730:	ce01a023          	sw	zero,-800(gp) # 200005a8 <errno>
    3734:	c406                	sw	ra,8(sp)
    3736:	ed4fe0ef          	jal	ra,1e0a <_sbrk>
    373a:	57fd                	li	a5,-1
    373c:	00f51763          	bne	a0,a5,374a <_sbrk_r+0x22>
    3740:	ce018793          	addi	a5,gp,-800 # 200005a8 <errno>
    3744:	439c                	lw	a5,0(a5)
    3746:	c391                	beqz	a5,374a <_sbrk_r+0x22>
    3748:	c01c                	sw	a5,0(s0)
    374a:	40a2                	lw	ra,8(sp)
    374c:	4412                	lw	s0,4(sp)
    374e:	0131                	addi	sp,sp,12
    3750:	8082                	ret

00003752 <__malloc_lock>:
    3752:	8082                	ret

00003754 <__malloc_unlock>:
    3754:	8082                	ret

00003756 <_malloc_usable_size_r>:
    3756:	ffc5a783          	lw	a5,-4(a1)
    375a:	ffc78513          	addi	a0,a5,-4
    375e:	0007d563          	bgez	a5,3768 <_malloc_usable_size_r+0x12>
    3762:	95aa                	add	a1,a1,a0
    3764:	419c                	lw	a5,0(a1)
    3766:	953e                	add	a0,a0,a5
    3768:	8082                	ret
    376a:	0000                	unimp
    376c:	0000                	unimp
    376e:	40a5                	li	ra,9
    3770:	8000                	lbu	s0,0(sp)
    3772:	4009                	c.li	zero,2
    3774:	0000                	unimp
    3776:	42c8                	lw	a0,4(a3)
    3778:	0000                	unimp
    377a:	4120                	lw	s0,64(a0)
    377c:	3425                	jal	31a4 <_printf_i+0x3e>
    377e:	2064                	lbu	s1,6(s0)
    3780:	0000                	unimp
    3782:	0000                	unimp
    3784:	000d                	c.nop	3
	...

00003788 <ntc_adc_table>:
    3788:	0387 ff38 0346 ff9c 02f4 0000 0295 0064     ..8.F.........d.
    3798:	0231 00c8 01d0 012c 0178 0190 012c 01f4     1.....,.x...,...
    37a8:	00ee 0258 00bc 02bc 0095 0320 0077 0384     ..X....... .w...
    37b8:	005f 03e8 05e2 0000 0608 0000 062a 0000     _...........*...
    37c8:	065a 0000 0678 0000                         Z...x...

000037d0 <OLED_F8x16>:
	...
    37e0:	0000 f800 0000 0000 0000 3300 0030 0000     ...........30...
    37f0:	1600 000e 0e16 0000 0000 0000 0000 0000     ................
    3800:	c040 4078 78c0 0040 3f04 0404 043f 0004     @.x@.x@..?..?...
    3810:	7000 fc88 3008 0000 1800 ff20 1e21 0000     .p...0.... .!...
    3820:	08f0 00f0 18e0 0000 2100 031c 211e 001e     .........!...!..
    3830:	f000 8808 0070 0000 211e 2423 2719 1021     ....p....!#$.'!.
    3840:	0000 1600 000e 0000 0000 0000 0000 0000     ................
    3850:	0000 e000 0418 0002 0000 0700 2018 0040     ............. @.
    3860:	0200 1804 00e0 0000 4000 1820 0007 0000     .........@ .....
    3870:	4040 f080 4080 0040 0202 0f01 0201 0002     @@...@@.........
    3880:	0000 f000 0000 0000 0101 1f01 0101 0001     ................
	...
    3898:	b000 0070 0000 0000 0000 0000 0000 0000     ..p.............
    38a8:	0100 0101 0101 0101 0000 0000 0000 0000     ................
    38b8:	3000 0030 0000 0000 0000 0000 6080 0418     .00..........`..
    38c8:	6000 0618 0001 0000 e000 0810 1008 00e0     .`..............
    38d8:	0f00 2010 1020 000f 1000 f810 0000 0000     ...  ...........
    38e8:	2000 3f20 2020 0000 7000 0808 8808 0070     .  ?  ...p....p.
    38f8:	3000 2428 2122 0030 3000 8808 4888 0030     .0($"!0..0...H0.
    3908:	1800 2020 1120 000e 0000 20c0 f810 0000     ..   ...... ....
    3918:	0700 2404 3f24 0024 f800 8808 0888 0008     ...$$?$.........
    3928:	1900 2021 1120 000e e000 8810 1888 0000     ..!  ...........
    3938:	0f00 2011 1120 000e 3800 0808 38c8 0008     ...  ....8...8..
    3948:	0000 3f00 0000 0000 7000 0888 8808 0070     ...?.....p....p.
    3958:	1c00 2122 2221 001c e000 0810 1008 00e0     .."!!"..........
    3968:	0000 2231 1122 000f 0000 c000 00c0 0000     ..1""...........
    3978:	0000 3000 0030 0000 0000 c000 00c0 0000     ...00...........
    3988:	0000 b080 0070 0000 0000 4080 1020 0008     ....p......@ ...
    3998:	0100 0402 1008 0020 4040 4040 4040 0040     ...... .@@@@@@@.
    39a8:	0404 0404 0404 0004 0800 2010 8040 0000     ........... @...
    39b8:	2000 0810 0204 0001 7000 0848 0808 00f0     . .......pH.....
    39c8:	0000 3000 0136 0000 30c0 28c8 10e8 00e0     ...06....0.(....
    39d8:	1807 2427 1423 000b 0000 38c0 00e0 0000     ..'$#......8....
    39e8:	3c20 0223 2702 2038 f808 8888 7088 0000      <#..'8 .....p..
    39f8:	3f20 2020 1120 000e 30c0 0808 0808 0038      ?   ....0....8.
    3a08:	1807 2020 1020 0008 f808 0808 1008 00e0     ..   ...........
    3a18:	3f20 2020 1020 000f f808 8888 08e8 0010      ?   ...........
    3a28:	3f20 2020 2023 0018 f808 8888 08e8 0010      ?  # ..........
    3a38:	3f20 0020 0003 0000 30c0 0808 3808 0000      ? ......0...8..
    3a48:	1807 2020 1e22 0002 f808 0008 0800 08f8     ..  "...........
    3a58:	3f20 0121 2101 203f 0800 f808 0808 0000      ?!..!? ........
    3a68:	2000 3f20 2020 0000 0000 0808 08f8 0008     .  ?  ..........
    3a78:	80c0 8080 007f 0000 f808 c088 1828 0008     ............(...
    3a88:	3f20 0120 3826 0020 f808 0008 0000 0000      ? .&8 .........
    3a98:	3f20 2020 2020 0030 f808 00f8 f8f8 0008      ?    0.........
    3aa8:	3f20 3f00 3f00 0020 f808 c030 0800 08f8      ?.?.? ...0.....
    3ab8:	3f20 0020 1807 003f 10e0 0808 1008 00e0      ? ...?.........
    3ac8:	100f 2020 1020 000f f808 0808 0808 00f0     ..   ...........
    3ad8:	3f20 0121 0101 0000 10e0 0808 1008 00e0      ?!.............
    3ae8:	180f 2424 5038 004f f808 8888 8888 0070     ..$$8PO.......p.
    3af8:	3f20 0020 0c03 2030 7000 0888 0808 0038      ? ...0 .p....8.
    3b08:	3800 2120 2221 001c 0818 f808 0808 0018     .8 !!"..........
    3b18:	0000 3f20 0020 0000 f808 0008 0800 08f8     .. ? ...........
    3b28:	1f00 2020 2020 001f 7808 0088 c800 0838     ..    ...x....8.
    3b38:	0000 3807 010e 0000 08f8 f800 0800 00f8     ...8............
    3b48:	3c03 0007 3c07 0003 1808 8068 6880 0818     .<...<....h..h..
    3b58:	3020 032c 2c03 2030 3808 00c8 38c8 0008      0,..,0 .8...8..
    3b68:	0000 3f20 0020 0000 0810 0808 38c8 0008     .. ? ........8..
    3b78:	3820 2126 2020 0018 0000 fe00 0202 0002      8&!  ..........
	...
    3b90:	4000 469c 3225 2e64 3125 0064 3325 2e64     .@.F%2d.%1d.%3d.
    3ba0:	3225 0064 2020 4e49 2020 4f20 5455 0000     %2d.  IN   OUT..
    3bb0:	0056 0000 0041 0000 2f4e 0041 0057 0000     V...A...N/A.W...
    3bc0:	6e28 6c75 296c 0000 ea38 ffff e94a ffff     (null)..8...J...
    3bd0:	ea32 ffff e952 ffff ea32 ffff e924 ffff     2...R...2...$...
    3be0:	ea32 ffff e952 ffff e94a ffff e94a ffff     2...R...J...J...
    3bf0:	e924 ffff e952 ffff e958 ffff e958 ffff     $...R...X...X...
    3c00:	e958 ffff e924 ffff e90a ffff e90a ffff     X...$...........
    3c10:	e9f2 ffff eb2c ffff e9f2 ffff e8e4 ffff     ....,...........
    3c20:	e9f2 ffff eb2c ffff e90a ffff e90a ffff     ....,...........
    3c30:	e8e4 ffff eb2c ffff e918 ffff e918 ffff     ....,...........
    3c40:	e918 ffff e8e4 ffff ec80 ffff ebc4 ffff     ................
    3c50:	ebc4 ffff ebc2 ffff ebc8 ffff ebc8 ffff     ................
    3c60:	eba0 ffff ebc2 ffff ebc8 ffff eba0 ffff     ................
    3c70:	ebc8 ffff ebc2 ffff ec6e ffff ec6e ffff     ........n...n...
    3c80:	ec6e ffff eba0 ffff                         n.......

00003c88 <__clz_tab>:
    3c88:	0100 0202 0303 0303 0404 0404 0404 0404     ................
    3c98:	0505 0505 0505 0505 0505 0505 0505 0505     ................
    3ca8:	0606 0606 0606 0606 0606 0606 0606 0606     ................
    3cb8:	0606 0606 0606 0606 0606 0606 0606 0606     ................
    3cc8:	0707 0707 0707 0707 0707 0707 0707 0707     ................
    3cd8:	0707 0707 0707 0707 0707 0707 0707 0707     ................
    3ce8:	0707 0707 0707 0707 0707 0707 0707 0707     ................
    3cf8:	0707 0707 0707 0707 0707 0707 0707 0707     ................
    3d08:	0808 0808 0808 0808 0808 0808 0808 0808     ................
    3d18:	0808 0808 0808 0808 0808 0808 0808 0808     ................
    3d28:	0808 0808 0808 0808 0808 0808 0808 0808     ................
    3d38:	0808 0808 0808 0808 0808 0808 0808 0808     ................
    3d48:	0808 0808 0808 0808 0808 0808 0808 0808     ................
    3d58:	0808 0808 0808 0808 0808 0808 0808 0808     ................
    3d68:	0808 0808 0808 0808 0808 0808 0808 0808     ................
    3d78:	0808 0808 0808 0808 0808 0808 0808 0808     ................
    3d88:	2d23 2b30 0020 0000 6c68 004c 6665 4567     #-0+ ...hlL.efgE
    3d98:	4746 0000 3130 3332 3534 3736 3938 4241     FG..0123456789AB
    3da8:	4443 4645 0000 0000 3130 3332 3534 3736     CDEF....01234567
    3db8:	3938 6261 6463 6665 0000 0000               89abcdef....
